account_id,system,employee_id,account_type,created_on,enabled,disabled_on,last_logon
ad.e0001,AD,E0001,personal,2012-11-16,True,,2026-06-29
erp.e0001,ERP,E0001,personal,2012-11-16,True,,2026-06-29
ad.e0002,AD,E0002,personal,2015-08-31,True,,2026-06-25
erp.e0002,ERP,E0002,personal,2015-08-30,True,,2026-06-25
ad.e0003,AD,E0003,personal,2014-12-15,True,,2026-06-22
erp.e0003,ERP,E0003,personal,2014-12-14,True,,2026-06-28
ad.e0004,AD,E0004,personal,2020-03-30,True,,2026-06-30
erp.e0004,ERP,E0004,personal,2020-03-29,True,,2026-06-30
ad.e0005,AD,E0005,personal,2013-07-01,False,2026-03-24,2026-02-12
erp.e0005,ERP,E0005,personal,2013-07-03,False,2026-03-24,2026-02-14
ad.e0006,AD,E0006,personal,2018-07-27,True,,2026-06-22
erp.e0006,ERP,E0006,personal,2018-07-28,True,,2026-06-30
ad.e0007,AD,E0007,personal,2025-03-09,True,,2026-06-27
erp.e0007,ERP,E0007,personal,2025-03-09,True,,2026-06-30
ad.e0008,AD,E0008,personal,2017-04-24,True,,2026-06-28
erp.e0008,ERP,E0008,personal,2017-04-25,True,,2026-06-22
ad.e0009,AD,E0009,personal,2014-05-31,True,,2026-06-29
erp.e0009,ERP,E0009,personal,2014-05-31,True,,2026-06-30
ad.e0010,AD,E0010,personal,2014-02-05,True,,2026-06-27
erp.e0010,ERP,E0010,personal,2014-02-05,True,,2026-06-30
ad.e0011,AD,E0011,personal,2016-06-12,True,,2026-06-30
erp.e0011,ERP,E0011,personal,2016-06-10,True,,2026-06-30
ad.e0012,AD,E0012,personal,2022-08-21,False,2025-04-18,2025-04-14
erp.e0012,ERP,E0012,personal,2022-08-22,False,2025-04-21,2025-04-16
ad.e0013,AD,E0013,personal,2014-08-19,True,,2026-06-25
erp.e0013,ERP,E0013,personal,2014-08-19,True,,2026-06-27
ad.e0014,AD,E0014,personal,2024-11-09,True,,2026-06-29
erp.e0014,ERP,E0014,personal,2024-11-09,True,,2026-06-30
ad.e0015,AD,E0015,personal,2021-01-01,True,,2026-06-28
erp.e0015,ERP,E0015,personal,2020-12-31,True,,2026-06-22
ad.e0016,AD,E0016,personal,2024-02-19,True,,2026-06-29
erp.e0016,ERP,E0016,personal,2024-02-20,True,,2026-06-22
ad.e0017,AD,E0017,personal,2015-02-18,True,,2026-06-29
erp.e0017,ERP,E0017,personal,2015-02-18,True,,2026-06-16
ad.e0018,AD,E0018,personal,2022-10-02,True,,2026-06-16
erp.e0018,ERP,E0018,personal,2022-10-04,True,,2026-06-30
ad.e0019,AD,E0019,personal,2014-09-26,True,,2026-06-28
erp.e0019,ERP,E0019,personal,2014-09-28,True,,2026-06-30
ad.e0020,AD,E0020,personal,2018-06-10,False,2025-07-22,2025-07-19
erp.e0020,ERP,E0020,personal,2018-06-10,False,2025-07-21,2025-07-20
ad.e0021,AD,E0021,personal,2017-10-01,False,2020-01-28,2020-01-25
erp.e0021,ERP,E0021,personal,2017-09-30,False,2020-01-28,2020-01-27
ad.e0022,AD,E0022,personal,2024-09-06,True,,2026-06-29
erp.e0022,ERP,E0022,personal,2024-09-05,True,,2026-06-29
ad.e0023,AD,E0023,personal,2018-10-13,False,2022-03-02,2022-02-27
erp.e0023,ERP,E0023,personal,2018-10-12,False,2022-03-02,2022-03-02
ad.e0024,AD,E0024,personal,2024-07-20,True,,2026-06-30
erp.e0024,ERP,E0024,personal,2024-07-22,True,,2026-06-28
ad.e0025,AD,E0025,personal,2020-06-12,True,,2026-06-29
erp.e0025,ERP,E0025,personal,2020-06-10,True,,2026-06-28
ad.e0026,AD,E0026,personal,2012-08-26,False,2020-08-18,2020-08-16
erp.e0026,ERP,E0026,personal,2012-08-26,False,2020-08-19,2020-08-16
ad.e0027,AD,E0027,personal,2018-11-19,True,,2026-06-27
erp.e0027,ERP,E0027,personal,2018-11-19,True,,2026-06-29
ad.e0028,AD,E0028,personal,2015-04-29,True,,2026-06-30
erp.e0028,ERP,E0028,personal,2015-04-30,True,,2026-06-30
ad.e0029,AD,E0029,personal,2012-05-14,True,,2026-06-30
erp.e0029,ERP,E0029,personal,2012-05-14,True,,2026-06-16
ad.e0030,AD,E0030,personal,2014-08-20,True,,2026-06-30
erp.e0030,ERP,E0030,personal,2014-08-20,True,,2026-06-29
ad.e0031,AD,E0031,personal,2024-09-15,True,,2026-06-16
erp.e0031,ERP,E0031,personal,2024-09-17,True,,2026-06-16
ad.e0032,AD,E0032,personal,2020-12-27,True,,2026-06-29
erp.e0032,ERP,E0032,personal,2020-12-27,True,,2026-06-30
ad.e0033,AD,E0033,personal,2020-03-18,True,,2026-06-25
erp.e0033,ERP,E0033,personal,2020-03-18,True,,2026-06-25
ad.e0034,AD,E0034,personal,2024-06-10,True,,2026-06-28
erp.e0034,ERP,E0034,personal,2024-06-08,True,,2026-06-29
ad.e0035,AD,E0035,personal,2018-09-10,True,,2026-06-29
erp.e0035,ERP,E0035,personal,2018-09-09,True,,2026-06-28
ad.e0036,AD,E0036,personal,2012-12-06,True,,2026-06-30
erp.e0036,ERP,E0036,personal,2012-12-06,True,,2026-06-28
ad.e0037,AD,E0037,personal,2012-10-25,False,2020-12-15,2020-12-15
erp.e0037,ERP,E0037,personal,2012-10-24,False,2020-12-16,2020-12-11
ad.e0038,AD,E0038,personal,2015-09-09,True,,2026-06-29
erp.e0038,ERP,E0038,personal,2015-09-08,True,,2026-06-29
ad.e0039,AD,E0039,personal,2024-05-18,True,,2026-06-30
erp.e0039,ERP,E0039,personal,2024-05-19,True,,2026-06-25
ad.e0040,AD,E0040,personal,2022-05-28,True,,2026-06-29
erp.e0040,ERP,E0040,personal,2022-05-26,True,,2026-06-30
ad.e0041,AD,E0041,personal,2019-02-09,False,2026-05-26,2026-05-21
erp.e0041,ERP,E0041,personal,2019-02-08,False,2026-05-26,2026-05-24
ad.e0042,AD,E0042,personal,2024-04-25,True,,2026-06-28
erp.e0042,ERP,E0042,personal,2024-04-24,True,,2026-06-30
ad.e0043,AD,E0043,personal,2018-03-27,True,,2026-06-30
erp.e0043,ERP,E0043,personal,2018-03-25,True,,2026-06-25
ad.e0044,AD,E0044,personal,2015-03-21,True,,2026-06-29
erp.e0044,ERP,E0044,personal,2015-03-22,True,,2026-06-29
ad.e0045,AD,E0045,personal,2014-11-20,True,,2026-06-25
erp.e0045,ERP,E0045,personal,2014-11-19,True,,2026-06-30
ad.e0046,AD,E0046,personal,2021-03-04,True,,2026-06-27
erp.e0046,ERP,E0046,personal,2021-03-06,True,,2026-06-28
ad.e0047,AD,E0047,personal,2014-03-23,True,,2026-06-30
erp.e0047,ERP,E0047,personal,2014-03-22,True,,2026-06-30
ad.e0048,AD,E0048,personal,2023-03-16,True,,2026-06-30
erp.e0048,ERP,E0048,personal,2023-03-18,True,,2026-06-28
ad.e0049,AD,E0049,personal,2018-05-04,False,2025-04-29,2025-04-28
erp.e0049,ERP,E0049,personal,2018-05-03,False,2025-04-29,2025-04-24
ad.e0050,AD,E0050,personal,2014-02-24,True,,2026-05-31
erp.e0050,ERP,E0050,personal,2014-02-23,True,,2026-06-30
ad.e0051,AD,E0051,personal,2025-02-12,True,,2026-06-30
erp.e0051,ERP,E0051,personal,2025-02-13,True,,2026-06-27
ad.e0052,AD,E0052,personal,2018-04-12,True,,2026-06-30
erp.e0052,ERP,E0052,personal,2018-04-12,True,,2026-06-30
ad.e0053,AD,E0053,personal,2016-10-29,True,,2026-06-30
erp.e0053,ERP,E0053,personal,2016-10-27,True,,2026-06-16
ad.e0054,AD,E0054,personal,2013-12-20,True,,2026-06-30
erp.e0054,ERP,E0054,personal,2013-12-19,True,,2026-06-22
ad.e0055,AD,E0055,personal,2016-11-21,False,2024-04-15,2024-04-09
erp.e0055,ERP,E0055,personal,2016-11-20,False,2024-04-16,2024-04-11
ad.e0056,AD,E0056,personal,2012-06-12,False,2026-04-27,2026-04-24
erp.e0056,ERP,E0056,personal,2012-06-12,False,2026-04-28,2026-04-27
ad.e0057,AD,E0057,personal,2012-11-12,True,,2026-06-27
erp.e0057,ERP,E0057,personal,2012-11-12,True,,2026-06-30
ad.e0058,AD,E0058,personal,2020-12-09,True,,2026-06-28
erp.e0058,ERP,E0058,personal,2020-12-09,True,,2026-06-25
ad.e0059,AD,E0059,personal,2017-03-09,True,,2026-06-30
erp.e0059,ERP,E0059,personal,2017-03-08,True,,2026-06-30
ad.e0060,AD,E0060,personal,2017-06-13,True,,2026-06-30
erp.e0060,ERP,E0060,personal,2017-06-13,True,,2026-05-31
ad.e0061,AD,E0061,personal,2023-11-01,False,2024-01-30,2024-01-26
erp.e0061,ERP,E0061,personal,2023-10-31,False,2024-01-30,2024-01-29
ad.e0062,AD,E0062,personal,2019-10-07,False,2026-03-30,2026-03-25
erp.e0062,ERP,E0062,personal,2019-10-05,False,2026-03-30,2026-03-25
ad.e0063,AD,E0063,personal,2017-07-12,True,,2026-06-28
erp.e0063,ERP,E0063,personal,2017-07-12,True,,2026-06-30
ad.e0064,AD,E0064,personal,2015-09-26,True,,2026-06-27
erp.e0064,ERP,E0064,personal,2015-09-26,True,,2026-03-24
ad.e0065,AD,E0065,personal,2016-03-02,True,,2026-06-27
erp.e0065,ERP,E0065,personal,2016-03-04,True,,2026-06-29
ad.e0066,AD,E0066,personal,2024-06-18,True,,2026-05-16
erp.e0066,ERP,E0066,personal,2024-06-16,True,,2026-05-31
ad.e0067,AD,E0067,personal,2025-02-14,False,2026-02-20,2026-02-17
erp.e0067,ERP,E0067,personal,2025-02-16,False,2026-02-23,2026-02-19
ad.e0068,AD,E0068,personal,2021-11-09,True,,2026-06-30
erp.e0068,ERP,E0068,personal,2021-11-09,True,,2026-06-30
ad.e0069,AD,E0069,personal,2025-02-17,True,,2026-06-30
erp.e0069,ERP,E0069,personal,2025-02-19,True,,2026-06-29
ad.e0070,AD,E0070,personal,2023-09-20,True,,2026-06-29
erp.e0070,ERP,E0070,personal,2023-09-19,True,,2026-06-22
ad.e0071,AD,E0071,personal,2021-09-30,False,2023-07-18,2023-07-11
erp.e0071,ERP,E0071,personal,2021-09-30,False,2023-07-17,2023-07-14
ad.e0072,AD,E0072,personal,2019-05-21,True,,2026-06-25
erp.e0072,ERP,E0072,personal,2019-05-23,True,,2026-06-22
ad.e0073,AD,E0073,personal,2015-03-16,True,,2026-06-29
erp.e0073,ERP,E0073,personal,2015-03-17,True,,2026-06-30
ad.e0074,AD,E0074,personal,2016-10-06,False,2025-07-17,2025-07-14
erp.e0074,ERP,E0074,personal,2016-10-06,False,2025-07-17,2025-07-13
ad.e0075,AD,E0075,personal,2013-03-21,False,2023-08-07,2023-08-04
erp.e0075,ERP,E0075,personal,2013-03-20,False,2023-08-07,2023-08-07
ad.e0076,AD,E0076,personal,2019-12-26,False,2025-09-18,2025-09-18
erp.e0076,ERP,E0076,personal,2019-12-25,False,2025-09-19,2025-09-14
ad.e0077,AD,E0077,personal,2019-05-14,True,,2026-06-22
erp.e0077,ERP,E0077,personal,2019-05-16,True,,2026-06-28
ad.e0078,AD,E0078,personal,2026-04-16,True,,2026-06-29
erp.e0078,ERP,E0078,personal,2026-04-17,True,,2026-06-27
ad.e0079,AD,E0079,personal,2024-10-07,True,,2026-06-25
erp.e0079,ERP,E0079,personal,2024-10-06,True,,2026-06-28
ad.e0080,AD,E0080,personal,2021-08-10,False,2024-07-18,2024-07-17
erp.e0080,ERP,E0080,personal,2021-08-11,False,2024-07-17,2024-07-14
ad.e0081,AD,E0081,personal,2023-03-09,True,,2026-06-29
erp.e0081,ERP,E0081,personal,2023-03-09,True,,2026-06-30
ad.e0082,AD,E0082,personal,2018-05-06,False,2025-01-06,2025-01-01
erp.e0082,ERP,E0082,personal,2018-05-04,False,2025-01-06,2025-01-01
ad.e0083,AD,E0083,personal,2012-11-05,True,,2026-06-28
erp.e0083,ERP,E0083,personal,2012-11-07,True,,2026-05-31
ad.e0084,AD,E0084,personal,2025-04-21,True,,2026-06-28
erp.e0084,ERP,E0084,personal,2025-04-22,True,,2026-06-22
ad.e0085,AD,E0085,personal,2020-09-02,True,,2026-06-30
erp.e0085,ERP,E0085,personal,2020-09-02,True,,2026-06-30
ad.e0086,AD,E0086,personal,2014-01-14,True,,2026-06-28
erp.e0086,ERP,E0086,personal,2014-01-14,True,,2026-06-22
ad.e0087,AD,E0087,personal,2018-12-24,True,,2026-05-31
erp.e0087,ERP,E0087,personal,2018-12-23,True,,2026-03-05
ad.e0088,AD,E0088,personal,2014-01-06,True,,2026-06-28
erp.e0088,ERP,E0088,personal,2014-01-07,True,,2026-06-29
ad.e0089,AD,E0089,personal,2019-06-12,True,,2026-06-30
erp.e0089,ERP,E0089,personal,2019-06-10,True,,2026-06-22
ad.e0090,AD,E0090,personal,2014-03-10,True,,2025-10-12
erp.e0090,ERP,E0090,personal,2014-03-11,True,,2026-06-28
ad.e0091,AD,E0091,personal,2018-11-10,True,,2026-06-30
erp.e0091,ERP,E0091,personal,2018-11-10,True,,2026-06-30
ad.e0092,AD,E0092,personal,2018-12-01,False,2024-05-27,2024-05-23
erp.e0092,ERP,E0092,personal,2018-12-02,False,2024-05-27,2024-05-23
ad.e0093,AD,E0093,personal,2018-05-14,True,,2026-06-29
erp.e0093,ERP,E0093,personal,2018-05-15,True,,2026-06-29
ad.e0094,AD,E0094,personal,2019-01-26,True,,2026-05-31
erp.e0094,ERP,E0094,personal,2019-01-26,True,,2026-06-29
ad.e0095,AD,E0095,personal,2019-04-12,True,,2026-06-22
erp.e0095,ERP,E0095,personal,2019-04-12,True,,2026-06-29
ad.e0096,AD,E0096,personal,2014-05-13,True,,2026-06-30
erp.e0096,ERP,E0096,personal,2014-05-14,True,,2026-06-28
ad.e0097,AD,E0097,personal,2012-06-16,False,2023-09-04,2023-08-30
erp.e0097,ERP,E0097,personal,2012-06-17,False,2023-09-04,2023-08-31
ad.e0098,AD,E0098,personal,2022-12-17,True,,2026-06-29
erp.e0098,ERP,E0098,personal,2022-12-17,True,,2026-06-29
ad.e0099,AD,E0099,personal,2013-01-09,True,,2026-06-30
erp.e0099,ERP,E0099,personal,2013-01-08,True,,2026-06-29
ad.e0100,AD,E0100,personal,2017-03-20,True,,2026-06-30
erp.e0100,ERP,E0100,personal,2017-03-21,True,,2026-05-31
ad.e0101,AD,E0101,personal,2015-06-20,True,,2026-06-28
erp.e0101,ERP,E0101,personal,2015-06-19,True,,2026-06-28
ad.e0102,AD,E0102,personal,2023-12-14,True,,2026-06-30
erp.e0102,ERP,E0102,personal,2023-12-15,True,,2026-06-22
ad.e0103,AD,E0103,personal,2015-09-05,True,,2026-06-30
erp.e0103,ERP,E0103,personal,2015-09-07,True,,2026-06-29
ad.e0104,AD,E0104,personal,2016-01-02,True,,2026-06-30
erp.e0104,ERP,E0104,personal,2016-01-01,True,,2026-06-29
ad.e0105,AD,E0105,personal,2025-09-23,True,,2026-06-30
erp.e0105,ERP,E0105,personal,2025-09-24,True,,2026-06-29
ad.e0106,AD,E0106,personal,2024-07-26,True,,2026-06-29
erp.e0106,ERP,E0106,personal,2024-07-28,True,,2026-06-28
ad.e0107,AD,E0107,personal,2012-10-06,True,,2026-06-30
erp.e0107,ERP,E0107,personal,2012-10-05,True,,2026-06-30
ad.e0108,AD,E0108,personal,2025-09-12,True,,2026-06-30
erp.e0108,ERP,E0108,personal,2025-09-13,True,,2026-06-29
ad.e0109,AD,E0109,personal,2023-08-05,True,,2025-06-07
erp.e0109,ERP,E0109,personal,2023-08-04,True,,2026-06-29
ad.e0110,AD,E0110,personal,2017-07-19,True,,2026-06-29
erp.e0110,ERP,E0110,personal,2017-07-17,True,,2026-06-25
ad.e0111,AD,E0111,personal,2023-07-03,True,,2026-06-25
erp.e0111,ERP,E0111,personal,2023-07-03,True,,2026-06-28
ad.e0112,AD,E0112,personal,2019-02-23,True,,2026-06-28
erp.e0112,ERP,E0112,personal,2019-02-23,True,,2026-06-22
ad.e0113,AD,E0113,personal,2013-03-14,True,,2026-06-29
erp.e0113,ERP,E0113,personal,2013-03-14,True,,2026-06-27
ad.e0114,AD,E0114,personal,2015-04-05,True,,2026-06-27
erp.e0114,ERP,E0114,personal,2015-04-05,True,,2026-06-22
ad.e0115,AD,E0115,personal,2015-10-28,True,,2026-06-29
erp.e0115,ERP,E0115,personal,2015-10-28,True,,2026-06-30
ad.e0116,AD,E0116,personal,2021-07-26,True,,2026-06-28
erp.e0116,ERP,E0116,personal,2021-07-25,True,,2026-06-25
ad.e0117,AD,E0117,personal,2025-03-05,True,,2026-06-30
erp.e0117,ERP,E0117,personal,2025-03-05,True,,2026-06-28
ad.e0118,AD,E0118,personal,2014-09-21,True,,2025-09-07
erp.e0118,ERP,E0118,personal,2014-09-22,True,,2026-05-16
ad.e0119,AD,E0119,personal,2015-03-01,True,,2026-06-28
erp.e0119,ERP,E0119,personal,2015-03-02,True,,2026-06-30
ad.e0120,AD,E0120,personal,2018-05-04,True,,2026-06-28
erp.e0120,ERP,E0120,personal,2018-05-04,True,,2026-06-29
ad.e0121,AD,E0121,personal,2019-07-21,True,,2026-06-30
erp.e0121,ERP,E0121,personal,2019-07-23,True,,2026-06-22
ad.e0122,AD,E0122,personal,2022-03-21,True,,2026-06-16
erp.e0122,ERP,E0122,personal,2022-03-20,True,,2026-06-29
ad.e0123,AD,E0123,personal,2015-03-07,True,,2026-06-30
erp.e0123,ERP,E0123,personal,2015-03-08,True,,2026-06-28
ad.e0124,AD,E0124,personal,2017-10-14,False,2026-04-02,2026-04-01
erp.e0124,ERP,E0124,personal,2017-10-14,False,2026-04-02,2026-03-31
ad.e0125,AD,E0125,personal,2021-01-27,True,,2026-06-28
erp.e0125,ERP,E0125,personal,2021-01-25,True,,2025-09-17
ad.e0126,AD,E0126,personal,2012-09-11,True,,2026-06-30
erp.e0126,ERP,E0126,personal,2012-09-09,True,,2026-06-30
ad.e0127,AD,E0127,personal,2018-07-01,False,2021-06-07,2021-06-06
erp.e0127,ERP,E0127,personal,2018-06-30,False,2021-06-07,2021-06-05
ad.e0128,AD,E0128,personal,2015-07-01,False,2021-12-07,2021-12-05
erp.e0128,ERP,E0128,personal,2015-07-01,False,2021-12-08,2021-12-03
ad.e0129,AD,E0129,personal,2025-11-19,True,,2026-06-30
erp.e0129,ERP,E0129,personal,2025-11-20,True,,2026-06-22
ad.e0130,AD,E0130,personal,2019-12-21,True,,2026-06-30
erp.e0130,ERP,E0130,personal,2019-12-20,True,,2026-06-30
ad.e0131,AD,E0131,personal,2019-03-16,False,2026-03-23,2026-03-18
erp.e0131,ERP,E0131,personal,2019-03-18,False,2026-03-23,2026-03-22
ad.e0132,AD,E0132,personal,2020-08-05,True,,2026-06-25
erp.e0132,ERP,E0132,personal,2020-08-04,True,,2026-06-28
ad.e0133,AD,E0133,personal,2021-01-05,True,,2026-06-30
erp.e0133,ERP,E0133,personal,2021-01-06,True,,2026-06-29
ad.e0134,AD,E0134,personal,2023-05-20,True,,2026-06-27
erp.e0134,ERP,E0134,personal,2023-05-18,True,,2026-06-30
ad.e0135,AD,E0135,personal,2015-03-06,True,,2026-06-29
erp.e0135,ERP,E0135,personal,2015-03-04,True,,2026-05-31
ad.e0136,AD,E0136,personal,2017-07-14,True,,2026-06-29
erp.e0136,ERP,E0136,personal,2017-07-13,True,,2026-06-30
ad.e0137,AD,E0137,personal,2021-08-04,True,,2026-06-27
erp.e0137,ERP,E0137,personal,2021-08-06,True,,2026-06-30
ad.e0138,AD,E0138,personal,2024-08-01,True,,2026-06-22
erp.e0138,ERP,E0138,personal,2024-07-31,True,,2026-06-30
ad.e0139,AD,E0139,personal,2019-02-09,True,,2026-05-16
erp.e0139,ERP,E0139,personal,2019-02-10,True,,2026-06-30
ad.e0140,AD,E0140,personal,2017-04-23,True,,2026-06-28
erp.e0140,ERP,E0140,personal,2017-04-25,True,,2026-06-29
ad.e0141,AD,E0141,personal,2019-01-17,True,,2026-06-28
erp.e0141,ERP,E0141,personal,2019-01-16,True,,2026-06-27
ad.e0142,AD,E0142,personal,2016-03-18,True,,2026-06-29
erp.e0142,ERP,E0142,personal,2016-03-18,True,,2026-06-30
ad.e0143,AD,E0143,personal,2024-06-08,True,,2026-06-25
erp.e0143,ERP,E0143,personal,2024-06-07,True,,2026-06-30
ad.e0144,AD,E0144,personal,2020-03-22,True,,2026-06-30
erp.e0144,ERP,E0144,personal,2020-03-22,True,,2026-06-22
ad.e0145,AD,E0145,personal,2015-10-13,True,,2026-06-29
erp.e0145,ERP,E0145,personal,2015-10-14,True,,2026-06-16
ad.e0146,AD,E0146,personal,2022-07-25,True,,2026-06-30
erp.e0146,ERP,E0146,personal,2022-07-23,True,,2026-06-30
ad.e0147,AD,E0147,personal,2015-05-22,False,2023-03-07,2023-03-04
erp.e0147,ERP,E0147,personal,2015-05-24,False,2023-03-08,2023-03-07
ad.e0148,AD,E0148,personal,2019-10-19,False,2025-03-17,2025-03-11
erp.e0148,ERP,E0148,personal,2019-10-17,False,2025-03-18,2025-03-15
ad.e0149,AD,E0149,personal,2018-05-10,True,,2026-06-28
erp.e0149,ERP,E0149,personal,2018-05-08,True,,2026-05-16
ad.e0150,AD,E0150,personal,2025-05-20,True,,2025-06-30
erp.e0150,ERP,E0150,personal,2025-05-19,True,,2026-06-30
ad.e0151,AD,E0151,personal,2015-07-17,True,,2026-06-29
erp.e0151,ERP,E0151,personal,2015-07-17,True,,2026-06-22
ad.e0152,AD,E0152,personal,2012-02-08,False,2021-08-16,2021-08-13
erp.e0152,ERP,E0152,personal,2012-02-10,False,2021-08-16,2021-08-12
ad.e0153,AD,E0153,personal,2014-11-15,False,2022-12-15,2022-12-14
erp.e0153,ERP,E0153,personal,2014-11-14,False,2022-12-15,2022-12-11
ad.e0154,AD,E0154,personal,2021-10-16,True,,2026-06-28
erp.e0154,ERP,E0154,personal,2021-10-15,True,,2026-06-27
ad.e0155,AD,E0155,personal,2012-12-30,True,,2026-06-30
erp.e0155,ERP,E0155,personal,2012-12-30,True,,2026-06-22
ad.e0156,AD,E0156,personal,2018-11-13,True,,2026-06-28
erp.e0156,ERP,E0156,personal,2018-11-12,True,,2026-06-30
ad.e0157,AD,E0157,personal,2025-10-24,True,,2026-06-30
erp.e0157,ERP,E0157,personal,2025-10-26,True,,2026-06-29
ad.e0158,AD,E0158,personal,2020-09-26,True,,2026-06-29
erp.e0158,ERP,E0158,personal,2020-09-26,True,,2026-06-30
ad.e0159,AD,E0159,personal,2025-10-05,True,,2026-06-30
erp.e0159,ERP,E0159,personal,2025-10-06,True,,2026-06-29
ad.e0160,AD,E0160,personal,2021-04-16,True,,2026-06-29
erp.e0160,ERP,E0160,personal,2021-04-16,True,,2026-06-29
ad.e0161,AD,E0161,personal,2020-04-02,True,,2026-06-28
erp.e0161,ERP,E0161,personal,2020-03-31,True,,2026-06-28
ad.e0162,AD,E0162,personal,2016-04-22,True,,2026-06-29
erp.e0162,ERP,E0162,personal,2016-04-23,True,,2026-06-25
ad.e0163,AD,E0163,personal,2014-08-19,True,,2026-06-25
erp.e0163,ERP,E0163,personal,2014-08-18,True,,2026-05-16
ad.e0164,AD,E0164,personal,2025-05-03,False,2026-02-16,2026-02-11
erp.e0164,ERP,E0164,personal,2025-05-04,False,2026-02-13,2026-02-10
ad.e0165,AD,E0165,personal,2025-05-28,True,,2026-06-30
erp.e0165,ERP,E0165,personal,2025-05-26,True,,2026-06-27
ad.e0166,AD,E0166,personal,2014-04-18,True,,2026-06-29
erp.e0166,ERP,E0166,personal,2014-04-19,True,,2026-06-29
ad.e0167,AD,E0167,personal,2017-12-27,True,,2026-06-22
erp.e0167,ERP,E0167,personal,2017-12-26,True,,2026-06-25
ad.e0168,AD,E0168,personal,2022-05-24,True,,2026-06-16
erp.e0168,ERP,E0168,personal,2022-05-23,True,,2026-06-28
ad.e0169,AD,E0169,personal,2016-08-02,True,,2026-06-29
erp.e0169,ERP,E0169,personal,2016-07-31,True,,2026-06-28
ad.e0170,AD,E0170,personal,2024-09-18,True,,2026-06-22
erp.e0170,ERP,E0170,personal,2024-09-19,True,,2026-06-29
ad.e0171,AD,E0171,personal,2015-01-14,True,,2026-06-30
erp.e0171,ERP,E0171,personal,2015-01-14,True,,2026-06-30
ad.e0172,AD,E0172,personal,2015-07-28,True,,2026-06-30
erp.e0172,ERP,E0172,personal,2015-07-30,True,,2026-06-25
ad.e0173,AD,E0173,personal,2024-08-07,True,,2026-06-30
erp.e0173,ERP,E0173,personal,2024-08-07,True,,2026-06-27
ad.e0174,AD,E0174,personal,2017-11-29,True,,2026-06-28
erp.e0174,ERP,E0174,personal,2017-12-01,True,,2026-06-27
ad.e0175,AD,E0175,personal,2022-11-11,True,,2026-06-30
erp.e0175,ERP,E0175,personal,2022-11-10,True,,2026-05-16
ad.e0176,AD,E0176,personal,2025-08-31,True,,2026-06-30
erp.e0176,ERP,E0176,personal,2025-08-31,True,,2026-06-30
ad.e0177,AD,E0177,personal,2012-09-20,True,,2026-06-29
erp.e0177,ERP,E0177,personal,2012-09-20,True,,2026-06-29
ad.e0178,AD,E0178,personal,2014-01-23,False,2026-04-21,2026-04-17
erp.e0178,ERP,E0178,personal,2014-01-22,False,2026-04-20,2026-04-17
ad.e0179,AD,E0179,personal,2013-11-09,True,,2026-06-22
erp.e0179,ERP,E0179,personal,2013-11-10,True,,2026-06-29
ad.e0180,AD,E0180,personal,2019-04-04,True,,2026-06-28
erp.e0180,ERP,E0180,personal,2019-04-04,True,,2026-06-25
ad.e0181,AD,E0181,personal,2020-11-28,True,,2026-06-30
erp.e0181,ERP,E0181,personal,2020-11-29,True,,2026-06-30
ad.e0182,AD,E0182,personal,2019-01-19,True,,2026-06-28
erp.e0182,ERP,E0182,personal,2019-01-17,True,,2026-06-29
ad.e0183,AD,E0183,personal,2023-11-13,True,,2026-05-12
erp.e0183,ERP,E0183,personal,2023-11-13,True,,2026-05-14
ad.e0184,AD,E0184,personal,2019-02-15,True,,2026-06-30
erp.e0184,ERP,E0184,personal,2019-02-15,True,,2026-06-30
ad.e0185,AD,E0185,personal,2016-09-06,True,,2026-06-30
erp.e0185,ERP,E0185,personal,2016-09-08,True,,2026-06-30
ad.e0186,AD,E0186,personal,2016-04-29,False,2025-08-08,2025-08-04
erp.e0186,ERP,E0186,personal,2016-04-29,False,2025-08-08,2025-08-07
ad.e0187,AD,E0187,personal,2013-01-01,True,,2026-06-27
erp.e0187,ERP,E0187,personal,2013-01-02,True,,2026-06-29
ad.e0188,AD,E0188,personal,2018-08-16,True,,2026-06-27
erp.e0188,ERP,E0188,personal,2018-08-16,True,,2026-06-29
ad.e0189,AD,E0189,personal,2020-01-08,True,,2026-06-29
erp.e0189,ERP,E0189,personal,2020-01-08,True,,2026-06-30
ad.e0190,AD,E0190,personal,2015-08-31,True,,2026-06-29
erp.e0190,ERP,E0190,personal,2015-08-30,True,,2026-06-30
ad.e0191,AD,E0191,personal,2013-02-05,True,,2026-06-27
erp.e0191,ERP,E0191,personal,2013-02-06,True,,2026-06-30
ad.e0192,AD,E0192,personal,2025-01-02,True,,2025-06-15
erp.e0192,ERP,E0192,personal,2025-01-01,True,,2026-06-29
ad.e0193,AD,E0193,personal,2024-04-21,True,,2026-06-28
erp.e0193,ERP,E0193,personal,2024-04-22,True,,2026-06-30
ad.e0194,AD,E0194,personal,2023-05-07,True,,2026-06-30
erp.e0194,ERP,E0194,personal,2023-05-08,True,,2026-06-27
ad.e0195,AD,E0195,personal,2013-04-03,True,,2026-06-27
erp.e0195,ERP,E0195,personal,2013-04-04,True,,2026-06-30
ad.e0196,AD,E0196,personal,2013-01-31,True,,2025-08-01
erp.e0196,ERP,E0196,personal,2013-02-02,True,,2026-06-30
ad.e0197,AD,E0197,personal,2017-03-01,False,2020-09-01,2020-08-29
erp.e0197,ERP,E0197,personal,2017-03-03,False,2020-08-31,2020-08-27
ad.e0198,AD,E0198,personal,2023-06-28,True,,2026-06-30
erp.e0198,ERP,E0198,personal,2023-06-26,True,,2026-06-27
ad.e0199,AD,E0199,personal,2016-12-11,True,,2026-06-29
erp.e0199,ERP,E0199,personal,2016-12-12,True,,2026-06-30
ad.e0200,AD,E0200,personal,2015-03-06,True,,2026-06-30
erp.e0200,ERP,E0200,personal,2015-03-07,True,,2026-06-22
ad.e0201,AD,E0201,personal,2014-07-15,False,2025-12-17,2025-12-15
erp.e0201,ERP,E0201,personal,2014-07-15,False,2025-12-17,2025-12-14
ad.e0202,AD,E0202,personal,2020-04-15,False,2023-10-11,2023-10-07
erp.e0202,ERP,E0202,personal,2020-04-14,False,2023-10-12,2023-10-08
ad.e0203,AD,E0203,personal,2024-11-10,False,2026-06-04,2026-06-01
erp.e0203,ERP,E0203,personal,2024-11-10,False,2026-06-04,2026-06-02
ad.e0204,AD,E0204,personal,2013-12-19,True,,2026-06-29
erp.e0204,ERP,E0204,personal,2013-12-21,True,,2026-06-29
payroll.e0204,PAYROLL,E0204,personal,2013-12-21,True,,2026-06-27
ad.e0205,AD,E0205,personal,2023-06-05,True,,2026-06-29
erp.e0205,ERP,E0205,personal,2023-06-07,True,,2026-06-29
payroll.e0205,PAYROLL,E0205,personal,2023-06-07,True,,2026-06-30
ad.e0206,AD,E0206,personal,2024-08-14,True,,2026-05-16
erp.e0206,ERP,E0206,personal,2024-08-14,True,,2026-06-25
payroll.e0206,PAYROLL,E0206,personal,2024-08-12,True,,2026-06-28
ad.e0207,AD,E0207,personal,2023-12-08,False,2025-04-16,2025-04-14
erp.e0207,ERP,E0207,personal,2023-12-07,False,2025-04-15,2025-04-12
payroll.e0207,PAYROLL,E0207,personal,2023-12-06,False,2025-04-16,2025-04-12
ad.e0208,AD,E0208,personal,2012-01-22,True,,2026-06-28
erp.e0208,ERP,E0208,personal,2012-01-24,True,,2026-06-29
payroll.e0208,PAYROLL,E0208,personal,2012-01-23,True,,2026-06-29
ad.e0209,AD,E0209,personal,2023-03-31,False,2023-08-31,2023-08-28
erp.e0209,ERP,E0209,personal,2023-03-30,False,2023-08-31,2023-08-29
payroll.e0209,PAYROLL,E0209,personal,2023-03-29,False,2023-08-31,2023-08-28
ad.e0210,AD,E0210,personal,2012-04-18,False,2023-05-11,2023-05-08
erp.e0210,ERP,E0210,personal,2012-04-18,False,2023-05-11,2023-05-07
payroll.e0210,PAYROLL,E0210,personal,2012-04-19,False,2023-05-11,2023-05-09
ad.e0211,AD,E0211,personal,2024-05-23,True,,2026-06-22
erp.e0211,ERP,E0211,personal,2024-05-25,True,,2026-06-29
ad.e0212,AD,E0212,personal,2025-06-05,True,,2026-06-29
erp.e0212,ERP,E0212,personal,2025-06-04,True,,2026-06-27
ad.e0213,AD,E0213,personal,2017-06-11,False,2025-08-19,2025-08-13
erp.e0213,ERP,E0213,personal,2017-06-11,False,2025-08-18,2025-08-16
ad.e0214,AD,E0214,personal,2014-12-06,True,,2026-02-16
erp.e0214,ERP,E0214,personal,2014-12-06,True,,2026-02-17
ad.e0215,AD,E0215,personal,2025-11-08,True,,2026-06-28
erp.e0215,ERP,E0215,personal,2025-11-08,True,,2026-06-28
ad.e0216,AD,E0216,personal,2022-04-03,False,2023-04-21,2023-04-16
erp.e0216,ERP,E0216,personal,2022-04-02,False,2023-04-20,2023-04-17
ad.e0217,AD,E0217,personal,2013-11-24,True,,2026-06-28
erp.e0217,ERP,E0217,personal,2013-11-24,True,,2026-06-29
ad.e0218,AD,E0218,personal,2024-11-11,True,,2026-06-28
erp.e0218,ERP,E0218,personal,2024-11-11,True,,2026-06-16
ad.e0219,AD,E0219,personal,2015-11-12,True,,2026-06-29
erp.e0219,ERP,E0219,personal,2015-11-11,True,,2026-06-22
ad.e0220,AD,E0220,personal,2022-11-25,True,,2026-06-30
erp.e0220,ERP,E0220,personal,2022-11-25,True,,2026-06-29
ad.e0221,AD,E0221,personal,2018-02-09,True,,2026-06-30
erp.e0221,ERP,E0221,personal,2018-02-11,True,,2026-06-29
ad.e0222,AD,E0222,personal,2017-08-14,True,,2026-06-28
erp.e0222,ERP,E0222,personal,2017-08-15,True,,2026-06-30
ad.e0223,AD,E0223,personal,2019-06-18,False,2024-03-05,2024-02-29
erp.e0223,ERP,E0223,personal,2019-06-17,False,2024-03-04,2024-02-28
ad.e0224,AD,E0224,personal,2024-12-08,True,,2026-06-28
erp.e0224,ERP,E0224,personal,2024-12-08,True,,2026-06-28
ad.e0225,AD,E0225,personal,2021-02-20,False,2026-06-29,2026-05-15
erp.e0225,ERP,E0225,personal,2021-02-21,False,2026-06-29,2026-05-12
ad.e0226,AD,E0226,personal,2020-04-07,True,,2026-06-29
erp.e0226,ERP,E0226,personal,2020-04-08,True,,2026-06-22
ad.e0227,AD,E0227,personal,2013-10-03,True,,2026-06-22
erp.e0227,ERP,E0227,personal,2013-10-04,True,,2026-06-27
ad.e0228,AD,E0228,personal,2015-11-19,True,,2026-06-22
erp.e0228,ERP,E0228,personal,2015-11-20,True,,2026-05-31
ad.e0229,AD,E0229,personal,2017-06-25,True,,2026-06-28
erp.e0229,ERP,E0229,personal,2017-06-25,True,,2026-06-22
ad.e0230,AD,E0230,personal,2019-12-18,True,,2026-06-27
erp.e0230,ERP,E0230,personal,2019-12-16,True,,2026-05-31
ad.e0231,AD,E0231,personal,2016-11-10,True,,2026-06-27
erp.e0231,ERP,E0231,personal,2016-11-09,True,,2026-06-30
ad.e0232,AD,E0232,personal,2014-05-13,False,2024-02-19,2024-02-14
erp.e0232,ERP,E0232,personal,2014-05-15,False,2024-02-19,2024-02-15
ad.e0233,AD,E0233,personal,2021-10-08,False,2022-04-25,2022-04-21
erp.e0233,ERP,E0233,personal,2021-10-08,False,2022-04-26,2022-04-23
ad.e0234,AD,E0234,personal,2013-11-13,False,2026-05-18,2026-05-12
erp.e0234,ERP,E0234,personal,2013-11-12,False,2026-05-18,2026-05-12
ad.e0235,AD,E0235,personal,2019-12-12,True,,2026-06-27
erp.e0235,ERP,E0235,personal,2019-12-14,True,,2026-05-31
ad.e0236,AD,E0236,personal,2021-06-09,True,,2026-06-28
erp.e0236,ERP,E0236,personal,2021-06-09,True,,2026-06-30
ad.e0237,AD,E0237,personal,2013-12-19,True,,2026-06-28
erp.e0237,ERP,E0237,personal,2013-12-18,True,,2026-06-22
ad.e0238,AD,E0238,personal,2014-07-17,False,2026-04-24,2026-04-20
erp.e0238,ERP,E0238,personal,2014-07-17,False,2026-04-23,2026-04-21
ad.e0239,AD,E0239,personal,2023-02-18,True,,2026-06-29
erp.e0239,ERP,E0239,personal,2023-02-19,True,,2026-06-29
ad.e0240,AD,E0240,personal,2015-06-01,True,,2026-06-30
erp.e0240,ERP,E0240,personal,2015-06-01,True,,2026-06-27
ad.e0241,AD,E0241,personal,2014-05-20,True,,2026-06-30
erp.e0241,ERP,E0241,personal,2014-05-21,True,,2026-06-25
ad.e0242,AD,E0242,personal,2016-11-13,True,,2026-06-30
erp.e0242,ERP,E0242,personal,2016-11-13,True,,2026-06-30
ad.e0243,AD,E0243,personal,2023-08-03,True,,2026-06-30
erp.e0243,ERP,E0243,personal,2023-08-02,True,,2026-06-25
ad.e0244,AD,E0244,personal,2024-11-29,True,,2026-06-28
erp.e0244,ERP,E0244,personal,2024-11-29,True,,2026-06-25
ad.e0245,AD,E0245,personal,2017-01-20,True,,2026-06-30
erp.e0245,ERP,E0245,personal,2017-01-19,True,,2026-06-30
ad.e0246,AD,E0246,personal,2018-01-11,True,,2026-06-25
erp.e0246,ERP,E0246,personal,2018-01-12,True,,2026-06-29
ad.e0247,AD,E0247,personal,2022-07-03,False,2024-05-17,2024-05-15
erp.e0247,ERP,E0247,personal,2022-07-02,False,2024-05-16,2024-05-14
ad.e0248,AD,E0248,personal,2016-07-02,True,,2026-06-29
erp.e0248,ERP,E0248,personal,2016-07-03,True,,2026-06-27
ad.e0249,AD,E0249,personal,2024-11-24,True,,2026-06-28
erp.e0249,ERP,E0249,personal,2024-11-23,True,,2026-06-29
ad.e0250,AD,E0250,personal,2017-09-07,True,,2026-06-27
erp.e0250,ERP,E0250,personal,2017-09-07,True,,2026-06-28
ad.e0251,AD,E0251,personal,2016-04-29,True,,2026-06-30
erp.e0251,ERP,E0251,personal,2016-04-30,True,,2026-05-31
ad.e0252,AD,E0252,personal,2018-11-04,True,,2026-06-30
erp.e0252,ERP,E0252,personal,2018-11-06,True,,2026-06-30
ad.e0253,AD,E0253,personal,2020-11-25,True,,2026-06-29
erp.e0253,ERP,E0253,personal,2020-11-23,True,,2026-06-30
ad.e0254,AD,E0254,personal,2023-11-10,True,,2026-06-28
erp.e0254,ERP,E0254,personal,2023-11-12,True,,2026-06-29
ad.e0255,AD,E0255,personal,2013-04-09,True,,2026-06-29
erp.e0255,ERP,E0255,personal,2013-04-10,True,,2026-05-16
ad.e0256,AD,E0256,personal,2024-11-23,True,,2026-06-27
erp.e0256,ERP,E0256,personal,2024-11-22,True,,2026-06-16
ad.e0257,AD,E0257,personal,2020-10-14,False,2026-05-21,2026-05-18
erp.e0257,ERP,E0257,personal,2020-10-15,False,2026-05-20,2026-05-17
ad.e0258,AD,E0258,personal,2012-05-25,True,,2026-06-27
erp.e0258,ERP,E0258,personal,2012-05-27,True,,2026-06-30
ad.e0259,AD,E0259,personal,2020-06-25,True,,2026-06-16
erp.e0259,ERP,E0259,personal,2020-06-23,True,,2026-06-30
ad.e0260,AD,E0260,personal,2023-04-16,True,,2026-06-30
erp.e0260,ERP,E0260,personal,2023-04-17,True,,2026-06-30
ad.e0261,AD,E0261,personal,2018-04-20,True,,2026-06-29
erp.e0261,ERP,E0261,personal,2018-04-19,True,,2026-06-30
ad.e0262,AD,E0262,personal,2024-04-27,True,,2026-06-29
erp.e0262,ERP,E0262,personal,2024-04-25,True,,2026-06-28
ad.e0263,AD,E0263,personal,2022-04-10,False,2025-12-30,2025-12-30
erp.e0263,ERP,E0263,personal,2022-04-11,False,2025-12-31,2025-12-28
ad.e0264,AD,E0264,personal,2012-06-26,False,2026-02-26,2026-01-15
erp.e0264,ERP,E0264,personal,2012-06-28,False,2026-02-26,2026-01-15
ad.e0265,AD,E0265,personal,2014-07-16,True,,2026-05-16
erp.e0265,ERP,E0265,personal,2014-07-18,True,,2026-06-28
ad.e0266,AD,E0266,personal,2022-06-13,True,,2026-06-25
erp.e0266,ERP,E0266,personal,2022-06-12,True,,2026-06-16
ad.e0267,AD,E0267,personal,2015-07-22,True,,2026-06-29
erp.e0267,ERP,E0267,personal,2015-07-21,True,,2026-06-29
ad.e0268,AD,E0268,personal,2016-08-27,True,,2026-06-29
erp.e0268,ERP,E0268,personal,2016-08-26,True,,2026-06-22
ad.e0269,AD,E0269,personal,2022-03-28,True,,2026-06-25
erp.e0269,ERP,E0269,personal,2022-03-29,True,,2026-06-22
ad.e0270,AD,E0270,personal,2013-07-21,True,,2026-05-16
erp.e0270,ERP,E0270,personal,2013-07-23,True,,2026-06-22
ad.e0271,AD,E0271,personal,2023-10-01,True,,2026-06-27
erp.e0271,ERP,E0271,personal,2023-09-29,True,,2026-05-31
ad.e0272,AD,E0272,personal,2025-07-11,True,,2026-06-28
erp.e0272,ERP,E0272,personal,2025-07-11,True,,2026-06-27
ad.e0273,AD,E0273,personal,2016-10-25,True,,2026-06-28
erp.e0273,ERP,E0273,personal,2016-10-24,True,,2026-06-27
ad.e0274,AD,E0274,personal,2014-05-18,True,,2026-06-29
erp.e0274,ERP,E0274,personal,2014-05-19,True,,2026-06-28
ad.e0275,AD,E0275,personal,2026-02-12,True,,2026-06-27
erp.e0275,ERP,E0275,personal,2026-02-12,True,,2026-06-30
ad.e0276,AD,E0276,personal,2015-08-06,True,,2026-06-30
erp.e0276,ERP,E0276,personal,2015-08-07,True,,2026-06-28
ad.e0277,AD,E0277,personal,2019-12-28,False,2023-10-09,2023-10-04
erp.e0277,ERP,E0277,personal,2019-12-28,False,2023-10-06,2023-10-06
ad.e0278,AD,E0278,personal,2020-08-01,True,,2026-06-30
erp.e0278,ERP,E0278,personal,2020-07-31,True,,2026-06-28
ad.e0279,AD,E0279,personal,2014-09-13,True,,2026-06-30
erp.e0279,ERP,E0279,personal,2014-09-14,True,,2026-05-31
ad.e0280,AD,E0280,personal,2024-01-26,True,,2026-06-30
erp.e0280,ERP,E0280,personal,2024-01-25,True,,2026-06-30
ad.e0281,AD,E0281,personal,2020-10-28,True,,2026-06-30
erp.e0281,ERP,E0281,personal,2020-10-30,True,,2026-06-29
ad.e0282,AD,E0282,personal,2016-08-09,True,,2026-06-30
erp.e0282,ERP,E0282,personal,2016-08-08,True,,2026-06-16
ad.e0283,AD,E0283,personal,2019-09-16,False,2020-10-26,2020-10-26
erp.e0283,ERP,E0283,personal,2019-09-18,False,2020-10-26,2020-10-22
ad.e0284,AD,E0284,personal,2015-04-10,True,,2026-06-30
erp.e0284,ERP,E0284,personal,2015-04-09,True,,2026-06-29
ad.e0285,AD,E0285,personal,2016-11-12,True,,2026-06-27
erp.e0285,ERP,E0285,personal,2016-11-10,True,,2026-06-30
ad.e0286,AD,E0286,personal,2018-01-28,True,,2026-06-30
erp.e0286,ERP,E0286,personal,2018-01-26,True,,2026-06-25
ad.e0287,AD,E0287,personal,2022-03-24,True,,2026-06-30
erp.e0287,ERP,E0287,personal,2022-03-23,True,,2026-06-27
ad.e0288,AD,E0288,personal,2026-01-23,False,2026-03-30,2026-03-24
erp.e0288,ERP,E0288,personal,2026-01-23,False,2026-03-27,2026-03-23
ad.e0289,AD,E0289,personal,2016-07-19,True,,2026-06-16
erp.e0289,ERP,E0289,personal,2016-07-19,True,,2026-06-25
ad.e0290,AD,E0290,personal,2016-03-07,True,,2026-06-29
erp.e0290,ERP,E0290,personal,2016-03-09,True,,2026-06-22
ad.e0291,AD,E0291,personal,2025-08-06,True,,2026-06-30
erp.e0291,ERP,E0291,personal,2025-08-05,True,,2026-06-30
ad.e0292,AD,E0292,personal,2013-04-24,True,,2026-06-29
erp.e0292,ERP,E0292,personal,2013-04-23,True,,2026-06-28
ad.e0293,AD,E0293,personal,2025-12-04,True,,2026-06-29
erp.e0293,ERP,E0293,personal,2025-12-02,True,,2026-06-29
ad.e0294,AD,E0294,personal,2012-12-25,True,,2026-06-29
erp.e0294,ERP,E0294,personal,2012-12-23,True,,2026-06-30
ad.e0295,AD,E0295,personal,2024-12-19,False,2025-07-03,2025-06-29
hris.e0295,HRIS,E0295,personal,2024-12-17,False,2025-07-03,2025-06-28
ad.e0296,AD,E0296,personal,2019-04-05,False,2020-11-19,2020-11-15
hris.e0296,HRIS,E0296,personal,2019-04-03,False,2020-11-18,2020-11-18
ad.e0297,AD,E0297,personal,2014-04-24,True,,2026-06-28
hris.e0297,HRIS,E0297,personal,2014-04-24,True,,2026-06-27
ad.e0298,AD,E0298,personal,2016-09-22,True,,2026-06-29
hris.e0298,HRIS,E0298,personal,2016-09-22,True,,2026-06-28
ad.e0299,AD,E0299,personal,2025-02-21,False,2026-04-07,2026-04-05
hris.e0299,HRIS,E0299,personal,2025-02-20,False,2026-04-07,2026-04-05
ad.e0300,AD,E0300,personal,2012-03-08,True,,2026-06-28
hris.e0300,HRIS,E0300,personal,2012-03-09,True,,2026-06-30
ad.e0301,AD,E0301,personal,2019-05-10,True,,2026-06-30
hris.e0301,HRIS,E0301,personal,2019-05-09,True,,2026-06-28
ad.e0302,AD,E0302,personal,2012-11-02,True,,2026-06-27
hris.e0302,HRIS,E0302,personal,2012-11-02,True,,2026-06-28
ad.e0303,AD,E0303,personal,2020-04-20,False,2022-03-14,2022-03-07
hris.e0303,HRIS,E0303,personal,2020-04-20,False,2022-03-14,2022-03-08
ad.e0304,AD,E0304,personal,2018-04-28,True,,2026-06-16
hris.e0304,HRIS,E0304,personal,2018-04-30,True,,2026-06-28
ad.e0305,AD,E0305,personal,2017-07-14,True,,2026-06-30
hris.e0305,HRIS,E0305,personal,2017-07-15,True,,2026-06-28
ad.e0306,AD,E0306,personal,2014-02-23,False,2022-02-24,2022-02-21
hris.e0306,HRIS,E0306,personal,2014-02-22,False,2022-02-24,2022-02-20
ad.e0307,AD,E0307,personal,2012-06-22,True,,2026-06-30
hris.e0307,HRIS,E0307,personal,2012-06-22,True,,2026-06-27
ad.e0308,AD,E0308,personal,2016-11-01,True,,2026-06-30
hris.e0308,HRIS,E0308,personal,2016-11-03,True,,2026-06-30
ad.e0309,AD,E0309,personal,2020-02-04,True,,2026-06-29
hris.e0309,HRIS,E0309,personal,2020-02-04,True,,2026-06-16
ad.e0310,AD,E0310,personal,2017-11-22,True,,2026-06-30
hris.e0310,HRIS,E0310,personal,2017-11-23,True,,2026-06-22
ad.e0311,AD,E0311,personal,2016-07-16,True,,2026-06-28
hris.e0311,HRIS,E0311,personal,2016-07-16,True,,2026-06-29
ad.e0312,AD,E0312,personal,2026-05-03,True,,2026-06-27
hris.e0312,HRIS,E0312,personal,2026-05-03,True,,2026-06-22
ad.e0313,AD,E0313,personal,2024-04-22,True,,2026-06-27
hris.e0313,HRIS,E0313,personal,2024-04-20,True,,2026-06-30
payroll.e0313,PAYROLL,E0313,personal,2024-04-21,True,,2026-06-30
ad.e0314,AD,E0314,personal,2026-04-05,True,,2026-06-27
hris.e0314,HRIS,E0314,personal,2026-04-05,True,,2026-06-30
ad.e0315,AD,E0315,personal,2022-09-07,True,,2026-06-30
hris.e0315,HRIS,E0315,personal,2022-09-08,True,,2026-06-16
ad.e0316,AD,E0316,personal,2019-12-03,True,,2026-06-28
hris.e0316,HRIS,E0316,personal,2019-12-02,True,,2026-06-29
ad.e0317,AD,E0317,personal,2019-04-10,True,,2026-06-28
hris.e0317,HRIS,E0317,personal,2019-04-09,True,,2026-06-29
ad.e0318,AD,E0318,personal,2022-09-06,True,,2026-06-28
hris.e0318,HRIS,E0318,personal,2022-09-04,True,,2026-06-27
ad.e0319,AD,E0319,personal,2022-10-18,True,,2026-06-28
hris.e0319,HRIS,E0319,personal,2022-10-18,True,,2026-06-29
ad.e0320,AD,E0320,personal,2019-09-22,False,2025-12-22,2025-12-18
hris.e0320,HRIS,E0320,personal,2019-09-22,False,2025-12-23,2025-12-16
ad.e0321,AD,E0321,personal,2012-10-11,False,2025-10-28,2025-09-30
hris.e0321,HRIS,E0321,personal,2012-10-11,False,2025-10-28,2025-10-01
ad.e0322,AD,E0322,personal,2014-08-24,True,,2026-06-30
hris.e0322,HRIS,E0322,personal,2014-08-25,True,,2026-06-29
ad.e0323,AD,E0323,personal,2019-03-31,True,,2026-06-29
hris.e0323,HRIS,E0323,personal,2019-03-30,True,,2026-06-29
ad.e0324,AD,E0324,personal,2022-01-17,True,,2026-06-28
hris.e0324,HRIS,E0324,personal,2022-01-19,True,,2026-06-29
ad.e0325,AD,E0325,personal,2017-08-13,True,,2026-06-29
hris.e0325,HRIS,E0325,personal,2017-08-13,True,,2026-06-27
ad.e0326,AD,E0326,personal,2017-03-08,True,,2026-06-28
hris.e0326,HRIS,E0326,personal,2017-03-08,True,,2026-06-27
ad.e0327,AD,E0327,personal,2014-12-29,True,,2026-06-30
hris.e0327,HRIS,E0327,personal,2014-12-29,True,,2026-06-27
ad.e0328,AD,E0328,personal,2021-10-10,False,2026-02-10,2026-02-09
hris.e0328,HRIS,E0328,personal,2021-10-09,False,2026-02-10,2026-02-09
ad.e0329,AD,E0329,personal,2019-10-21,False,2021-08-25,2021-08-22
hris.e0329,HRIS,E0329,personal,2019-10-19,False,2021-08-25,2021-08-22
ad.e0330,AD,E0330,personal,2018-09-18,True,,2026-06-30
hris.e0330,HRIS,E0330,personal,2018-09-17,True,,2026-06-16
ad.e0331,AD,E0331,personal,2022-06-07,True,,2026-06-28
hris.e0331,HRIS,E0331,personal,2022-06-07,True,,2026-06-30
ad.e0332,AD,E0332,personal,2015-08-13,False,2021-06-24,2021-06-21
hris.e0332,HRIS,E0332,personal,2015-08-14,False,2021-06-24,2021-06-22
ad.e0333,AD,E0333,personal,2024-01-07,True,,2026-06-30
hris.e0333,HRIS,E0333,personal,2024-01-07,True,,2026-06-30
ad.e0334,AD,E0334,personal,2015-09-23,True,,2026-06-27
hris.e0334,HRIS,E0334,personal,2015-09-23,True,,2026-06-30
payroll.e0334,PAYROLL,E0334,personal,2015-09-21,True,,2026-06-25
ad.e0335,AD,E0335,personal,2023-01-24,True,,2026-06-22
hris.e0335,HRIS,E0335,personal,2023-01-24,True,,2026-06-22
ad.e0336,AD,E0336,personal,2012-01-18,True,,2026-05-31
hris.e0336,HRIS,E0336,personal,2012-01-18,True,,2026-06-22
ad.e0337,AD,E0337,personal,2012-06-06,True,,2026-06-30
hris.e0337,HRIS,E0337,personal,2012-06-08,True,,2026-06-30
payroll.e0337,PAYROLL,E0337,personal,2012-06-06,True,,2026-06-29
ad.e0338,AD,E0338,personal,2012-03-27,True,,2026-06-30
hris.e0338,HRIS,E0338,personal,2012-03-25,True,,2026-06-30
payroll.e0338,PAYROLL,E0338,personal,2012-03-27,True,,2026-06-30
ad.e0339,AD,E0339,personal,2022-01-27,True,,2026-03-12
hris.e0339,HRIS,E0339,personal,2022-01-26,True,,2026-03-11
payroll.e0339,PAYROLL,E0339,personal,2022-01-27,True,,2026-03-11
ad.e0340,AD,E0340,personal,2015-09-28,True,,2026-06-29
hris.e0340,HRIS,E0340,personal,2015-09-28,True,,2026-06-30
payroll.e0340,PAYROLL,E0340,personal,2015-09-26,True,,2026-06-28
ad.e0341,AD,E0341,personal,2018-07-08,False,2020-12-03,2020-11-29
hris.e0341,HRIS,E0341,personal,2018-07-07,False,2020-12-04,2020-11-30
payroll.e0341,PAYROLL,E0341,personal,2018-07-08,False,2020-12-04,2020-12-02
ad.e0342,AD,E0342,personal,2026-02-10,True,,2026-06-16
hris.e0342,HRIS,E0342,personal,2026-02-09,True,,2026-06-28
payroll.e0342,PAYROLL,E0342,personal,2026-02-10,True,,2026-06-29
ad.e0343,AD,E0343,personal,2016-09-06,True,,2026-06-30
hris.e0343,HRIS,E0343,personal,2016-09-05,True,,2026-06-25
payroll.e0343,PAYROLL,E0343,personal,2016-09-05,True,,2026-06-30
ad.e0344,AD,E0344,personal,2020-04-18,False,2022-03-14,2022-03-10
hris.e0344,HRIS,E0344,personal,2020-04-18,False,2022-03-14,2022-03-13
payroll.e0344,PAYROLL,E0344,personal,2020-04-16,False,2022-03-14,2022-03-14
ad.e0345,AD,E0345,personal,2014-09-30,True,,2026-06-30
hris.e0345,HRIS,E0345,personal,2014-10-01,True,,2026-06-29
payroll.e0345,PAYROLL,E0345,personal,2014-10-01,True,,2026-06-29
ad.e0346,AD,E0346,personal,2018-06-19,False,2026-01-27,2026-01-25
hris.e0346,HRIS,E0346,personal,2018-06-19,False,2026-01-28,2026-01-23
payroll.e0346,PAYROLL,E0346,personal,2018-06-19,False,2026-01-27,2026-01-25
ad.e0347,AD,E0347,personal,2018-03-10,True,,2026-06-25
hris.e0347,HRIS,E0347,personal,2018-03-10,True,,2026-06-28
payroll.e0347,PAYROLL,E0347,personal,2018-03-10,True,,2026-06-25
ad.e0348,AD,E0348,personal,2024-02-14,True,,2026-06-28
hris.e0348,HRIS,E0348,personal,2024-02-14,True,,2026-06-25
payroll.e0348,PAYROLL,E0348,personal,2024-02-13,True,,2026-06-30
ad.e0349,AD,E0349,personal,2023-10-05,False,2025-06-23,2025-06-19
hris.e0349,HRIS,E0349,personal,2023-10-07,False,2025-06-23,2025-06-16
payroll.e0349,PAYROLL,E0349,personal,2023-10-05,False,2025-06-20,2025-06-17
ad.e0350,AD,E0350,personal,2013-11-12,True,,2026-06-29
hris.e0350,HRIS,E0350,personal,2013-11-13,True,,2026-05-16
payroll.e0350,PAYROLL,E0350,personal,2013-11-13,True,,2026-05-31
ad.e0351,AD,E0351,personal,2017-08-12,True,,2026-06-30
hris.e0351,HRIS,E0351,personal,2017-08-11,True,,2026-06-29
payroll.e0351,PAYROLL,E0351,personal,2017-08-11,True,,2026-02-07
ad.e0352,AD,E0352,personal,2015-10-06,True,,2026-06-30
hris.e0352,HRIS,E0352,personal,2015-10-07,True,,2026-06-30
payroll.e0352,PAYROLL,E0352,personal,2015-10-08,True,,2026-06-30
ad.e0353,AD,E0353,personal,2018-03-12,True,,2026-06-30
hris.e0353,HRIS,E0353,personal,2018-03-10,True,,2026-05-31
payroll.e0353,PAYROLL,E0353,personal,2018-03-10,True,,2026-06-28
ad.e0354,AD,E0354,personal,2021-01-04,False,2026-04-10,2026-04-10
hris.e0354,HRIS,E0354,personal,2021-01-05,False,2026-04-13,2026-04-08
payroll.e0354,PAYROLL,E0354,personal,2021-01-05,False,2026-04-13,2026-04-10
ad.e0355,AD,E0355,personal,2012-11-23,True,,2026-06-30
hris.e0355,HRIS,E0355,personal,2012-11-21,True,,2026-06-16
payroll.e0355,PAYROLL,E0355,personal,2012-11-22,True,,2026-06-16
ad.e0356,AD,E0356,personal,2026-02-08,True,,2026-06-22
hris.e0356,HRIS,E0356,personal,2026-02-06,True,,2026-06-30
payroll.e0356,PAYROLL,E0356,personal,2026-02-07,True,,2026-06-28
ad.e0357,AD,E0357,personal,2024-10-15,True,,2026-06-29
hris.e0357,HRIS,E0357,personal,2024-10-15,True,,2026-06-30
payroll.e0357,PAYROLL,E0357,personal,2024-10-16,True,,2026-06-25
ad.e0358,AD,E0358,personal,2022-07-14,True,,2026-06-29
hris.e0358,HRIS,E0358,personal,2022-07-13,True,,2026-06-30
payroll.e0358,PAYROLL,E0358,personal,2022-07-12,True,,2026-06-30
ad.e0359,AD,E0359,personal,2023-09-08,True,,2026-06-29
hris.e0359,HRIS,E0359,personal,2023-09-08,True,,2026-06-30
payroll.e0359,PAYROLL,E0359,personal,2023-09-08,True,,2026-03-17
ad.e0360,AD,E0360,personal,2014-09-06,True,,2026-06-22
hris.e0360,HRIS,E0360,personal,2014-09-06,True,,2026-06-28
payroll.e0360,PAYROLL,E0360,personal,2014-09-07,True,,2026-06-30
ad.e0361,AD,E0361,personal,2022-01-05,False,2023-09-04,2023-08-28
hris.e0361,HRIS,E0361,personal,2022-01-07,False,2023-09-04,2023-08-31
payroll.e0361,PAYROLL,E0361,personal,2022-01-06,False,2023-09-04,2023-08-28
ad.e0362,AD,E0362,personal,2024-01-01,True,,2026-06-30
hris.e0362,HRIS,E0362,personal,2023-12-30,True,,2026-06-29
payroll.e0362,PAYROLL,E0362,personal,2024-01-01,True,,2026-06-28
ad.e0363,AD,E0363,personal,2016-12-09,True,,2026-06-28
hris.e0363,HRIS,E0363,personal,2016-12-09,True,,2026-06-16
payroll.e0363,PAYROLL,E0363,personal,2016-12-11,True,,2026-06-27
ad.e0364,AD,E0364,personal,2015-01-28,True,,2026-06-30
hris.e0364,HRIS,E0364,personal,2015-01-29,True,,2026-06-29
payroll.e0364,PAYROLL,E0364,personal,2015-01-29,True,,2026-06-27
ad.e0365,AD,E0365,personal,2020-04-06,True,,2026-06-27
hris.e0365,HRIS,E0365,personal,2020-04-06,True,,2026-06-29
payroll.e0365,PAYROLL,E0365,personal,2020-04-05,True,,2026-06-29
ad.e0366,AD,E0366,personal,2020-11-10,True,,2026-06-29
hris.e0366,HRIS,E0366,personal,2020-11-10,True,,2026-06-30
payroll.e0366,PAYROLL,E0366,personal,2020-11-10,True,,2026-06-27
ad.e0367,AD,E0367,personal,2018-01-09,False,2026-03-30,2026-03-26
hris.e0367,HRIS,E0367,personal,2018-01-09,False,2026-03-30,2026-03-28
payroll.e0367,PAYROLL,E0367,personal,2018-01-08,False,2026-03-31,2026-03-29
ad.e0368,AD,E0368,personal,2022-06-24,True,,2026-06-30
hris.e0368,HRIS,E0368,personal,2022-06-23,True,,2026-06-30
payroll.e0368,PAYROLL,E0368,personal,2022-06-24,True,,2026-06-30
ad.e0369,AD,E0369,personal,2025-09-02,True,,2026-06-30
hris.e0369,HRIS,E0369,personal,2025-09-02,True,,2026-06-30
payroll.e0369,PAYROLL,E0369,personal,2025-09-04,True,,2026-05-31
ad.e0370,AD,E0370,personal,2022-07-11,True,,2026-06-29
hris.e0370,HRIS,E0370,personal,2022-07-12,True,,2026-06-28
payroll.e0370,PAYROLL,E0370,personal,2022-07-11,True,,2026-06-27
ad.e0371,AD,E0371,personal,2013-01-24,True,,2026-06-29
hris.e0371,HRIS,E0371,personal,2013-01-24,True,,2026-06-30
payroll.e0371,PAYROLL,E0371,personal,2013-01-26,True,,2026-06-28
ad.e0372,AD,E0372,personal,2024-03-11,True,,2026-06-28
hris.e0372,HRIS,E0372,personal,2024-03-09,True,,2026-06-30
payroll.e0372,PAYROLL,E0372,personal,2024-03-09,True,,2026-06-22
ad.e0373,AD,E0373,personal,2025-11-19,True,,2026-06-25
hris.e0373,HRIS,E0373,personal,2025-11-19,True,,2026-06-28
payroll.e0373,PAYROLL,E0373,personal,2025-11-19,True,,2026-06-30
ad.e0374,AD,E0374,personal,2013-02-09,True,,2026-06-29
hris.e0374,HRIS,E0374,personal,2013-02-09,True,,2026-06-28
payroll.e0374,PAYROLL,E0374,personal,2013-02-09,True,,2026-06-25
ad.e0375,AD,E0375,personal,2022-10-07,True,,2026-06-30
hris.e0375,HRIS,E0375,personal,2022-10-06,True,,2026-06-30
payroll.e0375,PAYROLL,E0375,personal,2022-10-05,True,,2026-06-30
ad.e0376,AD,E0376,personal,2012-08-28,True,,2026-06-28
hris.e0376,HRIS,E0376,personal,2012-08-30,True,,2026-06-25
payroll.e0376,PAYROLL,E0376,personal,2012-08-28,True,,2026-06-30
ad.e0377,AD,E0377,personal,2025-10-26,True,,2026-06-30
hris.e0377,HRIS,E0377,personal,2025-10-24,True,,2026-06-25
payroll.e0377,PAYROLL,E0377,personal,2025-10-24,True,,2025-12-12
ad.e0378,AD,E0378,personal,2018-12-12,True,,2026-06-27
hris.e0378,HRIS,E0378,personal,2018-12-12,True,,2026-06-29
payroll.e0378,PAYROLL,E0378,personal,2018-12-12,True,,2026-06-30
ad.e0379,AD,E0379,personal,2015-06-08,True,,2026-06-22
ad.e0380,AD,E0380,personal,2020-01-24,True,,2026-06-29
ad.e0381,AD,E0381,personal,2018-09-26,True,,2026-06-30
ad.e0382,AD,E0382,personal,2020-03-12,True,,2026-06-29
ad.e0383,AD,E0383,personal,2016-09-05,True,,2026-06-28
ad.e0384,AD,E0384,personal,2016-04-16,False,2022-08-01,2022-07-29
ad.e0385,AD,E0385,personal,2020-01-07,True,,2026-06-29
ad.e0386,AD,E0386,personal,2021-02-07,True,,2026-06-28
ad.e0387,AD,E0387,personal,2017-05-10,True,,2026-06-29
ad.e0388,AD,E0388,personal,2018-05-09,False,2024-07-02,2024-06-28
ad.e0389,AD,E0389,personal,2020-09-21,True,,2026-06-30
ad.e0390,AD,E0390,personal,2023-12-10,True,,2026-06-27
ad.e0391,AD,E0391,personal,2022-06-15,True,,2025-10-04
ad.e0392,AD,E0392,personal,2014-12-13,True,,2026-06-30
ad.e0393,AD,E0393,personal,2019-08-28,True,,2026-06-29
ad.e0394,AD,E0394,personal,2022-07-23,False,2025-08-06,2025-08-05
ad.e0395,AD,E0395,personal,2021-01-17,True,,2026-06-29
ad.e0396,AD,E0396,personal,2012-05-04,False,2021-10-20,2021-10-18
ad.e0397,AD,E0397,personal,2015-08-21,True,,2026-06-30
ad.e0398,AD,E0398,personal,2013-10-27,True,,2026-06-29
ad.e0399,AD,E0399,personal,2016-05-29,True,,2026-06-29
ad.e0400,AD,E0400,personal,2014-07-22,True,,2026-06-28
ad.e0401,AD,E0401,personal,2020-03-01,True,,2026-06-25
ad.e0402,AD,E0402,personal,2016-05-14,True,,2026-05-31
ad.e0403,AD,E0403,personal,2016-04-04,True,,2026-06-30
ad.e0404,AD,E0404,personal,2014-07-14,False,2020-07-23,2020-07-20
ad.e0405,AD,E0405,personal,2012-05-04,True,,2026-06-28
ad.e0406,AD,E0406,personal,2012-03-12,True,,2026-06-30
ad.e0407,AD,E0407,personal,2025-05-14,True,,2026-06-27
ad.e0408,AD,E0408,personal,2020-11-27,True,,2026-05-31
ad.e0409,AD,E0409,personal,2025-08-12,True,,2026-06-28
ad.e0410,AD,E0410,personal,2025-06-28,True,,2026-06-27
ad.e0411,AD,E0411,personal,2020-12-10,True,,2026-06-28
ad.e0412,AD,E0412,personal,2020-01-04,False,2024-07-09,2024-07-05
ad.e0413,AD,E0413,personal,2020-11-28,True,,2026-06-29
ad.e0414,AD,E0414,personal,2022-06-09,True,,2025-11-16
ad.e0415,AD,E0415,personal,2025-12-29,True,,2026-06-27
ad.e0416,AD,E0416,personal,2015-11-07,True,,2026-06-25
ad.e0417,AD,E0417,personal,2016-08-28,True,,2026-06-25
ad.e0418,AD,E0418,personal,2018-06-16,True,,2026-06-30
ad.e0419,AD,E0419,personal,2020-10-02,False,2026-01-26,2026-01-25
ad.e0420,AD,E0420,personal,2015-02-20,False,2024-02-14,2024-02-14
ad.e0421,AD,E0421,personal,2025-11-08,True,,2026-06-25
ad.e0422,AD,E0422,personal,2025-09-07,True,,2026-06-30
ad.e0423,AD,E0423,personal,2018-04-29,True,,2026-06-29
ad.e0424,AD,E0424,personal,2025-01-17,True,,2026-06-29
ad.e0425,AD,E0425,personal,2017-03-06,False,2026-01-05,2026-01-03
ad.e0426,AD,E0426,personal,2025-03-10,False,2025-09-16,2025-08-12
ad.e0427,AD,E0427,personal,2016-07-31,True,,2026-06-30
ad.e0428,AD,E0428,personal,2017-12-27,True,,2026-06-28
ad.e0429,AD,E0429,personal,2017-02-11,True,,2026-06-29
ad.e0430,AD,E0430,personal,2014-11-27,True,,2026-06-25
ad.e0431,AD,E0431,personal,2017-01-12,True,,2025-08-24
ad.e0432,AD,E0432,personal,2024-07-04,True,,2026-06-30
ad.e0433,AD,E0433,personal,2023-06-19,True,,2026-06-30
ad.e0434,AD,E0434,personal,2023-07-13,True,,2026-06-29
ad.e0435,AD,E0435,personal,2020-11-18,False,2026-05-15,2026-05-12
ad.e0436,AD,E0436,personal,2023-06-13,True,,2026-06-30
ad.e0437,AD,E0437,personal,2014-01-19,True,,2026-06-30
ad.e0438,AD,E0438,personal,2025-06-27,True,,2026-06-29
ad.e0439,AD,E0439,personal,2016-06-18,False,2023-08-21,2023-08-16
ad.e0440,AD,E0440,personal,2018-07-28,True,,2026-06-30
ad.e0441,AD,E0441,personal,2017-09-15,False,2026-05-25,2026-05-21
ad.e0442,AD,E0442,personal,2019-07-07,True,,2026-06-16
ad.e0443,AD,E0443,personal,2016-04-28,True,,2026-06-29
ad.e0444,AD,E0444,personal,2020-12-29,True,,2026-06-29
ad.e0445,AD,E0445,personal,2018-02-04,True,,2026-06-28
ad.e0446,AD,E0446,personal,2024-07-20,True,,2026-06-25
ad.e0447,AD,E0447,personal,2021-06-15,True,,2026-06-30
ad.e0448,AD,E0448,personal,2021-10-22,False,2026-02-12,2026-02-08
ad.e0449,AD,E0449,personal,2018-07-14,True,,2026-05-16
ad.e0450,AD,E0450,personal,2017-03-07,True,,2026-06-28
ad.e0451,AD,E0451,personal,2022-03-18,False,2022-09-07,2022-09-03
ad.e0452,AD,E0452,personal,2018-02-09,True,,2026-06-22
ad.e0453,AD,E0453,personal,2020-10-06,True,,2026-06-27
ad.e0454,AD,E0454,personal,2017-11-19,False,2021-04-27,2021-04-25
ad.e0455,AD,E0455,personal,2012-08-07,False,2026-06-03,2026-05-31
ad.e0456,AD,E0456,personal,2020-08-28,True,,2026-06-30
ad.e0457,AD,E0457,personal,2021-05-28,True,,2026-06-30
ad.e0458,AD,E0458,personal,2019-05-19,True,,2026-06-27
ad.e0459,AD,E0459,personal,2017-06-02,True,,2026-06-29
ad.e0460,AD,E0460,personal,2019-01-09,True,,2026-06-29
erp.e0460,ERP,E0460,personal,2019-01-09,True,,2026-06-27
ad.e0461,AD,E0461,personal,2012-03-02,True,,2026-06-29
ad.e0462,AD,E0462,personal,2020-01-01,False,2025-10-22,2025-10-18
ad.e0463,AD,E0463,personal,2024-11-19,False,2026-01-19,2026-01-15
erp.e0463,ERP,E0463,personal,2024-11-20,False,2026-01-20,2026-01-13
ad.e0464,AD,E0464,personal,2016-07-28,False,2024-07-15,2024-07-10
erp.e0464,ERP,E0464,personal,2016-07-29,False,2024-07-15,2024-07-10
ad.e0465,AD,E0465,personal,2022-09-10,True,,2026-06-16
erp.e0465,ERP,E0465,personal,2022-09-10,True,,2026-06-16
ad.e0466,AD,E0466,personal,2018-02-16,True,,2026-06-22
erp.e0466,ERP,E0466,personal,2018-02-15,True,,2026-06-29
ad.e0467,AD,E0467,personal,2024-08-28,True,,2026-06-22
erp.e0467,ERP,E0467,personal,2024-08-29,True,,2026-06-28
ad.e0468,AD,E0468,personal,2013-06-04,True,,2026-06-27
erp.e0468,ERP,E0468,personal,2013-06-05,True,,2026-06-25
ad.e0469,AD,E0469,personal,2013-01-18,False,2025-09-22,2025-09-17
erp.e0469,ERP,E0469,personal,2013-01-19,False,2025-09-19,2025-09-15
ad.e0470,AD,E0470,personal,2013-08-11,True,,2026-06-27
erp.e0470,ERP,E0470,personal,2013-08-13,True,,2026-06-29
ad.e0471,AD,E0471,personal,2012-03-17,False,2025-08-19,2025-08-13
erp.e0471,ERP,E0471,personal,2012-03-19,False,2025-08-18,2025-08-13
ad.e0472,AD,E0472,personal,2020-09-23,True,,2026-06-28
erp.e0472,ERP,E0472,personal,2020-09-23,True,,2026-06-29
ad.e0473,AD,E0473,personal,2021-12-06,True,,2026-06-28
erp.e0473,ERP,E0473,personal,2021-12-05,True,,2026-06-29
ad.e0474,AD,E0474,personal,2012-01-19,False,2025-10-10,2025-10-08
erp.e0474,ERP,E0474,personal,2012-01-19,False,2025-10-09,2025-10-05
ad.e0475,AD,E0475,personal,2025-12-08,True,,2026-06-30
erp.e0475,ERP,E0475,personal,2025-12-07,True,,2026-05-31
ad.e0476,AD,E0476,personal,2024-11-13,True,,2026-06-28
erp.e0476,ERP,E0476,personal,2024-11-13,True,,2026-06-28
ad.e0477,AD,E0477,personal,2025-10-16,True,,2026-06-25
ad.e0478,AD,E0478,personal,2023-08-27,False,2024-06-26,2024-06-25
ad.e0479,AD,E0479,personal,2012-04-21,True,,2026-06-27
ad.e0480,AD,E0480,personal,2020-11-07,True,,2026-06-16
ad.e0481,AD,E0481,personal,2026-03-23,True,,2026-06-30
ad.e0482,AD,E0482,personal,2025-04-12,True,,2025-11-05
ad.e0483,AD,E0483,personal,2015-02-13,False,2026-04-24,2026-04-20
ad.e0484,AD,E0484,personal,2017-03-20,True,,2026-06-28
ad.e0485,AD,E0485,personal,2023-07-09,True,,2026-06-28
ad.e0486,AD,E0486,personal,2019-11-07,True,,2026-06-29
ad.e0487,AD,E0487,personal,2021-11-01,True,,2026-06-29
ad.e0488,AD,E0488,personal,2018-05-22,True,,2026-06-30
ad.e0489,AD,E0489,personal,2016-09-04,True,,2026-06-30
ad.e0490,AD,E0490,personal,2014-03-12,False,2025-07-09,2025-07-08
ad.e0491,AD,E0491,personal,2012-10-28,False,2023-12-18,2023-12-13
ad.e0492,AD,E0492,personal,2020-04-16,True,,2026-06-27
ad.e0493,AD,E0493,personal,2024-01-18,True,,2026-06-29
ad.e0494,AD,E0494,personal,2026-02-01,True,,2026-06-22
ad.e0495,AD,E0495,personal,2018-06-29,False,2025-10-08,2025-10-01
ad.e0496,AD,E0496,personal,2024-08-28,True,,2026-06-28
ad.e0497,AD,E0497,personal,2013-07-30,True,,2026-06-28
ad.e0498,AD,E0498,personal,2020-07-19,False,2026-05-11,2026-05-09
ad.e0499,AD,E0499,personal,2025-12-16,True,,2026-06-29
ad.e0500,AD,E0500,personal,2022-01-16,True,,2026-06-27
ad.e0501,AD,E0501,personal,2016-02-07,True,,2026-06-27
ad.e0502,AD,E0502,personal,2022-01-17,True,,2026-06-22
ad.e0503,AD,E0503,personal,2020-11-28,False,2025-01-21,2025-01-18
ad.e0504,AD,E0504,personal,2020-11-30,True,,2026-06-29
ad.e0505,AD,E0505,personal,2024-08-02,True,,2026-06-29
ad.e0506,AD,E0506,personal,2025-03-20,False,2026-04-27,2026-04-23
ad.e0507,AD,E0507,personal,2012-10-04,True,,2026-06-30
erp.e0507,ERP,E0507,personal,2012-10-04,True,,2026-06-28
ad.e0508,AD,E0508,personal,2015-12-05,True,,2026-06-29
ad.e0509,AD,E0509,personal,2018-11-17,True,,2026-06-29
ad.e0510,AD,E0510,personal,2015-06-20,True,,2026-06-30
ad.e0511,AD,E0511,personal,2021-06-23,False,2025-10-30,2025-10-26
ad.e0512,AD,E0512,personal,2025-12-05,True,,2026-06-25
ad.e0513,AD,E0513,personal,2014-03-02,True,,2026-06-27
ad.e0514,AD,E0514,personal,2026-03-15,True,,2025-08-30
ad.e0515,AD,E0515,personal,2019-05-17,True,,2026-06-22
ad.e0516,AD,E0516,personal,2026-03-14,True,,2026-05-31
ad.e0517,AD,E0517,personal,2017-04-20,True,,2026-06-29
ad.e0518,AD,E0518,personal,2020-08-24,True,,2026-06-25
ad.e0519,AD,E0519,personal,2024-09-27,True,,2026-06-25
ad.e0520,AD,E0520,personal,2022-02-08,True,,2026-04-19
ad.e0521,AD,E0521,personal,2019-12-28,True,,2026-06-30
ad.e0522,AD,E0522,personal,2023-11-30,True,,2026-06-29
ad.e0523,AD,E0523,personal,2017-05-24,True,,2026-06-30
ad.e0524,AD,E0524,personal,2026-01-08,True,,2026-06-27
ad.e0525,AD,E0525,personal,2026-01-20,True,,2026-06-29
ad.e0526,AD,E0526,personal,2021-09-17,True,,2026-06-28
ad.e0527,AD,E0527,personal,2019-05-21,True,,2026-06-25
ad.e0528,AD,E0528,personal,2022-05-15,True,,2026-06-25
ad.e0529,AD,E0529,personal,2015-02-17,True,,2026-06-28
ad.e0530,AD,E0530,personal,2023-06-14,True,,2026-06-30
ad.e0531,AD,E0531,personal,2019-01-15,False,2024-01-26,2024-01-24
ad.e0532,AD,E0532,personal,2020-10-26,False,2024-03-18,2024-03-11
ad.e0533,AD,E0533,personal,2017-02-27,True,,2026-06-29
ad.e0534,AD,E0534,personal,2015-03-08,True,,2026-06-28
ad.e0535,AD,E0535,personal,2014-08-04,True,,2026-06-29
ad.e0536,AD,E0536,personal,2016-10-05,True,,2026-06-30
ad.e0537,AD,E0537,personal,2014-03-15,True,,2026-06-29
ad.e0538,AD,E0538,personal,2013-06-27,True,,2026-05-31
ad.e0539,AD,E0539,personal,2024-10-31,True,,2026-06-29
ad.e0540,AD,E0540,personal,2018-02-05,False,2024-01-01,2023-12-29
ad.e0541,AD,E0541,personal,2018-09-29,True,,2026-06-30
ad.e0542,AD,E0542,personal,2019-08-14,True,,2026-06-30
ad.e0543,AD,E0543,personal,2025-09-05,True,,2026-05-16
ad.e0544,AD,E0544,personal,2013-08-27,True,,2026-06-16
erp.e0544,ERP,E0544,personal,2013-08-27,True,,2026-06-30
ad.e0545,AD,E0545,personal,2019-03-03,True,,2026-06-29
ad.e0546,AD,E0546,personal,2012-02-13,True,,2026-06-30
ad.e0547,AD,E0547,personal,2025-05-22,True,,2026-06-29
ad.e0548,AD,E0548,personal,2013-03-27,True,,2026-06-30
ad.e0549,AD,E0549,personal,2014-05-10,True,,2026-06-30
ad.e0550,AD,E0550,personal,2014-08-27,True,,2026-06-28
ad.e0551,AD,E0551,personal,2016-01-12,False,2024-01-30,2024-01-25
ad.e0552,AD,E0552,personal,2025-02-15,True,,2026-06-25
ad.e0553,AD,E0553,personal,2016-12-26,True,,2026-06-25
ad.e0554,AD,E0554,personal,2026-01-11,True,,2026-06-30
ad.e0555,AD,E0555,personal,2025-02-10,False,2026-05-19,2026-05-15
ad.e0556,AD,E0556,personal,2012-09-04,True,,2026-06-30
ad.e0557,AD,E0557,personal,2018-03-14,True,,2026-06-30
ad.e0558,AD,E0558,personal,2015-09-18,True,,2026-05-31
ad.e0559,AD,E0559,personal,2015-06-16,True,,2026-06-16
ad.e0560,AD,E0560,personal,2016-03-08,True,,2026-06-28
ad.e0561,AD,E0561,personal,2016-07-18,True,,2026-06-16
erp.e0561,ERP,E0561,personal,2016-07-18,True,,2026-06-27
ad.e0562,AD,E0562,personal,2021-12-04,False,2024-04-24,2024-04-21
ad.e0563,AD,E0563,personal,2026-02-16,True,,2026-06-30
ad.e0564,AD,E0564,personal,2020-12-14,True,,2026-06-29
ad.e0565,AD,E0565,personal,2018-10-30,True,,2026-06-29
ad.e0566,AD,E0566,personal,2016-08-05,True,,2026-06-29
ad.e0567,AD,E0567,personal,2018-10-25,True,,2026-06-28
ad.e0568,AD,E0568,personal,2017-01-05,True,,2026-06-22
ad.e0569,AD,E0569,personal,2025-05-15,True,,2026-06-25
ad.e0570,AD,E0570,personal,2012-01-05,False,2022-08-19,2022-08-19
ad.e0571,AD,E0571,personal,2012-10-30,True,,2026-06-29
ad.e0572,AD,E0572,personal,2023-01-10,False,2023-12-04,2023-12-01
ad.e0573,AD,E0573,personal,2017-12-03,True,,2026-06-28
ad.e0574,AD,E0574,personal,2017-03-15,False,2026-03-16,2026-03-11
ad.e0575,AD,E0575,personal,2025-08-30,False,2026-05-25,2026-05-24
ad.e0576,AD,E0576,personal,2016-01-07,False,2021-09-27,2021-09-24
ad.e0577,AD,E0577,personal,2017-05-08,True,,2026-06-25
erp.e0577,ERP,E0577,personal,2017-05-07,True,,2026-06-30
ad.e0578,AD,E0578,personal,2022-03-19,True,,2026-06-28
ad.e0579,AD,E0579,personal,2013-10-25,True,,2026-06-25
ad.e0580,AD,E0580,personal,2016-11-15,True,,2026-06-16
ad.e0581,AD,E0581,personal,2022-02-19,True,,2026-06-30
ad.e0582,AD,E0582,personal,2018-10-25,True,,2026-06-27
ad.e0583,AD,E0583,personal,2023-02-18,True,,2026-06-27
ad.e0584,AD,E0584,personal,2014-09-05,False,2020-09-30,2020-09-26
ad.e0585,AD,E0585,personal,2024-11-07,True,,2026-06-29
ad.e0586,AD,E0586,personal,2015-03-11,False,2025-11-24,2025-11-17
ad.e0587,AD,E0587,personal,2012-10-24,True,,2026-06-30
ad.e0588,AD,E0588,personal,2013-09-03,True,,2026-06-22
ad.e0589,AD,E0589,personal,2016-04-05,False,2024-04-24,2024-04-20
ad.e0590,AD,E0590,personal,2014-12-31,True,,2026-06-30
ad.e0591,AD,E0591,personal,2012-12-08,True,,2026-06-30
ad.e0592,AD,E0592,personal,2023-04-06,False,2024-01-24,2024-01-20
ad.e0593,AD,E0593,personal,2014-10-20,False,2025-12-02,2025-11-29
ad.e0594,AD,E0594,personal,2017-06-22,True,,2026-06-28
ad.e0595,AD,E0595,personal,2021-10-11,True,,2026-06-30
ad.e0596,AD,E0596,personal,2017-05-28,True,,2026-06-30
ad.e0597,AD,E0597,personal,2022-08-28,True,,2026-06-29
ad.e0598,AD,E0598,personal,2012-08-10,False,2024-11-05,2024-11-02
ad.e0599,AD,E0599,personal,2021-05-05,True,,2026-06-29
ad.e0600,AD,E0600,personal,2020-06-04,False,2021-07-19,2021-07-18
ad.e0601,AD,E0601,personal,2015-10-26,False,2024-07-29,2024-07-23
ad.e0602,AD,E0602,personal,2014-03-27,True,,2026-06-29
ad.e0603,AD,E0603,personal,2023-03-29,True,,2026-06-16
ad.e0604,AD,E0604,personal,2013-11-09,False,2020-05-22,2020-05-17
ad.e0605,AD,E0605,personal,2019-11-20,True,,2025-06-17
ad.e0606,AD,E0606,personal,2021-10-04,False,2024-08-19,2024-08-18
ad.e0607,AD,E0607,personal,2021-10-10,False,2024-05-14,2024-05-13
ad.e0608,AD,E0608,personal,2017-07-26,True,,2026-06-22
ad.e0609,AD,E0609,personal,2013-10-30,True,,2026-06-29
ad.e0610,AD,E0610,personal,2025-10-01,True,,2026-06-29
ad.e0611,AD,E0611,personal,2023-03-31,True,,2026-06-28
ad.e0612,AD,E0612,personal,2013-12-13,True,,2026-06-27
erp.e0612,ERP,E0612,personal,2013-12-13,True,,2026-06-30
ad.e0613,AD,E0613,personal,2022-03-14,True,,2026-06-28
ad.e0614,AD,E0614,personal,2014-01-23,True,,2026-06-25
ad.e0615,AD,E0615,personal,2023-08-09,False,2026-04-01,2026-03-31
ad.e0616,AD,E0616,personal,2018-03-22,True,,2026-06-30
ad.e0617,AD,E0617,personal,2012-10-22,False,2026-02-26,2026-02-11
ad.e0618,AD,E0618,personal,2017-12-24,True,,2026-06-30
ad.e0619,AD,E0619,personal,2017-10-19,True,,2026-06-30
ad.e0620,AD,E0620,personal,2016-09-16,True,,2026-06-22
ad.e0621,AD,E0621,personal,2014-01-07,True,,2026-06-22
ad.e0622,AD,E0622,personal,2013-06-22,False,2021-10-25,2021-10-23
ad.e0623,AD,E0623,personal,2018-08-18,True,,2026-06-30
ad.e0624,AD,E0624,personal,2015-10-30,True,,2026-06-30
ad.e0625,AD,E0625,personal,2023-06-17,True,,2026-06-30
ad.e0626,AD,E0626,personal,2012-02-01,True,,2026-06-30
ad.e0627,AD,E0627,personal,2025-01-19,True,,2026-06-29
ad.e0628,AD,E0628,personal,2012-12-13,True,,2026-06-30
ad.e0629,AD,E0629,personal,2020-08-28,True,,2026-05-31
ad.e0630,AD,E0630,personal,2020-12-27,False,2023-01-30,2023-01-28
ad.e0631,AD,E0631,personal,2025-05-23,True,,2026-06-28
ad.e0632,AD,E0632,personal,2018-09-10,False,2026-06-08,2026-06-07
ad.e0633,AD,E0633,personal,2014-01-06,True,,2026-06-22
ad.e0634,AD,E0634,personal,2022-12-28,False,2023-09-12,2023-09-08
ad.e0635,AD,E0635,personal,2012-10-20,True,,2026-06-29
ad.e0636,AD,E0636,personal,2021-05-02,False,2021-08-18,2021-08-16
ad.e0637,AD,E0637,personal,2021-01-09,True,,2026-06-25
ad.e0638,AD,E0638,personal,2012-07-15,True,,2026-06-25
ad.e0639,AD,E0639,personal,2022-04-21,True,,2026-06-30
ad.e0640,AD,E0640,personal,2019-08-27,True,,2026-06-27
ad.e0641,AD,E0641,personal,2019-07-13,True,,2026-06-30
ad.e0642,AD,E0642,personal,2019-09-18,True,,2026-06-30
ad.e0643,AD,E0643,personal,2013-08-23,True,,2026-06-29
erp.e0643,ERP,E0643,personal,2013-08-25,True,,2026-06-28
ad.e0644,AD,E0644,personal,2012-12-03,True,,2026-06-30
ad.e0645,AD,E0645,personal,2014-01-24,False,2025-01-13,2025-01-12
ad.e0646,AD,E0646,personal,2013-09-16,True,,2026-06-30
ad.e0647,AD,E0647,personal,2019-02-06,True,,2026-06-30
ad.e0648,AD,E0648,personal,2023-10-06,True,,2026-06-30
ad.e0649,AD,E0649,personal,2021-05-21,True,,2026-06-30
ad.e0650,AD,E0650,personal,2016-03-07,True,,2026-06-28
ad.e0651,AD,E0651,personal,2020-07-21,False,2026-03-17,2026-03-16
ad.e0652,AD,E0652,personal,2018-03-30,False,2024-08-16,2024-08-15
ad.e0653,AD,E0653,personal,2013-05-01,True,,2026-06-29
ad.e0654,AD,E0654,personal,2013-04-17,True,,2026-06-29
ad.e0655,AD,E0655,personal,2023-11-14,False,2025-05-27,2025-05-24
ad.e0656,AD,E0656,personal,2017-04-10,False,2025-09-18,2025-09-15
ad.e0657,AD,E0657,personal,2015-04-21,True,,2026-06-29
ad.e0658,AD,E0658,personal,2013-06-24,False,2020-04-29,2020-04-26
ad.e0659,AD,E0659,personal,2015-04-13,True,,2026-06-29
ad.e0660,AD,E0660,personal,2013-01-16,True,,2026-06-27
ad.e0661,AD,E0661,personal,2023-08-23,True,,2026-06-27
ad.e0662,AD,E0662,personal,2022-06-23,False,2025-02-27,2025-02-24
ad.e0663,AD,E0663,personal,2016-05-16,True,,2026-06-29
ad.e0664,AD,E0664,personal,2023-10-10,True,,2026-06-27
ad.e0665,AD,E0665,personal,2016-11-25,True,,2026-06-30
ad.e0666,AD,E0666,personal,2019-05-14,False,2020-11-25,2020-11-22
ad.e0667,AD,E0667,personal,2020-01-22,False,2023-12-01,2023-11-30
ad.e0668,AD,E0668,personal,2017-10-10,True,,2026-06-25
ad.e0669,AD,E0669,personal,2016-07-29,True,,2026-06-27
ad.e0670,AD,E0670,personal,2021-04-04,True,,2026-06-28
ad.e0671,AD,E0671,personal,2014-03-31,True,,2026-06-30
ad.e0672,AD,E0672,personal,2017-03-07,True,,2026-06-29
ad.e0673,AD,E0673,personal,2025-06-17,True,,2026-06-22
ad.e0674,AD,E0674,personal,2013-03-19,True,,2026-06-28
ad.e0675,AD,E0675,personal,2025-06-20,False,2025-09-29,2025-09-24
ad.e0676,AD,E0676,personal,2013-11-02,False,2022-05-18,2022-05-18
ad.e0677,AD,E0677,personal,2025-03-16,True,,2026-06-29
ad.e0678,AD,E0678,personal,2017-04-15,True,,2026-06-25
ad.e0679,AD,E0679,personal,2021-09-14,True,,2026-06-28
ad.e0680,AD,E0680,personal,2024-09-14,True,,2026-06-30
ad.e0681,AD,E0681,personal,2012-04-14,True,,2026-06-30
ad.e0682,AD,E0682,personal,2012-02-07,True,,2026-06-27
ad.e0683,AD,E0683,personal,2015-01-25,True,,2026-06-28
ad.e0684,AD,E0684,personal,2012-11-05,True,,2026-06-29
ad.e0685,AD,E0685,personal,2012-11-20,True,,2026-06-29
ad.e0686,AD,E0686,personal,2021-12-15,True,,2026-05-16
ad.e0687,AD,E0687,personal,2012-01-20,True,,2026-06-29
ad.e0688,AD,E0688,personal,2019-08-11,True,,2026-06-29
ad.e0689,AD,E0689,personal,2022-05-31,False,2025-12-02,2025-11-30
ad.e0690,AD,E0690,personal,2026-01-08,False,2026-02-03,2026-01-27
ad.e0691,AD,E0691,personal,2022-03-08,True,,2026-06-29
ad.e0692,AD,E0692,personal,2020-09-11,True,,2026-06-28
ad.e0693,AD,E0693,personal,2018-07-10,True,,2026-06-30
ad.e0694,AD,E0694,personal,2013-06-18,True,,2026-06-27
ad.e0695,AD,E0695,personal,2013-06-03,False,2022-05-27,2022-05-22
ad.e0696,AD,E0696,personal,2015-11-23,False,2026-03-18,2026-03-18
ad.e0697,AD,E0697,personal,2014-04-06,True,,2026-06-25
ad.e0698,AD,E0698,personal,2025-12-16,True,,2026-06-30
ad.e0699,AD,E0699,personal,2020-04-27,True,,2026-05-31
ad.e0700,AD,E0700,personal,2022-02-12,True,,2026-06-27
ad.e0701,AD,E0701,personal,2017-02-12,False,2024-01-23,2024-01-19
ad.e0702,AD,E0702,personal,2020-09-11,True,,2026-06-30
ad.e0703,AD,E0703,personal,2018-01-12,False,2026-05-15,2026-05-12
ad.e0704,AD,E0704,personal,2014-05-01,True,,2026-06-29
ad.e0705,AD,E0705,personal,2013-04-19,True,,2026-06-29
ad.e0706,AD,E0706,personal,2024-01-27,True,,2026-06-30
ad.e0707,AD,E0707,personal,2022-12-03,False,2023-05-03,2023-05-02
ad.e0708,AD,E0708,personal,2023-03-14,True,,2026-06-30
ad.e0709,AD,E0709,personal,2012-08-22,False,2025-03-18,2025-03-14
ad.e0710,AD,E0710,personal,2019-11-28,False,2025-04-08,2025-04-04
ad.e0711,AD,E0711,personal,2015-08-21,True,,2025-07-22
ad.e0712,AD,E0712,personal,2015-02-24,True,,2026-06-29
ad.e0713,AD,E0713,personal,2024-10-02,True,,2026-06-30
ad.e0714,AD,E0714,personal,2019-01-23,False,2021-01-08,2021-01-05
ad.e0715,AD,E0715,personal,2012-12-06,True,,2025-06-18
ad.e0716,AD,E0716,personal,2015-03-25,True,,2026-06-22
ad.e0717,AD,E0717,personal,2024-11-17,True,,2026-06-25
ad.e0718,AD,E0718,personal,2025-05-26,True,,2026-06-30
ad.e0719,AD,E0719,personal,2023-03-03,True,,2026-06-22
ad.e0720,AD,E0720,personal,2020-05-27,True,,2026-06-25
ad.e0721,AD,E0721,personal,2017-08-12,True,,2026-06-30
ad.e0722,AD,E0722,personal,2015-04-27,True,,2026-06-22
ad.e0723,AD,E0723,personal,2023-12-15,True,,2026-06-22
ad.e0724,AD,E0724,personal,2025-12-09,True,,2026-06-16
ad.e0725,AD,E0725,personal,2026-01-05,True,,2026-06-25
ad.e0726,AD,E0726,personal,2025-05-06,True,,2026-06-29
ad.e0727,AD,E0727,personal,2018-10-05,True,,2026-06-25
ad.e0728,AD,E0728,personal,2020-09-03,True,,2026-06-30
ad.e0729,AD,E0729,personal,2018-02-15,True,,2026-06-27
ad.e0730,AD,E0730,personal,2014-09-08,True,,2026-06-25
ad.e0731,AD,E0731,personal,2016-09-28,False,2023-10-06,2023-10-02
ad.e0732,AD,E0732,personal,2022-06-24,True,,2026-06-22
ad.e0733,AD,E0733,personal,2022-04-30,False,2025-11-26,2025-11-21
ad.e0734,AD,E0734,personal,2018-05-05,True,,2026-06-28
ad.e0735,AD,E0735,personal,2026-05-26,True,,2026-06-30
ad.e0736,AD,E0736,personal,2018-04-08,True,,2026-06-30
ad.e0737,AD,E0737,personal,2020-09-09,True,,2026-06-22
ad.e0738,AD,E0738,personal,2020-02-17,True,,2026-06-30
ad.e0739,AD,E0739,personal,2019-06-04,True,,2026-06-30
ad.e0740,AD,E0740,personal,2024-01-25,False,2024-03-08,2024-03-04
ad.e0741,AD,E0741,personal,2012-05-12,False,2026-05-29,2026-05-27
ad.e0742,AD,E0742,personal,2018-01-24,True,,2026-06-29
ad.e0743,AD,E0743,personal,2024-03-16,False,2024-08-26,2024-08-20
ad.e0744,AD,E0744,personal,2022-04-27,True,,2026-06-22
ad.e0745,AD,E0745,personal,2014-09-30,True,,2026-01-20
ad.e0746,AD,E0746,personal,2017-08-27,True,,2026-06-25
ad.e0747,AD,E0747,personal,2018-01-27,False,2024-11-08,2024-11-05
ad.e0748,AD,E0748,personal,2018-12-09,True,,2026-06-29
ad.e0749,AD,E0749,personal,2025-02-02,True,,2026-06-27
ad.e0750,AD,E0750,personal,2021-03-11,True,,2026-06-28
ad.e0751,AD,E0751,personal,2021-01-05,True,,2026-06-30
ad.e0752,AD,E0752,personal,2015-01-11,False,2024-05-29,2024-05-27
ad.e0753,AD,E0753,personal,2024-09-06,False,2025-10-14,2025-10-10
ad.e0754,AD,E0754,personal,2026-05-16,False,2026-06-08,2026-06-06
ad.e0755,AD,E0755,personal,2022-09-06,True,,2026-06-22
ad.e0756,AD,E0756,personal,2025-03-26,True,,2026-06-29
ad.e0757,AD,E0757,personal,2017-12-11,True,,2026-06-30
ad.e0758,AD,E0758,personal,2019-01-30,False,2023-03-29,2023-03-28
ad.e0759,AD,E0759,personal,2021-11-04,True,,2026-06-25
ad.e0760,AD,E0760,personal,2014-09-17,True,,2026-06-22
ad.e0761,AD,E0761,personal,2024-11-17,True,,2026-06-25
ad.e0762,AD,E0762,personal,2018-06-02,True,,2026-06-22
ad.e0763,AD,E0763,personal,2026-01-15,True,,2026-06-22
ad.e0764,AD,E0764,personal,2013-12-17,True,,2026-06-28
ad.e0765,AD,E0765,personal,2021-03-29,True,,2026-06-29
ad.e0766,AD,E0766,personal,2025-02-17,True,,2026-06-30
ad.e0767,AD,E0767,personal,2013-03-22,True,,2026-06-29
ad.e0768,AD,E0768,personal,2014-12-01,True,,2026-06-30
ad.e0769,AD,E0769,personal,2022-07-06,True,,2026-05-16
ad.e0770,AD,E0770,personal,2020-10-11,True,,2026-06-30
ad.e0771,AD,E0771,personal,2019-03-08,True,,2026-06-22
ad.e0772,AD,E0772,personal,2013-03-18,True,,2026-06-29
ad.e0773,AD,E0773,personal,2017-02-07,True,,2026-06-29
ad.e0774,AD,E0774,personal,2019-03-10,False,2022-08-22,2022-08-18
ad.e0775,AD,E0775,personal,2012-04-08,True,,2026-06-25
ad.e0776,AD,E0776,personal,2014-03-06,True,,2026-06-25
ad.e0777,AD,E0777,personal,2016-04-03,True,,2026-06-27
ad.e0778,AD,E0778,personal,2013-01-15,True,,2026-06-30
ad.e0779,AD,E0779,personal,2025-11-07,True,,2026-06-30
ad.e0780,AD,E0780,personal,2019-02-17,False,2020-07-16,2020-07-11
ad.e0781,AD,E0781,personal,2012-01-06,True,,2026-06-30
ad.e0782,AD,E0782,personal,2017-09-29,False,2020-05-25,2020-05-21
ad.e0783,AD,E0783,personal,2022-01-12,True,,2026-06-28
ad.e0784,AD,E0784,personal,2023-06-16,True,,2026-06-22
ad.e0785,AD,E0785,personal,2024-03-02,True,,2026-06-30
ad.e0786,AD,E0786,personal,2013-01-24,True,,2026-06-30
ad.e0787,AD,E0787,personal,2019-12-09,True,,2026-06-28
ad.e0788,AD,E0788,personal,2024-10-30,True,,2026-06-29
ad.e0789,AD,E0789,personal,2025-09-26,True,,2026-06-29
ad.e0790,AD,E0790,personal,2015-01-30,False,2021-03-02,2021-03-01
ad.e0791,AD,E0791,personal,2013-12-16,True,,2026-06-27
ad.e0792,AD,E0792,personal,2023-05-31,True,,2026-06-30
ad.e0793,AD,E0793,personal,2014-03-06,True,,2025-11-17
ad.e0794,AD,E0794,personal,2018-04-14,True,,2026-06-30
ad.e0795,AD,E0795,personal,2020-01-19,False,2024-09-17,2024-09-12
ad.e0796,AD,E0796,personal,2025-11-20,True,,2026-06-27
ad.e0797,AD,E0797,personal,2024-05-23,True,,2026-05-31
ad.e0798,AD,E0798,personal,2023-07-06,False,2026-02-23,2026-02-18
ad.e0799,AD,E0799,personal,2012-06-24,True,,2026-06-29
ad.e0800,AD,E0800,personal,2021-04-20,True,,2026-06-22
ad.e0801,AD,E0801,personal,2025-05-26,True,,2026-06-30
ad.e0802,AD,E0802,personal,2013-03-11,False,2026-03-09,2026-03-05
ad.e0803,AD,E0803,personal,2022-12-06,True,,2026-06-30
ad.e0804,AD,E0804,personal,2020-06-16,False,2023-02-20,2023-02-16
ad.e0805,AD,E0805,personal,2022-07-15,False,2025-09-01,2025-08-28
ad.e0806,AD,E0806,personal,2021-04-22,False,2024-11-18,2024-11-15
ad.e0807,AD,E0807,personal,2014-05-13,True,,2026-06-22
ad.e0808,AD,E0808,personal,2025-06-13,True,,2026-06-30
ad.e0809,AD,E0809,personal,2021-06-17,True,,2026-06-30
ad.e0810,AD,E0810,personal,2026-04-07,True,,2026-06-29
ad.e0811,AD,E0811,personal,2012-09-23,True,,2026-03-25
ad.e0812,AD,E0812,personal,2019-09-20,True,,2026-06-27
ad.e0813,AD,E0813,personal,2014-09-27,True,,2026-06-30
ad.e0814,AD,E0814,personal,2017-12-21,False,2025-11-26,2025-10-30
ad.e0815,AD,E0815,personal,2020-02-04,False,2024-10-15,2024-10-14
ad.e0816,AD,E0816,personal,2023-12-27,True,,2026-06-16
ad.e0817,AD,E0817,personal,2012-06-22,True,,2026-06-30
ad.e0818,AD,E0818,personal,2025-06-23,True,,2026-06-30
ad.e0819,AD,E0819,personal,2019-08-16,True,,2026-06-30
ad.e0820,AD,E0820,personal,2013-11-08,True,,2026-06-27
ad.e0821,AD,E0821,personal,2025-08-11,True,,2026-06-29
ad.e0822,AD,E0822,personal,2020-02-24,False,2024-12-17,2024-12-11
ad.e0823,AD,E0823,personal,2018-03-01,False,2021-11-08,2021-11-03
ad.e0824,AD,E0824,personal,2015-07-22,True,,2026-06-25
ad.e0825,AD,E0825,personal,2016-04-19,True,,2026-05-31
ad.e0826,AD,E0826,personal,2023-11-01,True,,2026-06-28
ad.e0827,AD,E0827,personal,2025-02-12,True,,2026-06-30
ad.e0828,AD,E0828,personal,2022-07-02,True,,2026-06-30
ad.e0829,AD,E0829,personal,2014-08-07,True,,2026-06-28
ad.e0830,AD,E0830,personal,2024-03-20,True,,2026-06-30
ad.e0831,AD,E0831,personal,2018-02-28,True,,2026-06-22
ad.e0832,AD,E0832,personal,2024-02-12,True,,2026-06-27
ad.e0833,AD,E0833,personal,2025-10-10,False,2026-02-17,2026-02-13
ad.e0834,AD,E0834,personal,2020-07-13,True,,2026-06-30
ad.e0835,AD,E0835,personal,2018-09-28,False,2020-05-05,2020-05-04
ad.e0836,AD,E0836,personal,2025-09-17,True,,2026-06-30
ad.e0837,AD,E0837,personal,2012-04-03,True,,2026-06-30
ad.e0838,AD,E0838,personal,2022-08-31,True,,2026-06-30
ad.e0839,AD,E0839,personal,2021-07-27,False,2025-08-04,2025-07-31
ad.e0840,AD,E0840,personal,2025-05-12,True,,2026-06-29
ad.e0841,AD,E0841,personal,2021-09-12,True,,2026-06-28
ad.e0842,AD,E0842,personal,2018-08-05,False,2025-09-25,2025-07-31
ad.e0843,AD,E0843,personal,2026-03-26,True,,2026-06-25
ad.e0844,AD,E0844,personal,2020-02-01,True,,2026-06-27
ad.e0845,AD,E0845,personal,2012-05-22,True,,2026-06-30
ad.e0846,AD,E0846,personal,2024-03-12,True,,2026-06-27
ad.e0847,AD,E0847,personal,2017-07-19,False,2023-08-14,2023-08-13
ad.e0848,AD,E0848,personal,2020-02-20,True,,2026-06-30
ad.e0849,AD,E0849,personal,2016-12-16,True,,2026-05-31
ad.e0850,AD,E0850,personal,2025-07-01,True,,2026-06-30
ad.e0851,AD,E0851,personal,2021-09-03,True,,2026-06-30
ad.e0852,AD,E0852,personal,2014-07-01,True,,2026-06-25
ad.e0853,AD,E0853,personal,2012-12-06,True,,2026-06-28
ad.e0854,AD,E0854,personal,2019-08-03,True,,2026-06-29
ad.e0855,AD,E0855,personal,2015-04-09,True,,2026-06-30
ad.e0856,AD,E0856,personal,2020-05-18,True,,2026-06-29
ad.e0857,AD,E0857,personal,2019-06-26,False,2025-11-11,2025-11-09
ad.e0858,AD,E0858,personal,2026-03-27,True,,2026-06-28
ad.e0859,AD,E0859,personal,2016-02-28,True,,2026-06-22
ad.e0860,AD,E0860,personal,2023-05-20,True,,2026-06-27
ad.e0861,AD,E0861,personal,2015-03-01,True,,2026-06-28
ad.e0862,AD,E0862,personal,2024-12-27,True,,2026-06-30
ad.e0863,AD,E0863,personal,2022-01-13,True,,2026-06-30
ad.e0864,AD,E0864,personal,2024-06-02,True,,2025-11-18
ad.e0865,AD,E0865,personal,2014-06-18,False,2022-11-17,2022-11-13
ad.e0866,AD,E0866,personal,2025-09-25,True,,2026-06-30
ad.e0867,AD,E0867,personal,2012-09-12,False,2025-12-30,2025-12-23
ad.e0868,AD,E0868,personal,2023-07-30,True,,2025-09-11
ad.e0869,AD,E0869,personal,2023-09-29,False,2024-05-20,2024-05-15
ad.e0870,AD,E0870,personal,2013-09-12,True,,2026-06-27
ad.e0871,AD,E0871,personal,2012-06-20,True,,2026-06-29
ad.e0872,AD,E0872,personal,2024-01-21,True,,2026-06-27
ad.e0873,AD,E0873,personal,2016-02-20,False,2026-02-05,2026-01-25
ad.e0874,AD,E0874,personal,2016-01-26,True,,2026-06-30
ad.e0875,AD,E0875,personal,2022-04-04,False,2022-10-26,2022-10-23
ad.e0876,AD,E0876,personal,2012-11-25,True,,2026-06-30
ad.e0877,AD,E0877,personal,2021-07-18,True,,2026-06-29
ad.e0878,AD,E0878,personal,2022-04-14,True,,2026-06-22
erp.e0878,ERP,E0878,personal,2022-04-14,True,,2026-06-29
ad.e0879,AD,E0879,personal,2019-01-27,False,2026-02-04,2026-01-05
ad.e0880,AD,E0880,personal,2012-07-15,True,,2026-06-30
ad.e0881,AD,E0881,personal,2025-08-26,True,,2026-06-30
ad.e0882,AD,E0882,personal,2021-10-03,True,,2026-06-30
ad.e0883,AD,E0883,personal,2022-06-27,True,,2026-06-25
ad.e0884,AD,E0884,personal,2012-11-12,True,,2026-06-22
ad.e0885,AD,E0885,personal,2022-12-29,True,,2026-06-30
ad.e0886,AD,E0886,personal,2025-11-20,True,,2026-06-30
ad.e0887,AD,E0887,personal,2014-10-04,True,,2026-06-30
ad.e0888,AD,E0888,personal,2022-11-09,True,,2026-06-29
ad.e0889,AD,E0889,personal,2019-04-14,False,2020-08-17,2020-08-11
ad.e0890,AD,E0890,personal,2023-06-21,True,,2026-02-24
ad.e0891,AD,E0891,personal,2015-11-17,True,,2026-06-30
ad.e0892,AD,E0892,personal,2024-12-16,True,,2026-06-28
ad.e0893,AD,E0893,personal,2017-05-06,False,2023-04-10,2023-04-05
ad.e0894,AD,E0894,personal,2021-08-18,True,,2026-05-31
ad.e0895,AD,E0895,personal,2025-11-11,True,,2026-06-25
ad.e0896,AD,E0896,personal,2021-11-02,False,2025-06-03,2025-06-01
ad.e0897,AD,E0897,personal,2012-12-07,True,,2026-06-16
erp.e0897,ERP,E0897,personal,2012-12-08,True,,2026-06-29
ad.e0898,AD,E0898,personal,2014-04-02,True,,2026-06-27
erp.e0898,ERP,E0898,personal,2014-03-31,True,,2026-06-30
ad.e0899,AD,E0899,personal,2017-04-14,True,,2026-06-22
erp.e0899,ERP,E0899,personal,2017-04-15,True,,2026-06-29
ad.e0900,AD,E0900,personal,2023-01-24,False,2026-06-02,2026-05-27
erp.e0900,ERP,E0900,personal,2023-01-24,False,2026-06-02,2026-05-28
ad.e0901,AD,E0901,personal,2016-08-13,True,,2026-06-22
erp.e0901,ERP,E0901,personal,2016-08-12,True,,2026-06-29
ad.e0902,AD,E0902,personal,2022-01-19,False,2026-04-17,2026-04-17
erp.e0902,ERP,E0902,personal,2022-01-20,False,2026-04-20,2026-04-13
ad.e0903,AD,E0903,personal,2025-01-10,True,,2026-06-30
erp.e0903,ERP,E0903,personal,2025-01-08,True,,2026-06-22
ad.e0904,AD,E0904,personal,2015-05-07,True,,2026-06-28
erp.e0904,ERP,E0904,personal,2015-05-07,True,,2026-06-27
ad.e0905,AD,E0905,personal,2023-01-15,False,2024-04-16,2024-04-12
erp.e0905,ERP,E0905,personal,2023-01-14,False,2024-04-15,2024-04-15
ad.e0906,AD,E0906,personal,2026-03-13,True,,2026-06-27
erp.e0906,ERP,E0906,personal,2026-03-15,True,,2026-06-25
ad.e0907,AD,E0907,personal,2016-06-11,True,,2026-06-27
erp.e0907,ERP,E0907,personal,2016-06-10,True,,2026-06-30
ad.e0908,AD,E0908,personal,2014-06-02,True,,2026-06-27
erp.e0908,ERP,E0908,personal,2014-06-03,True,,2026-06-27
ad.e0909,AD,E0909,personal,2019-10-05,True,,2026-06-29
erp.e0909,ERP,E0909,personal,2019-10-03,True,,2026-06-27
ad.e0910,AD,E0910,personal,2016-12-29,True,,2026-06-30
erp.e0910,ERP,E0910,personal,2016-12-29,True,,2026-06-28
ad.e0911,AD,E0911,personal,2021-01-10,True,,2026-06-30
erp.e0911,ERP,E0911,personal,2021-01-12,True,,2026-06-28
ad.e0912,AD,E0912,personal,2013-05-07,True,,2026-05-31
erp.e0912,ERP,E0912,personal,2013-05-06,True,,2026-06-30
ad.e0913,AD,E0913,personal,2018-05-19,True,,2026-06-28
erp.e0913,ERP,E0913,personal,2018-05-19,True,,2026-06-29
ad.e0914,AD,E0914,personal,2018-07-30,True,,2026-06-29
erp.e0914,ERP,E0914,personal,2018-07-31,True,,2026-06-25
ad.e0915,AD,E0915,personal,2016-09-12,True,,2026-06-29
erp.e0915,ERP,E0915,personal,2016-10-10,True,,2026-06-30
ad.e0916,AD,E0916,personal,2013-11-24,True,,2026-06-29
erp.e0916,ERP,E0916,personal,2013-11-23,True,,2026-06-16
ad.e0917,AD,E0917,personal,2020-07-11,True,,2026-06-30
erp.e0917,ERP,E0917,personal,2020-07-11,True,,2026-06-30
ad.e0918,AD,E0918,personal,2019-05-28,True,,2026-06-30
erp.e0918,ERP,E0918,personal,2019-05-29,True,,2026-06-28
ad.e0919,AD,E0919,personal,2015-02-18,True,,2026-06-30
erp.e0919,ERP,E0919,personal,2015-02-19,True,,2026-06-30
ad.e0920,AD,E0920,personal,2023-02-26,True,,2026-06-30
erp.e0920,ERP,E0920,personal,2023-02-24,True,,2026-06-27
ad.e0921,AD,E0921,personal,2015-04-08,True,,2026-06-28
erp.e0921,ERP,E0921,personal,2015-04-10,True,,2026-06-29
ad.e0922,AD,E0922,personal,2018-10-07,True,,2026-06-25
erp.e0922,ERP,E0922,personal,2018-10-06,True,,2026-06-29
ad.e0923,AD,E0923,personal,2013-02-21,True,,2026-06-30
erp.e0923,ERP,E0923,personal,2013-02-22,True,,2026-06-30
ad.e0924,AD,E0924,personal,2021-01-10,True,,2026-06-29
erp.e0924,ERP,E0924,personal,2021-01-10,True,,2026-06-22
ad.e0925,AD,E0925,personal,2022-12-16,True,,2026-06-25
erp.e0925,ERP,E0925,personal,2022-12-16,True,,2026-06-25
ad.e0926,AD,E0926,personal,2020-10-03,True,,2026-06-29
erp.e0926,ERP,E0926,personal,2020-10-02,True,,2026-06-30
ad.e0927,AD,E0927,personal,2020-08-13,True,,2026-05-31
erp.e0927,ERP,E0927,personal,2020-08-13,True,,2026-06-29
ad.e0928,AD,E0928,personal,2013-12-31,True,,2026-06-28
erp.e0928,ERP,E0928,personal,2013-12-30,True,,2026-06-30
ad.e0929,AD,E0929,personal,2018-04-19,True,,2026-06-22
erp.e0929,ERP,E0929,personal,2018-04-18,True,,2026-06-28
ad.e0930,AD,E0930,personal,2021-09-23,True,,2026-06-29
erp.e0930,ERP,E0930,personal,2021-09-25,True,,2026-06-27
ad.e0931,AD,E0931,personal,2013-08-14,True,,2026-06-30
erp.e0931,ERP,E0931,personal,2013-08-15,True,,2026-06-30
ad.e0932,AD,E0932,personal,2024-01-07,False,2025-07-10,2025-07-10
erp.e0932,ERP,E0932,personal,2024-01-06,False,2025-07-11,2025-07-08
ad.e0933,AD,E0933,personal,2025-01-09,True,,2026-06-16
erp.e0933,ERP,E0933,personal,2025-01-09,True,,2026-05-31
ad.e0934,AD,E0934,personal,2019-04-03,False,2025-07-14,2025-07-12
erp.e0934,ERP,E0934,personal,2019-04-03,False,2025-07-15,2025-07-10
ad.e0935,AD,E0935,personal,2026-02-13,True,,2026-06-28
erp.e0935,ERP,E0935,personal,2026-02-14,True,,2026-06-22
ad.e0936,AD,E0936,personal,2017-10-03,True,,2026-06-30
erp.e0936,ERP,E0936,personal,2017-10-03,True,,2026-06-30
ad.e0937,AD,E0937,personal,2020-07-16,True,,2026-06-22
erp.e0937,ERP,E0937,personal,2020-07-16,True,,2026-06-30
ad.e0938,AD,E0938,personal,2019-08-13,False,2023-05-23,2023-05-19
erp.e0938,ERP,E0938,personal,2019-08-14,False,2023-05-22,2023-05-20
ad.e0939,AD,E0939,personal,2016-12-28,True,,2026-06-16
erp.e0939,ERP,E0939,personal,2016-12-29,True,,2026-06-29
ad.e0940,AD,E0940,personal,2025-08-23,True,,2026-05-16
erp.e0940,ERP,E0940,personal,2025-08-24,True,,2026-06-22
ad.e0941,AD,E0941,personal,2013-04-04,True,,2026-06-29
erp.e0941,ERP,E0941,personal,2013-04-02,True,,2026-06-27
ad.e0942,AD,E0942,personal,2013-12-13,True,,2026-06-28
erp.e0942,ERP,E0942,personal,2013-12-11,True,,2026-06-28
ad.e0943,AD,E0943,personal,2015-05-17,True,,2026-06-30
erp.e0943,ERP,E0943,personal,2015-05-17,True,,2026-06-27
ad.e0944,AD,E0944,personal,2016-09-05,True,,2026-06-29
erp.e0944,ERP,E0944,personal,2016-09-05,True,,2026-06-28
ad.e0945,AD,E0945,personal,2024-07-21,True,,2026-06-27
erp.e0945,ERP,E0945,personal,2024-07-20,True,,2026-06-30
ad.e0946,AD,E0946,personal,2016-07-16,True,,2026-06-30
erp.e0946,ERP,E0946,personal,2016-07-16,True,,2026-06-25
ad.e0947,AD,E0947,personal,2012-10-14,True,,2026-06-22
erp.e0947,ERP,E0947,personal,2012-10-16,True,,2026-06-16
ad.e0948,AD,E0948,personal,2014-11-08,True,,2026-06-27
erp.e0948,ERP,E0948,personal,2014-11-08,True,,2026-06-27
ad.e0949,AD,E0949,personal,2022-04-17,True,,2026-06-28
erp.e0949,ERP,E0949,personal,2022-04-18,True,,2026-06-30
ad.e0950,AD,E0950,personal,2012-05-12,False,2024-02-02,2024-01-29
erp.e0950,ERP,E0950,personal,2012-05-13,False,2024-02-01,2024-02-01
ad.e0951,AD,E0951,personal,2024-06-15,True,,2026-06-29
erp.e0951,ERP,E0951,personal,2024-06-15,True,,2026-06-25
ad.e0952,AD,E0952,personal,2024-01-08,False,2025-06-02,2025-05-27
erp.e0952,ERP,E0952,personal,2024-01-06,False,2025-06-02,2025-05-28
ad.e0953,AD,E0953,personal,2012-06-01,True,,2026-06-29
erp.e0953,ERP,E0953,personal,2012-06-02,True,,2026-06-22
ad.e0954,AD,E0954,personal,2016-02-18,True,,2026-06-27
erp.e0954,ERP,E0954,personal,2016-02-20,True,,2026-06-30
ad.e0955,AD,E0955,personal,2013-08-16,True,,2026-06-29
erp.e0955,ERP,E0955,personal,2013-08-15,True,,2026-06-16
ad.e0956,AD,E0956,personal,2015-02-12,True,,2026-06-22
erp.e0956,ERP,E0956,personal,2015-02-10,True,,2026-06-28
ad.e0957,AD,E0957,personal,2026-01-04,True,,2026-06-25
erp.e0957,ERP,E0957,personal,2026-01-05,True,,2026-06-22
ad.e0958,AD,E0958,personal,2025-04-07,True,,2026-06-30
erp.e0958,ERP,E0958,personal,2025-04-06,True,,2026-06-29
ad.e0959,AD,E0959,personal,2024-11-21,False,2025-10-27,2025-10-21
erp.e0959,ERP,E0959,personal,2024-11-22,False,2025-10-27,2025-10-24
ad.e0960,AD,E0960,personal,2022-03-26,False,2025-09-15,2025-09-09
erp.e0960,ERP,E0960,personal,2022-03-27,False,2025-09-16,2025-09-13
ad.e0961,AD,E0961,personal,2023-09-16,True,,2026-06-30
erp.e0961,ERP,E0961,personal,2023-09-17,True,,2026-06-30
ad.e0962,AD,E0962,personal,2013-05-05,True,,2026-06-25
erp.e0962,ERP,E0962,personal,2013-05-05,True,,2026-06-25
ad.e0963,AD,E0963,personal,2014-01-12,True,,2025-08-11
erp.e0963,ERP,E0963,personal,2014-01-11,True,,2026-06-30
ad.e0964,AD,E0964,personal,2018-11-07,True,,2026-06-29
erp.e0964,ERP,E0964,personal,2018-11-09,True,,2026-06-16
ad.e0965,AD,E0965,personal,2020-02-06,True,,2026-06-28
erp.e0965,ERP,E0965,personal,2020-02-04,True,,2026-06-16
ad.e0966,AD,E0966,personal,2019-11-19,False,2026-04-13,2026-04-13
erp.e0966,ERP,E0966,personal,2019-11-18,False,2026-04-14,2026-04-10
ad.e0967,AD,E0967,personal,2025-04-12,True,,2026-06-27
erp.e0967,ERP,E0967,personal,2025-04-13,True,,2026-06-30
ad.e0968,AD,E0968,personal,2018-06-17,True,,2026-06-30
erp.e0968,ERP,E0968,personal,2018-06-15,True,,2026-06-27
ad.e0969,AD,E0969,personal,2017-12-07,True,,2026-06-27
erp.e0969,ERP,E0969,personal,2017-12-08,True,,2026-06-30
ad.e0970,AD,E0970,personal,2026-02-24,True,,2026-06-22
erp.e0970,ERP,E0970,personal,2026-02-25,True,,2026-06-22
ad.e0971,AD,E0971,personal,2018-12-30,True,,2026-06-29
erp.e0971,ERP,E0971,personal,2018-12-31,True,,2026-06-30
ad.e0972,AD,E0972,personal,2024-07-31,True,,2026-06-25
erp.e0972,ERP,E0972,personal,2024-08-01,True,,2026-06-29
ad.e0973,AD,E0973,personal,2013-01-25,False,2025-12-12,2025-12-11
erp.e0973,ERP,E0973,personal,2013-01-23,False,2025-12-11,2025-12-07
ad.e0974,AD,E0974,personal,2016-10-01,True,,2026-06-30
erp.e0974,ERP,E0974,personal,2016-10-02,True,,2026-06-29
ad.e0975,AD,E0975,personal,2025-03-12,True,,2026-06-30
erp.e0975,ERP,E0975,personal,2025-03-13,True,,2026-06-30
ad.e0976,AD,E0976,personal,2026-03-05,False,2026-06-22,2026-06-19
erp.e0976,ERP,E0976,personal,2026-03-04,False,2026-06-23,2026-06-20
ad.e0977,AD,E0977,personal,2016-05-17,True,,2026-06-22
erp.e0977,ERP,E0977,personal,2016-05-17,True,,2026-06-30
ad.e0978,AD,E0978,personal,2015-02-27,True,,2026-05-16
erp.e0978,ERP,E0978,personal,2015-02-27,True,,2026-05-31
ad.e0979,AD,E0979,personal,2024-08-25,True,,2026-06-30
erp.e0979,ERP,E0979,personal,2024-08-27,True,,2026-06-30
ad.e0980,AD,E0980,personal,2013-02-17,False,2025-12-16,2025-12-15
erp.e0980,ERP,E0980,personal,2013-02-17,False,2025-12-17,2025-12-13
ad.e0981,AD,E0981,personal,2018-08-28,True,,2026-06-27
erp.e0981,ERP,E0981,personal,2018-08-27,True,,2026-06-27
ad.e0982,AD,E0982,personal,2016-09-07,True,,2026-06-16
erp.e0982,ERP,E0982,personal,2016-09-06,True,,2025-06-24
ad.e0983,AD,E0983,personal,2019-02-26,True,,2026-06-29
erp.e0983,ERP,E0983,personal,2019-02-27,True,,2026-06-29
ad.e0984,AD,E0984,personal,2015-09-24,False,2026-04-06,2026-04-01
erp.e0984,ERP,E0984,personal,2015-09-24,False,2026-04-06,2026-04-03
ad.e0985,AD,E0985,personal,2021-10-07,True,,2026-06-30
erp.e0985,ERP,E0985,personal,2021-10-06,True,,2026-06-27
ad.e0986,AD,E0986,personal,2020-12-19,True,,2026-06-29
erp.e0986,ERP,E0986,personal,2020-12-17,True,,2026-06-29
ad.e0987,AD,E0987,personal,2025-08-18,True,,2026-06-30
erp.e0987,ERP,E0987,personal,2025-08-18,True,,2026-06-22
ad.e0988,AD,E0988,personal,2017-09-07,True,,2026-06-30
erp.e0988,ERP,E0988,personal,2017-09-06,True,,2026-06-27
ad.e0989,AD,E0989,personal,2015-05-24,True,,2026-06-29
erp.e0989,ERP,E0989,personal,2015-05-25,True,,2026-06-29
ad.e0990,AD,E0990,personal,2023-09-03,False,2024-11-11,2024-11-04
erp.e0990,ERP,E0990,personal,2023-09-05,False,2024-11-08,2024-11-07
ad.e0991,AD,E0991,personal,2023-11-23,True,,2026-06-30
erp.e0991,ERP,E0991,personal,2023-11-21,True,,2026-06-29
ad.e0992,AD,E0992,personal,2012-07-12,True,,2026-06-29
erp.e0992,ERP,E0992,personal,2012-07-11,True,,2026-06-22
ad.e0993,AD,E0993,personal,2012-04-27,True,,2026-06-28
erp.e0993,ERP,E0993,personal,2012-04-27,True,,2026-06-30
ad.e0994,AD,E0994,personal,2018-06-10,True,,2026-06-30
erp.e0994,ERP,E0994,personal,2018-06-10,True,,2026-06-30
ad.e0995,AD,E0995,personal,2021-04-05,True,,2026-06-30
erp.e0995,ERP,E0995,personal,2021-04-04,True,,2026-06-30
ad.e0996,AD,E0996,personal,2018-11-10,True,,2026-06-28
erp.e0996,ERP,E0996,personal,2018-11-10,True,,2026-06-27
ad.e0997,AD,E0997,personal,2024-04-08,False,2024-10-01,2024-09-27
erp.e0997,ERP,E0997,personal,2024-04-08,False,2024-10-01,2024-09-27
ad.e0998,AD,E0998,personal,2022-03-07,True,,2026-06-16
erp.e0998,ERP,E0998,personal,2022-03-09,True,,2026-06-27
ad.e0999,AD,E0999,personal,2014-06-14,True,,2026-05-31
erp.e0999,ERP,E0999,personal,2014-06-16,True,,2026-06-27
ad.e1000,AD,E1000,personal,2021-07-10,True,,2026-06-29
erp.e1000,ERP,E1000,personal,2021-07-11,True,,2026-06-29
ad.e1001,AD,E1001,personal,2025-04-19,True,,2026-06-16
erp.e1001,ERP,E1001,personal,2025-04-20,True,,2026-06-30
ad.e1002,AD,E1002,personal,2020-11-21,False,2023-03-31,2023-03-30
erp.e1002,ERP,E1002,personal,2020-11-21,False,2023-03-30,2023-03-28
ad.e1003,AD,E1003,personal,2016-12-26,True,,2026-06-29
erp.e1003,ERP,E1003,personal,2016-12-26,True,,2026-06-28
ad.e1004,AD,E1004,personal,2016-05-31,True,,2026-06-25
erp.e1004,ERP,E1004,personal,2016-05-30,True,,2026-06-28
ad.e1005,AD,E1005,personal,2018-05-12,True,,2026-06-30
erp.e1005,ERP,E1005,personal,2018-05-12,True,,2026-06-30
ad.e1006,AD,E1006,personal,2023-04-24,True,,2026-06-22
erp.e1006,ERP,E1006,personal,2023-04-24,True,,2026-06-30
ad.e1007,AD,E1007,personal,2021-02-20,True,,2026-06-30
erp.e1007,ERP,E1007,personal,2021-02-21,True,,2026-06-30
ad.e1008,AD,E1008,personal,2022-04-20,True,,2026-05-16
erp.e1008,ERP,E1008,personal,2022-04-20,True,,2026-06-29
ad.e1009,AD,E1009,personal,2013-08-16,False,2025-10-31,2025-10-29
erp.e1009,ERP,E1009,personal,2013-08-16,False,2025-10-30,2025-10-26
ad.e1010,AD,E1010,personal,2019-12-18,False,2026-06-16,2026-06-15
erp.e1010,ERP,E1010,personal,2019-12-19,False,2026-06-15,2026-06-13
ad.e1011,AD,E1011,personal,2016-02-17,True,,2026-05-16
erp.e1011,ERP,E1011,personal,2016-02-17,True,,2026-06-22
ad.e1012,AD,E1012,personal,2021-10-11,False,2021-12-13,2021-12-11
erp.e1012,ERP,E1012,personal,2021-10-12,False,2021-12-13,2021-12-12
ad.e1013,AD,E1013,personal,2017-11-23,True,,2026-06-30
erp.e1013,ERP,E1013,personal,2017-11-24,True,,2026-06-16
ad.e1014,AD,E1014,personal,2021-06-28,False,2022-11-08,2022-11-05
erp.e1014,ERP,E1014,personal,2021-06-26,False,2022-11-08,2022-11-05
ad.e1015,AD,E1015,personal,2018-06-08,True,,2026-06-30
erp.e1015,ERP,E1015,personal,2018-06-09,True,,2026-06-29
ad.e1016,AD,E1016,personal,2014-10-20,True,,2026-06-28
erp.e1016,ERP,E1016,personal,2014-10-22,True,,2026-06-30
ad.e1017,AD,E1017,personal,2015-05-31,True,,2026-06-16
erp.e1017,ERP,E1017,personal,2015-05-30,True,,2026-06-30
ad.e1018,AD,E1018,personal,2015-09-03,True,,2026-06-29
erp.e1018,ERP,E1018,personal,2015-09-02,True,,2026-06-29
ad.e1019,AD,E1019,personal,2022-03-18,True,,2026-06-22
erp.e1019,ERP,E1019,personal,2022-03-20,True,,2026-06-30
ad.e1020,AD,E1020,personal,2023-09-02,True,,2026-05-31
erp.e1020,ERP,E1020,personal,2023-08-31,True,,2026-06-30
ad.e1021,AD,E1021,personal,2020-07-20,True,,2026-05-16
erp.e1021,ERP,E1021,personal,2020-07-20,True,,2026-06-30
ad.e1022,AD,E1022,personal,2016-08-12,False,2026-02-25,2026-02-25
erp.e1022,ERP,E1022,personal,2016-08-12,False,2026-02-26,2026-02-22
ad.e1023,AD,E1023,personal,2015-03-06,True,,2026-06-30
erp.e1023,ERP,E1023,personal,2015-03-06,True,,2026-06-30
ad.e1024,AD,E1024,personal,2016-04-05,True,,2026-06-29
erp.e1024,ERP,E1024,personal,2016-04-05,True,,2026-06-22
ad.e1025,AD,E1025,personal,2019-05-11,True,,2026-06-25
erp.e1025,ERP,E1025,personal,2019-05-11,True,,2026-06-28
ad.e1026,AD,E1026,personal,2013-03-30,False,2021-04-12,2021-04-11
erp.e1026,ERP,E1026,personal,2013-03-28,False,2021-04-12,2021-04-11
ad.e1027,AD,E1027,personal,2025-10-17,True,,2026-06-30
erp.e1027,ERP,E1027,personal,2025-10-17,True,,2026-06-27
ad.e1028,AD,E1028,personal,2013-11-21,True,,2026-05-16
erp.e1028,ERP,E1028,personal,2013-11-21,True,,2026-05-31
ad.e1029,AD,E1029,personal,2020-05-11,False,2025-11-12,2025-11-07
erp.e1029,ERP,E1029,personal,2020-05-10,False,2025-11-12,2025-11-07
ad.e1030,AD,E1030,personal,2025-12-28,True,,2026-06-29
erp.e1030,ERP,E1030,personal,2025-12-30,True,,2026-06-16
ad.e1031,AD,E1031,personal,2015-10-23,True,,2026-06-30
erp.e1031,ERP,E1031,personal,2015-10-22,True,,2025-09-13
ad.e1032,AD,E1032,personal,2017-03-29,False,2025-08-06,2025-07-10
erp.e1032,ERP,E1032,personal,2017-03-27,False,2025-08-06,2025-07-10
ad.e1033,AD,E1033,personal,2019-01-30,True,,2026-06-30
erp.e1033,ERP,E1033,personal,2019-01-29,True,,2026-06-30
ad.e1034,AD,E1034,personal,2021-05-10,True,,2026-06-28
erp.e1034,ERP,E1034,personal,2021-05-09,True,,2026-06-22
ad.e1035,AD,E1035,personal,2018-10-12,True,,2026-06-29
erp.e1035,ERP,E1035,personal,2018-10-14,True,,2026-05-16
ad.e1036,AD,E1036,personal,2025-12-16,True,,2026-06-30
erp.e1036,ERP,E1036,personal,2025-12-17,True,,2026-06-25
ad.e1037,AD,E1037,personal,2013-06-15,True,,2026-06-25
erp.e1037,ERP,E1037,personal,2013-06-15,True,,2026-06-28
ad.e1038,AD,E1038,personal,2018-08-23,True,,2026-06-22
erp.e1038,ERP,E1038,personal,2018-08-22,True,,2026-06-28
ad.e1039,AD,E1039,personal,2026-04-21,True,,2026-06-27
erp.e1039,ERP,E1039,personal,2026-04-19,True,,2026-06-30
ad.e1040,AD,E1040,personal,2015-01-15,False,2021-06-25,2021-06-20
erp.e1040,ERP,E1040,personal,2015-01-15,False,2021-06-24,2021-06-22
ad.e1041,AD,E1041,personal,2018-01-20,True,,2026-06-29
erp.e1041,ERP,E1041,personal,2018-01-21,True,,2026-06-29
ad.e1042,AD,E1042,personal,2018-12-26,True,,2026-06-25
erp.e1042,ERP,E1042,personal,2018-12-24,True,,2026-06-28
ad.e1043,AD,E1043,personal,2015-05-03,True,,2026-06-30
erp.e1043,ERP,E1043,personal,2015-05-04,True,,2025-08-09
ad.e1044,AD,E1044,personal,2017-02-14,True,,2026-06-30
erp.e1044,ERP,E1044,personal,2017-04-04,True,,2026-05-31
ad.e1045,AD,E1045,personal,2013-06-17,True,,2026-06-30
erp.e1045,ERP,E1045,personal,2013-06-18,True,,2026-06-16
ad.e1046,AD,E1046,personal,2019-08-08,False,2022-10-14,2022-10-12
erp.e1046,ERP,E1046,personal,2019-08-09,False,2022-10-14,2022-10-12
ad.e1047,AD,E1047,personal,2016-01-28,True,,2026-06-22
erp.e1047,ERP,E1047,personal,2016-01-28,True,,2026-06-30
ad.e1048,AD,E1048,personal,2012-04-12,True,,2026-06-29
erp.e1048,ERP,E1048,personal,2012-04-11,True,,2026-06-25
ad.e1049,AD,E1049,personal,2017-08-04,False,2022-01-10,2022-01-09
erp.e1049,ERP,E1049,personal,2017-08-06,False,2022-01-10,2022-01-10
ad.e1050,AD,E1050,personal,2014-12-29,True,,2026-06-28
erp.e1050,ERP,E1050,personal,2014-12-27,True,,2026-06-28
ad.e1051,AD,E1051,personal,2013-02-20,True,,2026-05-16
erp.e1051,ERP,E1051,personal,2013-02-19,True,,2026-06-30
ad.e1052,AD,E1052,personal,2023-01-26,True,,2026-06-27
erp.e1052,ERP,E1052,personal,2023-01-26,True,,2026-05-31
ad.e1053,AD,E1053,personal,2013-12-09,True,,2026-06-28
erp.e1053,ERP,E1053,personal,2013-12-28,True,,2025-06-20
ad.e1054,AD,E1054,personal,2020-06-29,False,2021-02-17,2021-02-16
erp.e1054,ERP,E1054,personal,2020-07-01,False,2021-02-17,2021-02-14
ad.e1055,AD,E1055,personal,2021-02-08,True,,2026-06-29
erp.e1055,ERP,E1055,personal,2021-02-08,True,,2026-06-27
ad.e1056,AD,E1056,personal,2014-08-04,True,,2026-06-29
erp.e1056,ERP,E1056,personal,2014-08-05,True,,2026-06-27
ad.e1057,AD,E1057,personal,2026-04-09,True,,2026-06-28
erp.e1057,ERP,E1057,personal,2026-04-10,True,,2026-06-22
ad.e1058,AD,E1058,personal,2015-06-15,True,,2026-05-31
erp.e1058,ERP,E1058,personal,2015-06-17,True,,2026-06-29
ad.e1059,AD,E1059,personal,2012-03-24,True,,2026-06-22
erp.e1059,ERP,E1059,personal,2012-03-26,True,,2026-06-30
ad.e1060,AD,E1060,personal,2026-01-29,True,,2026-06-30
erp.e1060,ERP,E1060,personal,2026-01-30,True,,2026-06-27
ad.e1061,AD,E1061,personal,2012-01-11,True,,2026-06-29
erp.e1061,ERP,E1061,personal,2012-01-12,True,,2026-06-25
ad.e1062,AD,E1062,personal,2022-01-05,True,,2026-06-30
erp.e1062,ERP,E1062,personal,2022-01-04,True,,2026-06-29
ad.e1063,AD,E1063,personal,2019-10-25,True,,2026-06-30
erp.e1063,ERP,E1063,personal,2019-10-26,True,,2026-06-29
ad.e1064,AD,E1064,personal,2021-11-22,True,,2026-06-28
erp.e1064,ERP,E1064,personal,2021-11-21,True,,2026-06-30
ad.e1065,AD,E1065,personal,2012-03-22,True,,2026-06-28
erp.e1065,ERP,E1065,personal,2012-03-22,True,,2026-06-25
ad.e1066,AD,E1066,personal,2017-11-01,True,,2026-06-28
erp.e1066,ERP,E1066,personal,2017-11-02,True,,2026-06-27
ad.e1067,AD,E1067,personal,2015-08-23,True,,2026-06-25
erp.e1067,ERP,E1067,personal,2015-08-23,True,,2026-06-16
ad.e1068,AD,E1068,personal,2019-06-17,True,,2026-06-28
erp.e1068,ERP,E1068,personal,2019-06-16,True,,2026-06-28
ad.e1069,AD,E1069,personal,2020-08-16,False,2024-03-28,2024-03-26
erp.e1069,ERP,E1069,personal,2020-08-16,False,2024-03-27,2024-03-27
ad.e1070,AD,E1070,personal,2026-05-27,True,,2026-06-30
erp.e1070,ERP,E1070,personal,2026-05-28,True,,2026-06-29
ad.e1071,AD,E1071,personal,2014-03-15,True,,2026-06-30
erp.e1071,ERP,E1071,personal,2014-03-16,True,,2026-06-28
ad.e1072,AD,E1072,personal,2013-08-29,True,,2026-06-29
erp.e1072,ERP,E1072,personal,2013-08-27,True,,2026-06-30
ad.e1073,AD,E1073,personal,2013-02-04,False,2021-09-07,2021-09-05
erp.e1073,ERP,E1073,personal,2013-02-04,False,2021-09-07,2021-09-03
ad.e1074,AD,E1074,personal,2012-10-24,True,,2026-06-28
erp.e1074,ERP,E1074,personal,2012-10-26,True,,2026-06-22
ad.e1075,AD,E1075,personal,2024-06-16,True,,2026-01-02
erp.e1075,ERP,E1075,personal,2024-06-17,True,,2026-06-30
ad.e1076,AD,E1076,personal,2022-02-22,True,,2026-06-30
erp.e1076,ERP,E1076,personal,2022-02-24,True,,2026-06-30
ad.e1077,AD,E1077,personal,2016-06-16,False,2026-02-10,2026-02-10
erp.e1077,ERP,E1077,personal,2016-06-16,False,2026-02-10,2026-02-10
ad.e1078,AD,E1078,personal,2019-01-24,True,,2026-06-29
erp.e1078,ERP,E1078,personal,2019-01-24,True,,2026-06-30
ad.e1079,AD,E1079,personal,2024-10-16,True,,2026-06-30
erp.e1079,ERP,E1079,personal,2024-10-15,True,,2026-05-31
ad.e1080,AD,E1080,personal,2018-05-09,True,,2026-06-30
erp.e1080,ERP,E1080,personal,2018-05-08,True,,2026-06-30
ad.e1081,AD,E1081,personal,2019-05-21,True,,2026-06-30
erp.e1081,ERP,E1081,personal,2019-05-21,True,,2026-06-30
ad.e1082,AD,E1082,personal,2012-12-30,True,,2026-06-29
erp.e1082,ERP,E1082,personal,2012-12-29,True,,2026-06-28
ad.e1083,AD,E1083,personal,2017-10-22,False,2024-03-07,2024-03-04
erp.e1083,ERP,E1083,personal,2017-10-22,False,2024-03-07,2024-03-02
ad.e1084,AD,E1084,personal,2019-08-30,True,,2026-06-30
erp.e1084,ERP,E1084,personal,2019-08-28,True,,2026-06-30
ad.e1085,AD,E1085,personal,2021-06-18,True,,2026-06-16
erp.e1085,ERP,E1085,personal,2021-06-18,True,,2026-06-25
ad.e1086,AD,E1086,personal,2015-09-08,True,,2026-06-28
erp.e1086,ERP,E1086,personal,2015-09-07,True,,2026-06-29
ad.e1087,AD,E1087,personal,2020-02-01,True,,2026-06-27
erp.e1087,ERP,E1087,personal,2020-01-31,True,,2026-06-22
ad.e1088,AD,E1088,personal,2018-09-12,False,2022-02-28,2022-02-26
erp.e1088,ERP,E1088,personal,2018-09-11,False,2022-02-28,2022-02-27
ad.e1089,AD,E1089,personal,2023-01-08,True,,2026-06-16
erp.e1089,ERP,E1089,personal,2023-01-08,True,,2026-06-28
ad.e1090,AD,E1090,personal,2013-09-22,True,,2026-06-28
erp.e1090,ERP,E1090,personal,2013-09-22,True,,2026-06-27
ad.e1091,AD,E1091,personal,2016-05-12,True,,2026-06-30
erp.e1091,ERP,E1091,personal,2016-05-13,True,,2026-06-29
ad.e1092,AD,E1092,personal,2024-10-15,False,2025-09-05,2025-09-02
erp.e1092,ERP,E1092,personal,2024-10-15,False,2025-09-08,2025-09-02
ad.e1093,AD,E1093,personal,2020-01-13,True,,2026-06-30
erp.e1093,ERP,E1093,personal,2020-01-12,True,,2026-06-30
ad.e1094,AD,E1094,personal,2016-06-28,True,,2026-06-30
erp.e1094,ERP,E1094,personal,2016-06-27,True,,2026-06-30
ad.e1095,AD,E1095,personal,2018-06-27,True,,2026-06-16
erp.e1095,ERP,E1095,personal,2018-06-28,True,,2026-06-29
ad.e1096,AD,E1096,personal,2025-11-01,True,,2026-06-27
erp.e1096,ERP,E1096,personal,2025-11-01,True,,2026-06-22
payroll.e1096,PAYROLL,E1096,personal,2025-11-01,True,,2026-06-30
ad.e1097,AD,E1097,personal,2016-05-20,True,,2026-05-31
erp.e1097,ERP,E1097,personal,2016-05-20,True,,2026-06-25
ad.e1098,AD,E1098,personal,2013-06-10,False,2025-08-27,2025-08-23
erp.e1098,ERP,E1098,personal,2013-06-09,False,2025-08-26,2025-08-22
ad.e1099,AD,E1099,personal,2025-10-14,True,,2026-06-29
erp.e1099,ERP,E1099,personal,2025-10-12,True,,2026-06-29
ad.e1100,AD,E1100,personal,2022-10-27,True,,2026-06-30
erp.e1100,ERP,E1100,personal,2022-10-29,True,,2026-06-22
payroll.e1100,PAYROLL,E1100,personal,2022-10-28,True,,2026-05-31
ad.e1101,AD,E1101,personal,2014-05-30,True,,2026-06-25
erp.e1101,ERP,E1101,personal,2014-05-30,True,,2026-06-28
payroll.e1101,PAYROLL,E1101,personal,2014-06-01,True,,2026-06-25
ad.e1102,AD,E1102,personal,2014-08-14,False,2026-03-02,2026-02-26
erp.e1102,ERP,E1102,personal,2014-08-15,False,2026-03-02,2026-02-27
payroll.e1102,PAYROLL,E1102,personal,2014-08-13,False,2026-03-03,2026-02-27
ad.e1103,AD,E1103,personal,2018-12-15,True,,2026-06-22
erp.e1103,ERP,E1103,personal,2018-12-16,True,,2026-06-27
payroll.e1103,PAYROLL,E1103,personal,2018-12-16,True,,2026-06-30
ad.e1104,AD,E1104,personal,2020-06-17,True,,2026-06-30
erp.e1104,ERP,E1104,personal,2020-06-19,True,,2026-06-27
payroll.e1104,PAYROLL,E1104,personal,2020-06-18,True,,2026-06-29
ad.e1105,AD,E1105,personal,2019-07-01,True,,2026-06-29
erp.e1105,ERP,E1105,personal,2019-06-29,True,,2026-06-28
payroll.e1105,PAYROLL,E1105,personal,2019-07-01,True,,2026-06-29
ad.e1106,AD,E1106,personal,2013-06-14,True,,2026-06-30
erp.e1106,ERP,E1106,personal,2013-06-14,True,,2026-06-30
payroll.e1106,PAYROLL,E1106,personal,2013-06-15,True,,2026-06-28
ad.e1107,AD,E1107,personal,2022-09-19,True,,2026-06-27
ad.e1108,AD,E1108,personal,2021-10-16,True,,2026-06-29
ad.e1109,AD,E1109,personal,2021-04-21,False,2026-04-07,2026-04-03
ad.e1110,AD,E1110,personal,2017-08-20,True,,2026-06-28
ad.e1111,AD,E1111,personal,2012-10-21,True,,2026-06-27
ad.e1112,AD,E1112,personal,2014-07-23,False,2021-09-13,2021-09-10
ad.e1113,AD,E1113,personal,2024-05-23,True,,2026-06-28
ad.e1114,AD,E1114,personal,2013-07-15,True,,2026-06-27
ad.e1115,AD,E1115,personal,2022-09-09,True,,2026-06-30
ad.e1116,AD,E1116,personal,2013-07-20,False,2025-11-11,2025-11-05
ad.e1117,AD,E1117,personal,2021-09-30,True,,2026-06-30
ad.e1118,AD,E1118,personal,2014-04-13,True,,2026-06-30
ad.e1119,AD,E1119,personal,2017-08-25,True,,2026-06-29
ad.e1120,AD,E1120,personal,2013-09-02,True,,2026-06-30
ad.e1121,AD,E1121,personal,2012-03-25,False,2025-12-25,2025-12-21
ad.e1122,AD,E1122,personal,2012-04-02,True,,2026-06-22
ad.e1123,AD,E1123,personal,2013-05-05,True,,2026-06-30
ad.e1124,AD,E1124,personal,2016-02-19,True,,2026-06-28
ad.e1125,AD,E1125,personal,2024-08-02,True,,2026-06-27
ad.e1126,AD,E1126,personal,2015-08-15,True,,2026-06-25
ad.e1127,AD,E1127,personal,2015-01-14,True,,2026-06-25
ad.e1128,AD,E1128,personal,2025-08-12,True,,2026-06-29
ad.e1129,AD,E1129,personal,2017-11-17,True,,2026-06-29
ad.e1130,AD,E1130,personal,2014-09-01,False,2024-01-19,2024-01-18
ad.e1131,AD,E1131,personal,2019-04-25,True,,2026-06-29
ad.e1132,AD,E1132,personal,2013-11-13,False,2021-10-20,2021-10-16
ad.e1133,AD,E1133,personal,2021-03-20,False,2025-07-07,2025-07-03
ad.e1134,AD,E1134,personal,2017-01-18,False,2020-09-04,2020-09-02
ad.e1135,AD,E1135,personal,2021-07-07,False,2023-11-09,2023-11-05
ad.e1136,AD,E1136,personal,2024-07-11,True,,2026-06-25
ad.e1137,AD,E1137,personal,2016-05-16,False,2025-12-31,2025-12-29
ad.e1138,AD,E1138,personal,2012-11-23,False,2024-05-07,2024-05-06
ad.e1139,AD,E1139,personal,2024-10-27,True,,2026-06-30
ad.e1140,AD,E1140,personal,2017-09-18,True,,2026-06-29
ad.e1141,AD,E1141,personal,2022-06-28,False,2026-04-24,2026-04-20
ad.e1142,AD,E1142,personal,2018-05-15,True,,2026-06-29
ad.e1143,AD,E1143,personal,2017-04-14,False,2026-01-26,2026-01-19
ad.e1144,AD,E1144,personal,2015-08-27,True,,2026-06-28
ad.e1145,AD,E1145,personal,2022-08-27,False,2024-05-10,2024-05-07
ad.e1146,AD,E1146,personal,2016-09-25,True,,2026-06-30
ad.e1147,AD,E1147,personal,2015-03-28,True,,2026-06-16
ad.e1148,AD,E1148,personal,2021-12-01,True,,2026-06-25
ad.e1149,AD,E1149,personal,2022-01-10,True,,2026-06-30
ad.e1150,AD,E1150,personal,2018-05-23,False,2026-06-08,2026-06-05
ad.e1151,AD,E1151,personal,2025-01-25,True,,2025-08-29
ad.e1152,AD,E1152,personal,2026-03-11,True,,2026-06-30
ad.e1153,AD,E1153,personal,2024-01-04,True,,2026-06-29
ad.e1154,AD,E1154,personal,2026-01-15,True,,2026-06-27
ad.e1155,AD,E1155,personal,2014-08-12,True,,2026-06-30
ad.e1156,AD,E1156,personal,2020-05-03,True,,2026-06-25
ad.e1157,AD,E1157,personal,2015-05-17,True,,2026-06-29
ad.e1158,AD,E1158,personal,2019-09-06,True,,2026-06-29
ad.e1159,AD,E1159,personal,2025-08-06,True,,2026-06-29
ad.e1160,AD,E1160,personal,2017-08-17,False,2026-04-17,2026-04-15
ad.e1161,AD,E1161,personal,2012-11-19,False,2024-03-06,2024-03-02
ad.e1162,AD,E1162,personal,2017-11-07,True,,2026-06-30
ad.e1163,AD,E1163,personal,2018-04-29,True,,2026-06-30
ad.e1164,AD,E1164,personal,2018-07-09,True,,2026-06-30
ad.e1165,AD,E1165,personal,2023-12-21,True,,2026-06-29
ad.e1166,AD,E1166,personal,2012-04-01,True,,2026-06-29
ad.e1167,AD,E1167,personal,2023-05-27,True,,2026-06-16
ad.e1168,AD,E1168,personal,2015-01-17,False,2021-09-20,2021-09-17
ad.e1169,AD,E1169,personal,2022-06-23,True,,2026-06-29
ad.e1170,AD,E1170,personal,2013-01-15,False,2023-10-03,2023-09-30
ad.e1171,AD,E1171,personal,2017-05-18,True,,2026-06-25
ad.e1172,AD,E1172,personal,2023-09-20,True,,2026-06-16
ad.e1173,AD,E1173,personal,2012-02-25,True,,2026-06-29
ad.e1174,AD,E1174,personal,2015-08-01,True,,2026-06-22
ad.e1175,AD,E1175,personal,2012-08-17,True,,2026-06-16
ad.e1176,AD,E1176,personal,2012-10-09,False,2025-08-28,2025-08-24
ad.e1177,AD,E1177,personal,2017-09-20,True,,2026-06-28
ad.e1178,AD,E1178,personal,2016-03-17,True,,2026-06-30
ad.e1179,AD,E1179,personal,2022-09-07,True,,2026-06-30
ad.e1180,AD,E1180,personal,2012-03-26,False,2023-08-15,2023-08-12
ad.e1181,AD,E1181,personal,2018-10-19,True,,2026-06-30
ad.e1182,AD,E1182,personal,2024-03-07,True,,2026-06-30
ad.e1183,AD,E1183,personal,2026-02-02,True,,2026-06-29
ad.e1184,AD,E1184,personal,2013-08-12,False,2022-07-11,2022-07-08
ad.e1185,AD,E1185,personal,2013-11-14,True,,2026-06-29
ad.e1186,AD,E1186,personal,2013-12-16,True,,2026-06-30
ad.e1187,AD,E1187,personal,2023-10-10,True,,2026-06-16
ad.e1188,AD,E1188,personal,2026-06-02,True,,2026-06-29
ad.e1189,AD,E1189,personal,2021-02-17,True,,2026-06-27
ad.e1190,AD,E1190,personal,2019-01-23,False,2026-01-22,2026-01-18
ad.e1191,AD,E1191,personal,2025-01-06,True,,2026-06-30
ad.e1192,AD,E1192,personal,2017-01-12,True,,2026-06-29
ad.e1193,AD,E1193,personal,2014-09-05,False,2024-02-08,2024-02-03
ad.e1194,AD,E1194,personal,2021-07-09,True,,2026-06-16
ad.e1195,AD,E1195,personal,2022-09-29,True,,2026-06-30
ad.e1196,AD,E1196,personal,2019-11-05,True,,2026-06-29
ad.e1197,AD,E1197,personal,2014-10-27,True,,2026-06-16
ad.e1198,AD,E1198,personal,2023-08-25,True,,2026-06-29
ad.e1199,AD,E1199,personal,2013-12-27,False,2025-10-09,2025-10-07
ad.e1200,AD,E1200,personal,2025-06-20,True,,2026-06-22
ad.e1201,AD,E1201,personal,2019-11-19,True,,2026-06-28
ad.e1202,AD,E1202,personal,2022-12-11,True,,2026-06-30
ad.e1203,AD,E1203,personal,2018-08-02,True,,2026-06-30
ad.e1204,AD,E1204,personal,2020-08-12,True,,2026-06-29
svc.backup,AD,,service,2019-03-01,True,,2026-06-30
svc.erp_batch,ERP,,service,2019-03-01,True,,2026-06-30
svc.hris_sync,HRIS,,service,2019-03-01,True,,2026-06-30
svc.monitoring,AD,,service,2019-03-01,True,,2026-06-30
ad.x000,AD,E9000,personal,2022-07-11,True,,2026-06-17
erp.x001,ERP,E9001,personal,2022-05-14,True,,2026-06-26
ad.x002,AD,E9002,personal,2023-12-01,True,,2026-06-14
hris.x003,HRIS,E9003,personal,2023-04-07,True,,2026-06-18
ad.x004,AD,E9004,personal,2024-12-06,True,,2026-06-24
erp.x005,ERP,E9005,personal,2021-03-28,True,,2026-06-11
erp.e0895,ERP,E0895,personal,2025-11-10,True,,2026-06-28
erp.e1183,ERP,E1183,personal,2026-01-31,True,,2026-06-28
erp.e1194,ERP,E1194,personal,2021-07-09,True,,2026-06-28
erp.e0633,ERP,E0633,personal,2014-01-05,True,,2026-06-28
erp.e1171,ERP,E1171,personal,2017-05-16,True,,2026-06-28
erp.e0429,ERP,E0429,personal,2017-02-10,True,,2026-06-28
erp.e1123,ERP,E1123,personal,2013-05-04,True,,2026-06-28
erp.e0694,ERP,E0694,personal,2013-06-16,True,,2026-06-28
erp.e0858,ERP,E0858,personal,2026-03-26,True,,2026-06-28
admin,AD,,generic,2018-06-01,True,,2026-06-29
erp.firefighter,ERP,,generic,2018-06-01,True,,2026-06-29
payroll.e0301,PAYROLL,E0301,personal,2019-05-09,True,,2026-06-29
payroll.e0311,PAYROLL,E0311,personal,2016-07-16,True,,2026-06-29
