claim_id,employee_id,department,date,category,amount,approver_id,status
EXP-000021,E0006,Finance,2025-07-01,Travel,195.62,E0207,Paid
EXP-000125,E0027,Finance,2025-07-01,Meals,58.06,E0206,Paid
EXP-000395,E0073,Finance,2025-07-01,Client entertainment,62.68,E0193,Paid
EXP-001070,E0193,Finance,2025-07-01,Client entertainment,71.9,E0192,Paid
EXP-001761,E0324,Human Resources,2025-07-01,Supplies,94.8,E0377,Paid
EXP-002486,E0457,IT,2025-07-01,Training,30.05,E0379,Paid
EXP-002577,E0474,IT,2025-07-01,Travel,23.48,E0379,Paid
EXP-002735,E0487,Operations,2025-07-01,Meals,114.85,E0937,Paid
EXP-002941,E0504,Operations,2025-07-01,Accommodation,199.82,E0933,Paid
EXP-003326,E0537,Operations,2025-07-01,Client entertainment,80.22,E0914,Paid
EXP-003402,E0543,Operations,2025-07-01,Training,46.67,E0914,Paid
EXP-003503,E0548,Operations,2025-07-01,Meals,260.45,E0909,Paid
EXP-003703,E0565,Operations,2025-07-01,Travel,60.7,E0917,Paid
EXP-003834,E0577,Operations,2025-07-01,Training,141.92,E0933,Paid
EXP-003888,E0581,Operations,2025-07-01,Travel,21.17,E0915,Paid
EXP-004226,E0613,Operations,2025-07-01,Meals,221.49,E0929,Paid
EXP-005763,E0745,Operations,2025-07-01,Supplies,149.49,E0938,Paid
EXP-005971,E0764,Operations,2025-07-01,Meals,170.98,E0934,Paid
EXP-006142,E0777,Operations,2025-07-01,Client entertainment,162.99,E0907,Paid
EXP-006550,E0810,Operations,2025-07-01,Supplies,510.99,E0937,Paid
EXP-006682,E0821,Operations,2025-07-01,Accommodation,611.32,E0920,Paid
EXP-006702,E0824,Operations,2025-07-01,Training,263.52,E0930,Paid
EXP-007141,E0858,Operations,2025-07-01,Training,56.68,E0917,Paid
EXP-007855,E0915,Operations,2025-07-01,Training,38.8,E0911,Paid
EXP-007913,E0921,Operations,2025-07-01,Client entertainment,107.56,E0916,Paid
EXP-008843,E0993,Sales,2025-07-01,Meals,134.51,E1048,Paid
EXP-008979,E1005,Sales,2025-07-01,Travel,31.97,E1068,Paid
EXP-009664,E1061,Sales,2025-07-01,Supplies,299.53,E1035,Paid
EXP-009675,E1062,Sales,2025-07-01,Accommodation,52.47,E0998,Paid
EXP-009816,E1074,Sales,2025-07-01,Travel,24.1,E1064,Paid
EXP-010005,E1089,Sales,2025-07-01,Supplies,99.04,E0959,Paid
EXP-010398,E1128,Facilities,2025-07-01,Supplies,192.96,E1121,Paid
EXP-010456,E1144,Facilities,2025-07-01,Meals,82.53,E1121,Paid
EXP-010595,E1171,Facilities,2025-07-01,Meals,323.69,E1121,Paid
EXP-010747,E1195,Facilities,2025-07-01,Travel,234.36,E1121,Paid
EXP-000255,E0047,Finance,2025-07-02,Travel,277.19,E0195,Paid
EXP-001300,E0243,Procurement,2025-07-02,Meals,40.1,E0274,Paid
EXP-001632,E0300,Human Resources,2025-07-02,Client entertainment,84.14,E0344,Paid
EXP-002294,E0421,IT,2025-07-02,Travel,285.53,E0379,Paid
EXP-002487,E0457,IT,2025-07-02,Supplies,244.85,E0379,Paid
EXP-002731,E0487,Operations,2025-07-02,Client entertainment,491.17,E0937,Paid
EXP-003181,E0524,Operations,2025-07-02,Supplies,58.88,E0903,Paid
EXP-003498,E0548,Operations,2025-07-02,Client entertainment,53.91,E0909,Paid
EXP-003872,E0580,Operations,2025-07-02,Supplies,106.39,E0912,Paid
EXP-003992,E0590,Operations,2025-07-02,Training,67.89,E0926,Paid
EXP-003993,E0590,Operations,2025-07-02,Accommodation,39.47,E0926,Paid
EXP-004174,E0610,Operations,2025-07-02,Supplies,162.86,E0907,Paid
EXP-004713,E0653,Operations,2025-07-02,Client entertainment,62.61,E0936,Paid
EXP-005185,E0693,Operations,2025-07-02,Supplies,63.8,E0938,Paid
EXP-006402,E0799,Operations,2025-07-02,Client entertainment,96.32,E0914,Paid
EXP-006515,E0807,Operations,2025-07-02,Client entertainment,42.29,E0907,Paid
EXP-008291,E0948,Sales,2025-07-02,Travel,314.17,E0976,Paid
EXP-008750,E0985,Sales,2025-07-02,Training,206.51,E0977,Paid
EXP-009086,E1013,Sales,2025-07-02,Accommodation,192.67,E1032,Paid
EXP-009342,E1035,Sales,2025-07-02,Travel,234.41,E0967,Paid
EXP-009589,E1056,Sales,2025-07-02,Travel,265.7,E1074,Paid
EXP-010314,E1113,Legal,2025-07-02,Training,27.3,E1120,Paid
EXP-010557,E1163,Facilities,2025-07-02,Supplies,53.03,E1121,Paid
EXP-000169,E0034,Finance,2025-07-03,Client entertainment,43.37,E0196,Paid
EXP-000575,E0107,Finance,2025-07-03,Travel,164.78,E0199,Paid
EXP-001078,E0194,Finance,2025-07-03,Client entertainment,51.85,E0200,Paid
EXP-001949,E0358,Human Resources,2025-07-03,Meals,127.61,E0349,Paid
EXP-001961,E0360,Human Resources,2025-07-03,Meals,91.9,E0348,Paid
EXP-003159,E0522,Operations,2025-07-03,Accommodation,144.1,E0916,Paid
EXP-003863,E0579,Operations,2025-07-03,Accommodation,24.52,E0926,Paid
EXP-004348,E0623,Operations,2025-07-03,Meals,109.99,E0909,Paid
EXP-004429,E0628,Operations,2025-07-03,Meals,157.69,E0912,Paid
EXP-004486,E0633,Operations,2025-07-03,Training,21.35,E0901,Paid
EXP-005187,E0693,Operations,2025-07-03,Training,394.2,E0938,Paid
EXP-005213,E0696,Operations,2025-07-03,Travel,65.73,E0925,Paid
EXP-007358,E0878,Operations,2025-07-03,Travel,130.45,E0923,Paid
EXP-008289,E0948,Sales,2025-07-03,Meals,409.75,E0976,Paid
EXP-008310,E0951,Sales,2025-07-03,Travel,224.96,E0984,Paid
EXP-008501,E0966,Sales,2025-07-03,Travel,132.88,E1012,Paid
EXP-008831,E0992,Sales,2025-07-03,Supplies,150.37,E1060,Paid
EXP-008839,E0992,Sales,2025-07-03,Client entertainment,118.89,E1060,Paid
EXP-009141,E1019,Sales,2025-07-03,Supplies,654.03,E0984,Paid
EXP-009817,E1074,Sales,2025-07-03,Travel,38.31,E1064,Paid
EXP-010122,E1097,Sales,2025-07-03,Meals,197.58,E1030,Paid
EXP-010206,E1104,Sales,2025-07-03,Travel,108.54,E1056,Paid
EXP-010603,E1172,Facilities,2025-07-03,Training,119.68,E1121,Paid
EXP-010723,E1190,Facilities,2025-07-03,Client entertainment,64.92,E1121,Paid
EXP-010893,E1043,Sales,2025-07-03,Client entertainment,988.37,E1099,Paid
EXP-000380,E0070,Finance,2025-07-04,Client entertainment,29.05,E0196,Paid
EXP-000439,E0083,Finance,2025-07-04,Client entertainment,157.45,E0199,Paid
EXP-001064,E0192,Finance,2025-07-04,Accommodation,522.46,E0205,Paid
EXP-001801,E0330,Human Resources,2025-07-04,Training,109.23,E0347,Paid
EXP-002077,E0380,IT,2025-07-04,Client entertainment,116.37,E0379,Paid
EXP-002492,E0458,IT,2025-07-04,Client entertainment,92.16,E0379,Paid
EXP-002732,E0487,Operations,2025-07-04,Meals,145.53,E0937,Paid
EXP-003096,E0518,Operations,2025-07-04,Training,168.31,E0902,Paid
EXP-003132,E0520,Operations,2025-07-04,Travel,21.41,E0520,Paid
EXP-003528,E0550,Operations,2025-07-04,Travel,170.32,E0912,Paid
EXP-004229,E0613,Operations,2025-07-04,Training,363.54,E0929,Paid
EXP-004299,E0618,Operations,2025-07-04,Training,17.63,E0906,Paid
EXP-004561,E0639,Operations,2025-07-04,Training,92.9,E0921,Paid
EXP-004577,E0640,Operations,2025-07-04,Supplies,143.28,E0938,Paid
EXP-004803,E0661,Operations,2025-07-04,Supplies,29.13,E0916,Paid
EXP-004909,E0671,Operations,2025-07-04,Meals,227.63,E0910,Paid
EXP-005540,E0726,Operations,2025-07-04,Meals,556.22,E0906,Paid
EXP-005677,E0737,Operations,2025-07-04,Meals,69.93,E0915,Paid
EXP-005956,E0763,Operations,2025-07-04,Client entertainment,157.18,E0914,Paid
EXP-006194,E0783,Operations,2025-07-04,Travel,127.67,E0918,Paid
EXP-007153,E0859,Operations,2025-07-04,Supplies,97.25,E0919,Paid
EXP-007194,E0862,Operations,2025-07-04,Training,260.08,E0924,Paid
EXP-007297,E0873,Operations,2025-07-04,Training,105.75,E0914,Paid
EXP-007374,E0879,Operations,2025-07-04,Meals,128.8,E0899,Paid
EXP-007749,E0908,Operations,2025-07-04,Client entertainment,253.66,E0914,Paid
EXP-008955,E1003,Sales,2025-07-04,Accommodation,224.99,E1102,Paid
EXP-009370,E1036,Sales,2025-07-04,Travel,10.29,E1092,Paid
EXP-009849,E1076,Sales,2025-07-04,Meals,205.74,E1047,Paid
EXP-010292,E1110,Legal,2025-07-04,Meals,42.91,E1117,Paid
EXP-000424,E0078,Finance,2025-07-05,Client entertainment,85.48,E0205,Paid
EXP-000656,E0119,Finance,2025-07-05,Supplies,265.23,E0210,Paid
EXP-001316,E0245,Procurement,2025-07-05,Meals,14.51,E0278,Paid
EXP-001839,E0337,Human Resources,2025-07-05,Meals,39.37,E0340,Paid
EXP-002563,E0472,IT,2025-07-05,Accommodation,84.09,E0379,Paid
EXP-002692,E0485,Operations,2025-07-05,Supplies,75.11,E0903,Paid
EXP-003127,E0520,Operations,2025-07-05,Client entertainment,170.57,E0907,Paid
EXP-003612,E0558,Operations,2025-07-05,Travel,109.83,E0906,Paid
EXP-003824,E0575,Operations,2025-07-05,Training,21.43,E0904,Paid
EXP-004152,E0608,Operations,2025-07-05,Client entertainment,332.87,E0929,Paid
EXP-004642,E0646,Operations,2025-07-05,Accommodation,117.05,E0923,Paid
EXP-004986,E0678,Operations,2025-07-05,Meals,140.7,E0918,Paid
EXP-006184,E0781,Operations,2025-07-05,Client entertainment,51.8,E0936,Paid
EXP-006693,E0824,Operations,2025-07-05,Training,832.61,E0930,Paid
EXP-006804,E0832,Operations,2025-07-05,Travel,87.66,E0904,Paid
EXP-007658,E0902,Operations,2025-07-05,Travel,170.4,E0001,Paid
EXP-007764,E0910,Operations,2025-07-05,Travel,50.59,E0917,Paid
EXP-008294,E0949,Sales,2025-07-05,Client entertainment,64.3,E0955,Paid
EXP-008367,E0956,Sales,2025-07-05,Accommodation,139.32,E1104,Paid
EXP-008524,E0968,Sales,2025-07-05,Accommodation,132.03,E1017,Paid
EXP-010305,E1111,Legal,2025-07-05,Client entertainment,125.16,E1118,Paid
EXP-010466,E1147,Facilities,2025-07-05,Supplies,107.89,E1121,Paid
EXP-010823,E0965,Sales,2025-07-05,Client entertainment,908.01,E0976,Paid
EXP-000038,E0009,Finance,2025-07-06,Accommodation,299.06,E0199,Paid
EXP-000266,E0048,Finance,2025-07-06,Client entertainment,319.33,E0196,Paid
EXP-000720,E0133,Finance,2025-07-06,Travel,81.45,E0195,Paid
EXP-000732,E0135,Finance,2025-07-06,Training,36.75,E0196,Paid
EXP-000748,E0138,Finance,2025-07-06,Travel,35.79,E0203,Paid
EXP-000876,E0165,Finance,2025-07-06,Accommodation,87.63,E0208,Paid
EXP-001347,E0251,Procurement,2025-07-06,Supplies,94.29,E0277,Paid
EXP-001588,E0290,Procurement,2025-07-06,Training,59.33,E0272,Paid
EXP-002041,E0375,Human Resources,2025-07-06,Training,96.68,E0378,Paid
EXP-002924,E0502,Operations,2025-07-06,Supplies,208.65,E0901,Paid
EXP-003518,E0549,Operations,2025-07-06,Supplies,20.17,E0923,Paid
EXP-003989,E0590,Operations,2025-07-06,Training,162.23,E0926,Paid
EXP-004089,E0599,Operations,2025-07-06,Travel,276.99,E0909,Paid
EXP-004831,E0664,Operations,2025-07-06,Client entertainment,82.86,E0932,Paid
EXP-005240,E0698,Operations,2025-07-06,Accommodation,526.84,E0910,Paid
EXP-005442,E0719,Operations,2025-07-06,Supplies,45.24,E0914,Paid
EXP-005798,E0750,Operations,2025-07-06,Client entertainment,111.94,E0910,Paid
EXP-006071,E0771,Operations,2025-07-06,Training,59.96,E0933,Paid
EXP-006341,E0794,Operations,2025-07-06,Accommodation,116.64,E0924,Paid
EXP-006374,E0798,Operations,2025-07-06,Training,41.4,E0932,Paid
EXP-006868,E0837,Operations,2025-07-06,Travel,38.17,E0936,Paid
EXP-007017,E0848,Operations,2025-07-06,Meals,307.9,E0910,Paid
EXP-007219,E0864,Operations,2025-07-06,Travel,167.64,E0912,Paid
EXP-007220,E0864,Operations,2025-07-06,Meals,29.55,E0912,Paid
EXP-007443,E0884,Operations,2025-07-06,Supplies,36.23,E0901,Paid
EXP-007746,E0908,Operations,2025-07-06,Accommodation,122.72,E0914,Paid
EXP-007819,E0913,Operations,2025-07-06,Training,45.13,E0927,Paid
EXP-008385,E0957,Sales,2025-07-06,Supplies,31.75,E1032,Paid
EXP-009483,E1045,Sales,2025-07-06,Training,51.01,E0986,Paid
EXP-009597,E1056,Sales,2025-07-06,Travel,52.29,E1074,Paid
EXP-010081,E1095,Sales,2025-07-06,Training,97.09,E0966,Paid
EXP-010107,E1096,Sales,2025-07-06,Training,32.77,E0968,Paid
EXP-010780,E1200,Facilities,2025-07-06,Meals,97.5,E1121,Paid
EXP-000587,E0109,Finance,2025-07-07,Supplies,590.06,E0197,Paid
EXP-001267,E0237,Procurement,2025-07-07,Client entertainment,144.31,E0267,Paid
EXP-001459,E0270,Procurement,2025-07-07,Training,31.18,E0267,Paid
EXP-001893,E0348,Human Resources,2025-07-07,Client entertainment,442.77,E0345,Paid
EXP-001977,E0364,Human Resources,2025-07-07,Travel,80.16,E0376,Paid
EXP-002810,E0494,Operations,2025-07-07,Travel,85.59,E0929,Paid
EXP-003047,E0513,Operations,2025-07-07,Training,59.95,E0918,Paid
EXP-003083,E0516,Operations,2025-07-07,Accommodation,90.04,E0934,Paid
EXP-003898,E0581,Operations,2025-07-07,Supplies,16.41,E0915,Paid
EXP-004113,E0602,Operations,2025-07-07,Training,41.87,E0919,Paid
EXP-004343,E0621,Operations,2025-07-07,Training,97.47,E0922,Paid
EXP-004715,E0653,Operations,2025-07-07,Accommodation,23.45,E0936,Paid
EXP-004752,E0656,Operations,2025-07-07,Meals,18.22,E0920,Paid
EXP-004877,E0669,Operations,2025-07-07,Supplies,92.55,E0900,Paid
EXP-004930,E0673,Operations,2025-07-07,Accommodation,35.85,E0909,Paid
EXP-005464,E0720,Operations,2025-07-07,Supplies,115.98,E0920,Paid
EXP-005836,E0753,Operations,2025-07-07,Travel,64.86,E0932,Paid
EXP-006180,E0781,Operations,2025-07-07,Supplies,14.25,E0936,Paid
EXP-006508,E0807,Operations,2025-07-07,Travel,129.75,E0907,Paid
EXP-007436,E0883,Operations,2025-07-07,Meals,30.57,E0898,Paid
EXP-007537,E0891,Operations,2025-07-07,Accommodation,232.24,E0912,Paid
EXP-007727,E0907,Operations,2025-07-07,Meals,198.35,E0938,Paid
EXP-007866,E0916,Operations,2025-07-07,Meals,124.98,E0001,Paid
EXP-008376,E0957,Sales,2025-07-07,Supplies,68.9,E1032,Paid
EXP-008827,E0992,Sales,2025-07-07,Accommodation,143.45,E1060,Paid
EXP-009709,E1064,Sales,2025-07-07,Accommodation,47.51,E1053,Paid
EXP-009875,E1078,Sales,2025-07-07,Travel,48.54,E1102,Paid
EXP-010126,E1097,Sales,2025-07-07,Client entertainment,122.01,E1030,Paid
EXP-010382,E1125,Facilities,2025-07-07,Training,150.24,E1121,Paid
EXP-010395,E1128,Facilities,2025-07-07,Accommodation,200.33,E1121,Paid
EXP-000086,E0018,Finance,2025-07-08,Client entertainment,138.87,E0210,Paid
EXP-000492,E0091,Finance,2025-07-08,Supplies,175.08,E0193,Paid
EXP-000493,E0091,Finance,2025-07-08,Training,211.63,E0193,Paid
EXP-000617,E0113,Finance,2025-07-08,Accommodation,57.0,E0191,Paid
EXP-000640,E0117,Finance,2025-07-08,Supplies,67.45,E0190,Paid
EXP-000782,E0142,Finance,2025-07-08,Training,144.25,E0198,Paid
EXP-000929,E0173,Finance,2025-07-08,Travel,45.12,E0202,Paid
EXP-000974,E0180,Finance,2025-07-08,Travel,102.93,E0208,Paid
EXP-001072,E0193,Finance,2025-07-08,Training,21.75,E0192,Paid
EXP-001174,E0218,Procurement,2025-07-08,Client entertainment,82.01,E0275,Paid
EXP-001260,E0236,Procurement,2025-07-08,Accommodation,110.04,E0275,Paid
EXP-001392,E0258,Procurement,2025-07-08,Client entertainment,78.86,E0270,Paid
EXP-001465,E0271,Procurement,2025-07-08,Training,138.06,E0267,Paid
EXP-001744,E0322,Human Resources,2025-07-08,Training,57.97,E0347,Paid
EXP-002254,E0413,IT,2025-07-08,Meals,17.69,E0379,Paid
EXP-002470,E0456,IT,2025-07-08,Travel,136.04,E0379,Paid
EXP-002836,E0495,Operations,2025-07-08,Supplies,19.78,E0900,Paid
EXP-002974,E0506,Operations,2025-07-08,Supplies,54.61,E0899,Paid
EXP-005461,E0720,Operations,2025-07-08,Training,671.18,E0920,Paid
EXP-006054,E0770,Operations,2025-07-08,Training,80.14,E0912,Paid
EXP-006393,E0798,Operations,2025-07-08,Supplies,18.9,E0932,Paid
EXP-007097,E0854,Operations,2025-07-08,Accommodation,31.43,E0919,Paid
EXP-007298,E0873,Operations,2025-07-08,Meals,75.28,E0914,Paid
EXP-007826,E0913,Operations,2025-07-08,Meals,212.17,E0927,Paid
EXP-008918,E0999,Sales,2025-07-08,Client entertainment,233.8,E0992,Paid
EXP-010220,E1104,Sales,2025-07-08,Travel,85.35,E1056,Paid
EXP-010225,E1104,Sales,2025-07-08,Supplies,76.66,E1056,Paid
EXP-010945,E0413,IT,2025-07-08,Meals,17.69,E0379,Paid
EXP-000299,E0056,Finance,2025-07-09,Training,101.24,E0210,Paid
EXP-000338,E0063,Finance,2025-07-09,Meals,162.02,E0199,Paid
EXP-000709,E0131,Finance,2025-07-09,Meals,18.12,E0200,Paid
EXP-001508,E0278,Procurement,2025-07-09,Client entertainment,197.99,E0276,Paid
EXP-002711,E0486,Operations,2025-07-09,Client entertainment,382.32,E0912,Paid
EXP-003103,E0518,Operations,2025-07-09,Training,739.61,E0902,Paid
EXP-003302,E0535,Operations,2025-07-09,Travel,93.72,E0897,Paid
EXP-003877,E0580,Operations,2025-07-09,Client entertainment,5.4,E0912,Paid
EXP-003944,E0586,Operations,2025-07-09,Client entertainment,210.61,E0898,Paid
EXP-004165,E0610,Operations,2025-07-09,Supplies,193.75,E0907,Paid
EXP-004188,E0611,Operations,2025-07-09,Training,230.93,E0908,Paid
EXP-004480,E0632,Operations,2025-07-09,Client entertainment,55.32,E0911,Paid
EXP-004525,E0637,Operations,2025-07-09,Travel,222.64,E0933,Paid
EXP-005271,E0700,Operations,2025-07-09,Meals,13.54,E0902,Paid
EXP-005991,E0766,Operations,2025-07-09,Training,54.69,E0900,Paid
EXP-007617,E0898,Operations,2025-07-09,Accommodation,48.85,E0903,Paid
EXP-007663,E0903,Operations,2025-07-09,Meals,200.2,E0931,Paid
EXP-008497,E0965,Sales,2025-07-09,Training,82.97,E0976,Paid
EXP-008564,E0971,Sales,2025-07-09,Accommodation,69.0,E1063,Paid
EXP-008591,E0973,Sales,2025-07-09,Accommodation,123.37,E0986,Paid
EXP-009493,E1047,Sales,2025-07-09,Meals,44.99,E1071,Paid
EXP-009559,E1053,Sales,2025-07-09,Training,53.87,E0987,Paid
EXP-009604,E1057,Sales,2025-07-09,Meals,340.6,E0958,Paid
EXP-009738,E1066,Sales,2025-07-09,Training,173.88,E1052,Paid
EXP-009911,E1080,Sales,2025-07-09,Meals,73.77,E1048,Paid
EXP-010111,E1097,Sales,2025-07-09,Meals,184.41,E1030,Paid
EXP-010300,E1110,Legal,2025-07-09,Client entertainment,75.98,E1117,Paid
EXP-000292,E0054,Finance,2025-07-10,Supplies,93.29,E0203,Paid
EXP-000358,E0067,Finance,2025-07-10,Meals,33.94,E0204,Paid
EXP-002668,E0483,Operations,2025-07-10,Training,51.77,E0919,Paid
EXP-002676,E0483,Operations,2025-07-10,Accommodation,215.66,E0919,Paid
EXP-003037,E0512,Operations,2025-07-10,Client entertainment,127.91,E0903,Paid
EXP-003059,E0514,Operations,2025-07-10,Accommodation,252.74,E0907,Paid
EXP-003293,E0534,Operations,2025-07-10,Supplies,346.84,E0925,Paid
EXP-003632,E0559,Operations,2025-07-10,Travel,28.9,E0917,Paid
EXP-003876,E0580,Operations,2025-07-10,Training,222.22,E0912,Paid
EXP-003940,E0585,Operations,2025-07-10,Accommodation,229.28,E0902,Paid
EXP-003951,E0586,Operations,2025-07-10,Meals,72.8,E0898,Paid
EXP-004055,E0595,Operations,2025-07-10,Meals,60.56,E0935,Paid
EXP-005255,E0699,Operations,2025-07-10,Accommodation,78.88,E0931,Paid
EXP-005539,E0725,Operations,2025-07-10,Training,107.62,E0917,Paid
EXP-005613,E0732,Operations,2025-07-10,Training,64.26,E0923,Paid
EXP-006649,E0818,Operations,2025-07-10,Training,474.76,E0931,Paid
EXP-006777,E0830,Operations,2025-07-10,Supplies,149.59,E0917,Paid
EXP-006786,E0830,Operations,2025-07-10,Client entertainment,181.83,E0917,Paid
EXP-007060,E0852,Operations,2025-07-10,Client entertainment,33.14,E0914,Paid
EXP-008183,E0941,Sales,2025-07-10,Training,135.27,E1024,Paid
EXP-008375,E0957,Sales,2025-07-10,Supplies,95.46,E1032,Paid
EXP-008767,E0986,Sales,2025-07-10,Supplies,27.96,E1055,Paid
EXP-008849,E0993,Sales,2025-07-10,Meals,235.11,E1048,Paid
EXP-008989,E1006,Sales,2025-07-10,Accommodation,402.58,E0948,Paid
EXP-009432,E1042,Sales,2025-07-10,Accommodation,155.57,E0965,Paid
EXP-009655,E1060,Sales,2025-07-10,Meals,72.67,E1069,Paid
EXP-009952,E1084,Sales,2025-07-10,Travel,75.03,E1041,Paid
EXP-010138,E1098,Sales,2025-07-10,Client entertainment,45.17,E1042,Paid
EXP-010741,E1194,Facilities,2025-07-10,Meals,204.66,E1121,Paid
EXP-000332,E0063,Finance,2025-07-11,Training,634.66,E0199,Paid
EXP-000580,E0107,Finance,2025-07-11,Client entertainment,151.83,E0199,Paid
EXP-001133,E0208,Finance,2025-07-11,Travel,413.72,E0203,Paid
EXP-001169,E0217,Procurement,2025-07-11,Travel,112.9,E0275,Paid
EXP-001604,E0292,Procurement,2025-07-11,Accommodation,229.49,E0268,Paid
EXP-002378,E0437,IT,2025-07-11,Meals,223.12,E0379,Paid
EXP-003239,E0528,Operations,2025-07-11,Supplies,120.64,E0930,Paid
EXP-003591,E0557,Operations,2025-07-11,Travel,284.07,E0897,Paid
EXP-004023,E0593,Operations,2025-07-11,Meals,40.32,E0938,Paid
EXP-004212,E0612,Operations,2025-07-11,Meals,208.0,E0922,Paid
EXP-004297,E0618,Operations,2025-07-11,Client entertainment,155.54,E0906,Paid
EXP-004733,E0653,Operations,2025-07-11,Client entertainment,34.34,E0936,Paid
EXP-005554,E0727,Operations,2025-07-11,Travel,316.36,E0906,Paid
EXP-005584,E0730,Operations,2025-07-11,Supplies,91.79,E0900,Paid
EXP-005629,E0734,Operations,2025-07-11,Meals,130.74,E0921,Paid
EXP-006088,E0772,Operations,2025-07-11,Travel,211.02,E0910,Paid
EXP-007047,E0851,Operations,2025-07-11,Client entertainment,305.01,E0932,Paid
EXP-007281,E0871,Operations,2025-07-11,Training,64.89,E0899,Paid
EXP-007288,E0872,Operations,2025-07-11,Accommodation,35.1,E0937,Paid
EXP-007453,E0884,Operations,2025-07-11,Meals,223.81,E0901,Paid
EXP-007731,E0907,Operations,2025-07-11,Client entertainment,55.55,E0938,Paid
EXP-007770,E0910,Operations,2025-07-11,Training,187.29,E0917,Paid
EXP-008280,E0947,Sales,2025-07-11,Client entertainment,15.36,E1033,Paid
EXP-008471,E0964,Sales,2025-07-11,Client entertainment,237.47,E1105,Paid
EXP-008873,E0994,Sales,2025-07-11,Client entertainment,150.92,E0970,Paid
EXP-009051,E1010,Sales,2025-07-11,Client entertainment,909.35,E0980,Paid
EXP-009122,E1017,Sales,2025-07-11,Training,58.42,E1065,Paid
EXP-009301,E1032,Sales,2025-07-11,Client entertainment,87.0,E1066,Paid
EXP-010294,E1110,Legal,2025-07-11,Training,104.46,E1117,Paid
EXP-010614,E1173,Facilities,2025-07-11,Client entertainment,56.91,E1121,Paid
EXP-010681,E1183,Facilities,2025-07-11,Meals,37.34,E1121,Paid
EXP-010748,E1195,Facilities,2025-07-11,Training,77.67,E1121,Paid
EXP-000058,E0014,Finance,2025-07-12,Supplies,172.14,E0199,Paid
EXP-000391,E0073,Finance,2025-07-12,Meals,128.47,E0193,Paid
EXP-000394,E0073,Finance,2025-07-12,Accommodation,356.85,E0193,Paid
EXP-000499,E0093,Finance,2025-07-12,Travel,200.86,E0202,Paid
EXP-000517,E0095,Finance,2025-07-12,Client entertainment,174.47,E0208,Paid
EXP-000806,E0150,Finance,2025-07-12,Travel,193.14,E0192,Paid
EXP-000964,E0178,Finance,2025-07-12,Meals,114.31,E0194,Paid
EXP-001836,E0336,Human Resources,2025-07-12,Accommodation,39.44,E0378,Paid
EXP-001971,E0363,Human Resources,2025-07-12,Meals,66.3,E0350,Paid
EXP-002256,E0413,IT,2025-07-12,Training,73.73,E0379,Paid
EXP-002517,E0462,IT,2025-07-12,Client entertainment,108.99,E0379,Paid
EXP-002721,E0486,Operations,2025-07-12,Client entertainment,150.98,E0912,Paid
EXP-003868,E0579,Operations,2025-07-12,Accommodation,220.07,E0926,Paid
EXP-004079,E0597,Operations,2025-07-12,Travel,31.26,E0910,Paid
EXP-004274,E0616,Operations,2025-07-12,Travel,61.13,E0926,Paid
EXP-004330,E0621,Operations,2025-07-12,Meals,39.54,E0922,Paid
EXP-004563,E0639,Operations,2025-07-12,Supplies,51.0,E0921,Paid
EXP-004862,E0668,Operations,2025-07-12,Supplies,287.14,E0913,Paid
EXP-004989,E0678,Operations,2025-07-12,Supplies,80.56,E0918,Paid
EXP-005982,E0765,Operations,2025-07-12,Travel,34.44,E0912,Paid
EXP-006244,E0786,Operations,2025-07-12,Meals,160.54,E0901,Paid
EXP-006342,E0794,Operations,2025-07-12,Supplies,141.6,E0924,Paid
EXP-007201,E0863,Operations,2025-07-12,Meals,193.93,E0929,Paid
EXP-007415,E0882,Operations,2025-07-12,Accommodation,669.84,E0935,Paid
EXP-008212,E0943,Sales,2025-07-12,Travel,212.06,E0972,Paid
EXP-008601,E0973,Sales,2025-07-12,Supplies,49.13,E0986,Paid
EXP-008747,E0984,Sales,2025-07-12,Travel,90.0,E1104,Paid
EXP-008790,E0988,Sales,2025-07-12,Accommodation,118.47,E1030,Paid
EXP-008987,E1005,Sales,2025-07-12,Accommodation,130.78,E1068,Paid
EXP-009195,E1023,Sales,2025-07-12,Travel,221.54,E1042,Paid
EXP-009264,E1029,Sales,2025-07-12,Travel,40.57,E1099,Paid
EXP-010091,E1096,Sales,2025-07-12,Meals,42.51,E0968,Paid
EXP-010580,E1166,Facilities,2025-07-12,Supplies,299.35,E1121,Paid
EXP-010836,E0965,Sales,2025-07-12,Client entertainment,952.09,E0976,Paid
EXP-010872,E1033,Sales,2025-07-12,Client entertainment,926.51,E1044,Paid
EXP-000331,E0063,Finance,2025-07-13,Travel,100.41,E0199,Paid
EXP-000745,E0137,Finance,2025-07-13,Client entertainment,604.91,E0205,Paid
EXP-000786,E0143,Finance,2025-07-13,Accommodation,235.67,E0193,Paid
EXP-000861,E0162,Finance,2025-07-13,Supplies,56.17,E0193,Paid
EXP-001594,E0290,Procurement,2025-07-13,Client entertainment,62.42,E0272,Paid
EXP-002624,E0480,Operations,2025-07-13,Training,194.7,E0903,Paid
EXP-002990,E0508,Operations,2025-07-13,Meals,103.07,E0929,Paid
EXP-003403,E0543,Operations,2025-07-13,Meals,80.85,E0914,Paid
EXP-003767,E0569,Operations,2025-07-13,Accommodation,100.05,E0914,Paid
EXP-004924,E0672,Operations,2025-07-13,Travel,31.16,E0918,Paid
EXP-005915,E0760,Operations,2025-07-13,Accommodation,373.99,E0899,Paid
EXP-006431,E0801,Operations,2025-07-13,Supplies,150.3,E0903,Paid
EXP-006624,E0817,Operations,2025-07-13,Client entertainment,50.45,E0908,Paid
EXP-006646,E0818,Operations,2025-07-13,Client entertainment,374.31,E0931,Paid
EXP-006738,E0827,Operations,2025-07-13,Travel,129.49,E0915,Paid
EXP-007123,E0857,Operations,2025-07-13,Client entertainment,174.56,E0937,Paid
EXP-007451,E0884,Operations,2025-07-13,Supplies,92.57,E0901,Paid
EXP-007587,E0895,Operations,2025-07-13,Supplies,411.53,E0900,Paid
EXP-007961,E0924,Operations,2025-07-13,Training,167.96,E0914,Paid
EXP-008702,E0982,Sales,2025-07-13,Client entertainment,43.45,E0956,Paid
EXP-008862,E0993,Sales,2025-07-13,Client entertainment,36.43,E1048,Paid
EXP-009123,E1018,Sales,2025-07-13,Accommodation,68.25,E1019,Paid
EXP-009211,E1024,Sales,2025-07-13,Training,56.88,E1074,Paid
EXP-009323,E1033,Sales,2025-07-13,Meals,15.82,E1044,Paid
EXP-010356,E1121,Facilities,2025-07-13,Supplies,88.68,E0001,Paid
EXP-010501,E1153,Facilities,2025-07-13,Travel,43.46,E1121,Paid
EXP-010912,E1043,Sales,2025-07-13,Client entertainment,948.29,E1099,Paid
EXP-000412,E0077,Finance,2025-07-14,Client entertainment,73.36,E0202,Paid
EXP-000608,E0112,Finance,2025-07-14,Meals,81.35,E0205,Paid
EXP-001018,E0187,Finance,2025-07-14,Client entertainment,38.93,E0198,Paid
EXP-001701,E0313,Human Resources,2025-07-14,Training,142.69,E0376,Paid
EXP-001919,E0353,Human Resources,2025-07-14,Client entertainment,196.6,E0339,Paid
EXP-002516,E0462,IT,2025-07-14,Travel,98.09,E0379,Paid
EXP-003761,E0568,Operations,2025-07-14,Supplies,25.17,E0897,Paid
EXP-004120,E0603,Operations,2025-07-14,Training,231.37,E0904,Paid
EXP-004731,E0653,Operations,2025-07-14,Travel,645.44,E0936,Paid
EXP-004902,E0670,Operations,2025-07-14,Client entertainment,41.39,E0913,Paid
EXP-005304,E0703,Operations,2025-07-14,Training,276.82,E0900,Paid
EXP-006479,E0803,Operations,2025-07-14,Client entertainment,22.67,E0930,Paid
EXP-006602,E0814,Operations,2025-07-14,Training,457.82,E0920,Paid
EXP-006976,E0844,Operations,2025-07-14,Training,129.33,E0914,Paid
EXP-006981,E0845,Operations,2025-07-14,Client entertainment,12.28,E0916,Paid
EXP-007798,E0912,Operations,2025-07-14,Travel,76.1,E0900,Paid
EXP-008037,E0929,Operations,2025-07-14,Accommodation,131.67,E0911,Paid
EXP-008158,E0940,Sales,2025-07-14,Meals,45.35,E0955,Paid
EXP-008494,E0965,Sales,2025-07-14,Client entertainment,118.98,E0976,Paid
EXP-009048,E1009,Sales,2025-07-14,Travel,233.52,E1040,Paid
EXP-009057,E1010,Sales,2025-07-14,Accommodation,339.12,E0980,Paid
EXP-009060,E1010,Sales,2025-07-14,Accommodation,254.47,E0980,Paid
EXP-009152,E1020,Sales,2025-07-14,Training,134.4,E1081,Paid
EXP-009231,E1025,Sales,2025-07-14,Accommodation,33.83,E0983,Paid
EXP-009797,E1072,Sales,2025-07-14,Training,196.1,E0973,Paid
EXP-010808,E1204,Facilities,2025-07-14,Travel,436.5,E1121,Paid
EXP-000967,E0179,Finance,2025-07-15,Travel,78.73,E0199,Paid
EXP-001094,E0196,Finance,2025-07-15,Training,89.62,E0001,Paid
EXP-001219,E0226,Procurement,2025-07-15,Supplies,24.74,E0268,Paid
EXP-001432,E0265,Procurement,2025-07-15,Training,70.47,E0278,Paid
EXP-001760,E0324,Human Resources,2025-07-15,Meals,20.3,E0377,Paid
EXP-001854,E0339,Human Resources,2025-07-15,Meals,73.7,E0341,Paid
EXP-002096,E0383,IT,2025-07-15,Training,201.8,E0379,Paid
EXP-002128,E0391,IT,2025-07-15,Meals,174.44,E0379,Paid
EXP-002500,E0459,IT,2025-07-15,Travel,62.12,E0379,Paid
EXP-002706,E0486,Operations,2025-07-15,Meals,66.3,E0912,Paid
EXP-003634,E0560,Operations,2025-07-15,Accommodation,497.79,E0907,Paid
EXP-003784,E0571,Operations,2025-07-15,Client entertainment,123.03,E0906,Paid
EXP-004186,E0611,Operations,2025-07-15,Travel,152.86,E0908,Paid
EXP-005198,E0694,Operations,2025-07-15,Accommodation,27.41,E0932,Paid
EXP-006289,E0789,Operations,2025-07-15,Accommodation,80.86,E0897,Paid
EXP-006488,E0805,Operations,2025-07-15,Travel,258.18,E0900,Paid
EXP-006529,E0808,Operations,2025-07-15,Client entertainment,210.31,E0898,Paid
EXP-006694,E0824,Operations,2025-07-15,Client entertainment,86.41,E0930,Paid
EXP-007037,E0850,Operations,2025-07-15,Client entertainment,44.01,E0918,Paid
EXP-007585,E0895,Operations,2025-07-15,Training,79.21,E0900,Paid
EXP-008049,E0930,Operations,2025-07-15,Travel,25.04,E0899,Paid
EXP-008170,E0940,Sales,2025-07-15,Client entertainment,39.82,E0955,Paid
EXP-008275,E0947,Sales,2025-07-15,Client entertainment,113.09,E1033,Paid
EXP-008930,E1000,Sales,2025-07-15,Client entertainment,116.62,E0989,Paid
EXP-008945,E1001,Sales,2025-07-15,Training,39.88,E0992,Paid
EXP-009175,E1022,Sales,2025-07-15,Client entertainment,120.77,E0970,Paid
EXP-009449,E1043,Sales,2025-07-15,Client entertainment,46.02,E1099,Paid
EXP-009481,E1045,Sales,2025-07-15,Client entertainment,57.57,E0986,Paid
EXP-009605,E1057,Sales,2025-07-15,Supplies,139.65,E0958,Paid
EXP-009688,E1063,Sales,2025-07-15,Accommodation,81.94,E1050,Paid
EXP-010195,E1103,Sales,2025-07-15,Meals,78.55,E0975,Paid
EXP-010308,E1111,Legal,2025-07-15,Meals,109.13,E1118,Paid
EXP-010508,E1154,Facilities,2025-07-15,Accommodation,293.52,E1121,Paid
EXP-010530,E1158,Facilities,2025-07-15,Meals,453.3,E1121,Paid
EXP-000563,E0105,Finance,2025-07-16,Training,27.08,E0199,Paid
EXP-000680,E0123,Finance,2025-07-16,Meals,148.76,E0190,Paid
EXP-001180,E0219,Procurement,2025-07-16,Supplies,58.79,E0269,Paid
EXP-001560,E0286,Procurement,2025-07-16,Supplies,120.53,E0279,Paid
EXP-001861,E0340,Human Resources,2025-07-16,Travel,235.26,E0337,Paid
EXP-002174,E0399,IT,2025-07-16,Training,681.8,E0379,Paid
EXP-002319,E0424,IT,2025-07-16,Client entertainment,86.12,E0379,Paid
EXP-002437,E0448,IT,2025-07-16,Training,173.81,E0379,Paid
EXP-002535,E0466,IT,2025-07-16,Training,78.98,E0379,Paid
EXP-002590,E0477,Operations,2025-07-16,Meals,36.38,E0906,Paid
EXP-003524,E0550,Operations,2025-07-16,Training,47.85,E0912,Paid
EXP-003590,E0557,Operations,2025-07-16,Meals,104.65,E0897,Paid
EXP-003618,E0558,Operations,2025-07-16,Training,758.52,E0906,Paid
EXP-003832,E0577,Operations,2025-07-16,Meals,15.31,E0933,Paid
EXP-004064,E0596,Operations,2025-07-16,Meals,114.53,E0908,Paid
EXP-004211,E0612,Operations,2025-07-16,Travel,25.64,E0922,Paid
EXP-004640,E0646,Operations,2025-07-16,Accommodation,117.18,E0923,Paid
EXP-004987,E0678,Operations,2025-07-16,Travel,222.93,E0918,Paid
EXP-005248,E0698,Operations,2025-07-16,Accommodation,22.26,E0910,Paid
EXP-006106,E0773,Operations,2025-07-16,Accommodation,297.95,E0936,Paid
EXP-006380,E0798,Operations,2025-07-16,Travel,15.53,E0932,Paid
EXP-007090,E0854,Operations,2025-07-16,Meals,32.31,E0919,Paid
EXP-007154,E0859,Operations,2025-07-16,Travel,329.23,E0919,Paid
EXP-007486,E0887,Operations,2025-07-16,Client entertainment,209.2,E0926,Paid
EXP-007804,E0912,Operations,2025-07-16,Accommodation,104.48,E0900,Paid
EXP-007964,E0924,Operations,2025-07-16,Accommodation,238.01,E0914,Paid
EXP-007979,E0925,Operations,2025-07-16,Training,605.46,E0900,Paid
EXP-008180,E0941,Sales,2025-07-16,Client entertainment,196.03,E1024,Paid
EXP-008324,E0953,Sales,2025-07-16,Travel,110.27,E0987,Paid
EXP-008744,E0984,Sales,2025-07-16,Training,57.82,E1104,Paid
EXP-008878,E0995,Sales,2025-07-16,Training,56.0,E0997,Paid
EXP-008978,E1004,Sales,2025-07-16,Supplies,120.29,E0946,Paid
EXP-009588,E1056,Sales,2025-07-16,Training,39.68,E1074,Paid
EXP-010224,E1104,Sales,2025-07-16,Accommodation,75.24,E1056,Paid
EXP-010360,E1121,Facilities,2025-07-16,Training,180.91,E0001,Paid
EXP-010425,E1137,Facilities,2025-07-16,Client entertainment,236.82,E1121,Paid
EXP-010649,E1177,Facilities,2025-07-16,Meals,32.82,E1121,Paid
EXP-000303,E0057,Finance,2025-07-17,Travel,107.47,E0207,Paid
EXP-000615,E0113,Finance,2025-07-17,Meals,273.5,E0191,Paid
EXP-001046,E0190,Finance,2025-07-17,Accommodation,335.48,E0196,Paid
EXP-002221,E0406,IT,2025-07-17,Client entertainment,14.87,E0379,Paid
EXP-002361,E0433,IT,2025-07-17,Supplies,230.41,E0379,Paid
EXP-002373,E0436,IT,2025-07-17,Supplies,49.76,E0379,Paid
EXP-002532,E0466,IT,2025-07-17,Training,614.71,E0379,Paid
EXP-002976,E0506,Operations,2025-07-17,Meals,113.93,E0899,Paid
EXP-003002,E0509,Operations,2025-07-17,Training,195.6,E0911,Paid
EXP-003583,E0556,Operations,2025-07-17,Training,161.53,E0909,Paid
EXP-003599,E0557,Operations,2025-07-17,Travel,91.01,E0897,Paid
EXP-003671,E0563,Operations,2025-07-17,Client entertainment,270.76,E0916,Paid
EXP-003847,E0578,Operations,2025-07-17,Accommodation,93.43,E0901,Paid
EXP-005543,E0726,Operations,2025-07-17,Accommodation,65.32,E0906,Paid
EXP-006150,E0778,Operations,2025-07-17,Client entertainment,60.4,E0906,Paid
EXP-006659,E0819,Operations,2025-07-17,Accommodation,72.16,E0929,Paid
EXP-007045,E0851,Operations,2025-07-17,Supplies,111.91,E0932,Paid
EXP-007695,E0904,Operations,2025-07-17,Supplies,115.02,E0915,Paid
EXP-007901,E0920,Operations,2025-07-17,Training,38.83,E0914,Paid
EXP-008005,E0927,Operations,2025-07-17,Training,18.88,E0907,Paid
EXP-008290,E0948,Sales,2025-07-17,Accommodation,102.25,E0976,Paid
EXP-008713,E0982,Sales,2025-07-17,Accommodation,52.75,E0956,Paid
EXP-008946,E1001,Sales,2025-07-17,Training,79.48,E0992,Paid
EXP-009180,E1022,Sales,2025-07-17,Meals,62.24,E0970,Paid
EXP-009388,E1037,Sales,2025-07-17,Supplies,27.42,E0993,Paid
EXP-009469,E1044,Sales,2025-07-17,Travel,98.4,E1072,Paid
EXP-009534,E1051,Sales,2025-07-17,Client entertainment,399.97,E1084,Paid
EXP-009761,E1068,Sales,2025-07-17,Supplies,74.84,E1071,Paid
EXP-010232,E1105,Sales,2025-07-17,Supplies,52.18,E0953,Paid
EXP-010480,E1150,Facilities,2025-07-17,Client entertainment,253.88,E1121,Paid
EXP-000362,E0067,Finance,2025-07-18,Travel,25.17,E0204,Paid
EXP-000550,E0102,Finance,2025-07-18,Supplies,78.08,E0198,Paid
EXP-000585,E0108,Finance,2025-07-18,Client entertainment,47.68,E0210,Paid
EXP-001276,E0239,Procurement,2025-07-18,Travel,92.59,E0277,Paid
EXP-001462,E0270,Procurement,2025-07-18,Accommodation,121.75,E0267,Paid
EXP-001622,E0298,Human Resources,2025-07-18,Training,137.63,E0375,Paid
EXP-001998,E0367,Human Resources,2025-07-18,Training,317.93,E0343,Paid
EXP-002239,E0409,IT,2025-07-18,Meals,21.43,E0379,Paid
EXP-002434,E0447,IT,2025-07-18,Accommodation,246.11,E0379,Paid
EXP-003179,E0524,Operations,2025-07-18,Meals,252.06,E0903,Paid
EXP-003307,E0535,Operations,2025-07-18,Accommodation,147.23,E0897,Paid
EXP-003567,E0555,Operations,2025-07-18,Training,68.41,E0934,Paid
EXP-003823,E0575,Operations,2025-07-18,Client entertainment,83.84,E0904,Paid
EXP-004009,E0591,Operations,2025-07-18,Training,204.32,E0908,Paid
EXP-004238,E0614,Operations,2025-07-18,Travel,42.62,E0932,Paid
EXP-004463,E0631,Operations,2025-07-18,Training,77.6,E0917,Paid
EXP-004746,E0654,Operations,2025-07-18,Training,69.02,E0930,Paid
EXP-004980,E0677,Operations,2025-07-18,Supplies,70.37,E0914,Paid
EXP-005353,E0708,Operations,2025-07-18,Client entertainment,124.12,E0907,Paid
EXP-005398,E0715,Operations,2025-07-18,Supplies,231.65,E0922,Paid
EXP-005476,E0721,Operations,2025-07-18,Training,326.33,E0914,Paid
EXP-005492,E0722,Operations,2025-07-18,Client entertainment,33.23,E0936,Paid
EXP-005537,E0725,Operations,2025-07-18,Client entertainment,106.82,E0917,Paid
EXP-006705,E0825,Operations,2025-07-18,Supplies,47.69,E0905,Paid
EXP-006758,E0828,Operations,2025-07-18,Training,9.74,E0921,Paid
EXP-007428,E0883,Operations,2025-07-18,Travel,33.83,E0898,Paid
EXP-007532,E0891,Operations,2025-07-18,Training,34.04,E0912,Paid
EXP-007699,E0904,Operations,2025-07-18,Client entertainment,752.19,E0915,Paid
EXP-007811,E0912,Operations,2025-07-18,Client entertainment,176.54,E0900,Paid
EXP-008278,E0947,Sales,2025-07-18,Travel,147.84,E1033,Paid
EXP-008490,E0965,Sales,2025-07-18,Supplies,122.66,E0976,Paid
EXP-008794,E0989,Sales,2025-07-18,Client entertainment,93.08,E0977,Paid
EXP-009164,E1021,Sales,2025-07-18,Accommodation,76.11,E1010,Paid
EXP-009492,E1047,Sales,2025-07-18,Training,328.23,E1071,Paid
EXP-010409,E1131,Facilities,2025-07-18,Training,145.91,E1121,Paid
EXP-010465,E1147,Facilities,2025-07-18,Supplies,84.65,E1121,Paid
EXP-010636,E1175,Facilities,2025-07-18,Travel,86.6,E1121,Paid
EXP-000051,E0013,Finance,2025-07-19,Training,183.38,E0192,Paid
EXP-000091,E0019,Finance,2025-07-19,Accommodation,315.72,E0197,Paid
EXP-000960,E0177,Finance,2025-07-19,Meals,64.53,E0197,Paid
EXP-002259,E0414,IT,2025-07-19,Supplies,62.09,E0379,Paid
EXP-002399,E0442,IT,2025-07-19,Meals,82.19,E0379,Paid
EXP-003665,E0561,Operations,2025-07-19,Training,9.08,E0914,Paid
EXP-003795,E0573,Operations,2025-07-19,Accommodation,319.64,E0915,Paid
EXP-003914,E0583,Operations,2025-07-19,Client entertainment,111.22,E0907,Paid
EXP-003923,E0583,Operations,2025-07-19,Training,140.46,E0907,Paid
EXP-003930,E0583,Operations,2025-07-19,Training,463.19,E0907,Paid
EXP-004057,E0595,Operations,2025-07-19,Supplies,20.51,E0935,Paid
EXP-004587,E0641,Operations,2025-07-19,Travel,92.63,E0912,Paid
EXP-005217,E0696,Operations,2025-07-19,Training,73.06,E0925,Paid
EXP-005252,E0699,Operations,2025-07-19,Supplies,74.6,E0931,Paid
EXP-005383,E0713,Operations,2025-07-19,Accommodation,68.05,E0901,Paid
EXP-005873,E0756,Operations,2025-07-19,Accommodation,100.74,E0932,Paid
EXP-006437,E0801,Operations,2025-07-19,Training,80.26,E0903,Paid
EXP-007035,E0850,Operations,2025-07-19,Client entertainment,142.92,E0918,Paid
EXP-007184,E0862,Operations,2025-07-19,Travel,40.15,E0924,Paid
EXP-007188,E0862,Operations,2025-07-19,Client entertainment,12.29,E0924,Paid
EXP-008070,E0931,Operations,2025-07-19,Meals,139.46,E0929,Paid
EXP-008386,E0957,Sales,2025-07-19,Training,45.27,E1032,Paid
EXP-008916,E0999,Sales,2025-07-19,Travel,24.67,E0992,Paid
EXP-009450,E1043,Sales,2025-07-19,Travel,124.07,E1099,Paid
EXP-009846,E1076,Sales,2025-07-19,Travel,42.17,E1047,Paid
EXP-009901,E1079,Sales,2025-07-19,Supplies,397.46,E0958,Paid
EXP-010247,E1105,Sales,2025-07-19,Training,54.81,E0953,Paid
EXP-010573,E1165,Facilities,2025-07-19,Accommodation,222.9,E1121,Paid
EXP-000309,E0058,Finance,2025-07-20,Supplies,187.38,E0207,Paid
EXP-001222,E0227,Procurement,2025-07-20,Client entertainment,82.97,E0273,Paid
EXP-001256,E0235,Procurement,2025-07-20,Client entertainment,463.05,E0274,Paid
EXP-001307,E0244,Procurement,2025-07-20,Travel,147.88,E0268,Paid
EXP-001473,E0272,Procurement,2025-07-20,Accommodation,58.55,E0280,Paid
EXP-001672,E0309,Human Resources,2025-07-20,Accommodation,132.22,E0338,Paid
EXP-002026,E0371,Human Resources,2025-07-20,Supplies,91.65,E0350,Paid
EXP-002209,E0405,IT,2025-07-20,Training,127.15,E0379,Paid
EXP-002891,E0499,Operations,2025-07-20,Meals,824.03,E0900,Paid
EXP-003381,E0541,Operations,2025-07-20,Travel,752.09,E0930,Paid
EXP-003446,E0546,Operations,2025-07-20,Client entertainment,343.67,E0933,Paid
EXP-003704,E0565,Operations,2025-07-20,Travel,58.48,E0917,Paid
EXP-004741,E0654,Operations,2025-07-20,Client entertainment,226.73,E0930,Paid
EXP-005747,E0744,Operations,2025-07-20,Training,160.02,E0924,Paid
EXP-005832,E0753,Operations,2025-07-20,Accommodation,58.42,E0932,Paid
EXP-005896,E0759,Operations,2025-07-20,Travel,282.12,E0904,Paid
EXP-005914,E0760,Operations,2025-07-20,Travel,356.51,E0899,Paid
EXP-006412,E0799,Operations,2025-07-20,Client entertainment,850.48,E0914,Paid
EXP-006482,E0805,Operations,2025-07-20,Travel,56.17,E0900,Paid
EXP-007036,E0850,Operations,2025-07-20,Travel,69.62,E0918,Paid
EXP-007284,E0871,Operations,2025-07-20,Client entertainment,365.83,E0899,Paid
EXP-007602,E0897,Operations,2025-07-20,Travel,73.45,E0935,Paid
EXP-007661,E0902,Operations,2025-07-20,Accommodation,140.73,E0001,Paid
EXP-007726,E0907,Operations,2025-07-20,Meals,237.06,E0938,Paid
EXP-007945,E0923,Operations,2025-07-20,Supplies,107.59,E0914,Paid
EXP-008969,E1004,Sales,2025-07-20,Travel,28.45,E0946,Paid
EXP-009480,E1045,Sales,2025-07-20,Meals,172.02,E0986,Paid
EXP-009966,E1085,Sales,2025-07-20,Client entertainment,53.85,E0939,Paid
EXP-010420,E1136,Facilities,2025-07-20,Travel,145.89,E1121,Paid
EXP-010772,E1199,Facilities,2025-07-20,Client entertainment,64.23,E1121,Paid
EXP-010936,E0744,Operations,2025-07-20,Training,160.02,E0924,Paid
EXP-000581,E0108,Finance,2025-07-21,Accommodation,68.68,E0210,Paid
EXP-000626,E0114,Finance,2025-07-21,Accommodation,152.83,E0196,Paid
EXP-000793,E0145,Finance,2025-07-21,Meals,100.11,E0193,Paid
EXP-000828,E0156,Finance,2025-07-21,Supplies,19.35,E0207,Paid
EXP-001100,E0198,Finance,2025-07-21,Training,127.34,E0200,Paid
EXP-001356,E0252,Procurement,2025-07-21,Travel,66.79,E0280,Paid
EXP-001499,E0276,Procurement,2025-07-21,Training,61.99,E0001,Paid
EXP-001531,E0282,Procurement,2025-07-21,Meals,171.6,E0269,Paid
EXP-001860,E0340,Human Resources,2025-07-21,Accommodation,48.19,E0337,Paid
EXP-002020,E0371,Human Resources,2025-07-21,Travel,97.0,E0350,Paid
EXP-002250,E0411,IT,2025-07-21,Supplies,82.88,E0379,Paid
EXP-002528,E0465,IT,2025-07-21,Travel,11.32,E0379,Paid
EXP-002753,E0489,Operations,2025-07-21,Meals,152.49,E0930,Paid
EXP-002777,E0492,Operations,2025-07-21,Travel,33.77,E0900,Paid
EXP-003029,E0511,Operations,2025-07-21,Travel,11.51,E0898,Paid
EXP-003115,E0519,Operations,2025-07-21,Supplies,316.33,E0908,Paid
EXP-003534,E0552,Operations,2025-07-21,Supplies,129.44,E0911,Paid
EXP-004077,E0597,Operations,2025-07-21,Accommodation,127.5,E0910,Paid
EXP-004762,E0656,Operations,2025-07-21,Training,132.97,E0920,Paid
EXP-004979,E0677,Operations,2025-07-21,Travel,15.06,E0914,Paid
EXP-005994,E0766,Operations,2025-07-21,Travel,183.09,E0900,Paid
EXP-006397,E0798,Operations,2025-07-21,Meals,118.16,E0932,Paid
EXP-006699,E0824,Operations,2025-07-21,Supplies,44.22,E0930,Paid
EXP-006735,E0827,Operations,2025-07-21,Accommodation,23.04,E0915,Paid
EXP-006817,E0833,Operations,2025-07-21,Meals,63.06,E0925,Paid
EXP-007042,E0850,Operations,2025-07-21,Client entertainment,178.35,E0918,Paid
EXP-007103,E0855,Operations,2025-07-21,Client entertainment,15.84,E0925,Paid
EXP-007593,E0897,Operations,2025-07-21,Travel,20.04,E0935,Paid
EXP-007641,E0900,Operations,2025-07-21,Accommodation,39.13,E0935,Paid
EXP-007654,E0902,Operations,2025-07-21,Training,25.33,E0001,Paid
EXP-007916,E0921,Operations,2025-07-21,Client entertainment,140.72,E0916,Paid
EXP-008414,E0959,Sales,2025-07-21,Meals,201.26,E1052,Paid
EXP-008480,E0964,Sales,2025-07-21,Accommodation,121.66,E1105,Paid
EXP-008860,E0993,Sales,2025-07-21,Meals,369.09,E1048,Paid
EXP-009436,E1042,Sales,2025-07-21,Accommodation,83.63,E0965,Paid
EXP-009572,E1053,Sales,2025-07-21,Training,292.56,E0987,Paid
EXP-010155,E1100,Sales,2025-07-21,Client entertainment,36.63,E1058,Paid
EXP-010517,E1155,Facilities,2025-07-21,Client entertainment,136.49,E1121,Paid
EXP-010523,E1156,Facilities,2025-07-21,Client entertainment,153.85,E1121,Paid
EXP-000945,E0175,Finance,2025-07-22,Accommodation,48.54,E0195,Paid
EXP-001069,E0192,Finance,2025-07-22,Meals,48.03,E0205,Paid
EXP-001151,E0213,Procurement,2025-07-22,Meals,331.48,E0273,Paid
EXP-001228,E0229,Procurement,2025-07-22,Meals,100.32,E0272,Paid
EXP-002180,E0401,IT,2025-07-22,Client entertainment,122.4,E0379,Paid
EXP-002807,E0494,Operations,2025-07-22,Client entertainment,536.76,E0929,Paid
EXP-002933,E0502,Operations,2025-07-22,Client entertainment,125.68,E0901,Paid
EXP-003026,E0511,Operations,2025-07-22,Training,47.75,E0898,Paid
EXP-003030,E0512,Operations,2025-07-22,Travel,72.73,E0903,Paid
EXP-003216,E0526,Operations,2025-07-22,Meals,224.61,E0914,Paid
EXP-003320,E0536,Operations,2025-07-22,Client entertainment,145.0,E0910,Paid
EXP-003401,E0543,Operations,2025-07-22,Meals,51.76,E0914,Paid
EXP-005285,E0702,Operations,2025-07-22,Supplies,45.72,E0897,Paid
EXP-005407,E0716,Operations,2025-07-22,Travel,358.42,E0937,Paid
EXP-005775,E0746,Operations,2025-07-22,Supplies,61.41,E0930,Paid
EXP-006557,E0811,Operations,2025-07-22,Travel,39.04,E0926,Paid
EXP-006683,E0821,Operations,2025-07-22,Training,25.44,E0920,Paid
EXP-006691,E0824,Operations,2025-07-22,Client entertainment,202.18,E0930,Paid
EXP-007441,E0883,Operations,2025-07-22,Travel,207.06,E0898,Paid
EXP-007448,E0884,Operations,2025-07-22,Meals,153.66,E0901,Paid
EXP-007616,E0898,Operations,2025-07-22,Accommodation,59.95,E0903,Paid
EXP-008009,E0927,Operations,2025-07-22,Meals,70.32,E0907,Paid
EXP-008600,E0973,Sales,2025-07-22,Training,25.76,E0986,Paid
EXP-008954,E1003,Sales,2025-07-22,Travel,112.91,E1102,Paid
EXP-009525,E1050,Sales,2025-07-22,Travel,125.01,E1011,Paid
EXP-009536,E1051,Sales,2025-07-22,Training,174.02,E1084,Paid
EXP-009573,E1053,Sales,2025-07-22,Travel,53.85,E0987,Paid
EXP-009632,E1059,Sales,2025-07-22,Client entertainment,190.11,E1011,Paid
EXP-009735,E1066,Sales,2025-07-22,Supplies,158.89,E1052,Paid
EXP-010406,E1129,Facilities,2025-07-22,Training,63.5,E1121,Paid
EXP-000050,E0013,Finance,2025-07-23,Training,45.82,E0192,Paid
EXP-000178,E0035,Finance,2025-07-23,Supplies,245.37,E0190,Paid
EXP-000302,E0057,Finance,2025-07-23,Supplies,93.39,E0207,Paid
EXP-000589,E0109,Finance,2025-07-23,Client entertainment,93.16,E0197,Paid
EXP-000740,E0137,Finance,2025-07-23,Training,45.07,E0205,Paid
EXP-000925,E0173,Finance,2025-07-23,Supplies,211.35,E0202,Paid
EXP-001015,E0186,Finance,2025-07-23,Supplies,22.19,E0196,Paid
EXP-001021,E0187,Finance,2025-07-23,Accommodation,60.39,E0198,Paid
EXP-001191,E0220,Procurement,2025-07-23,Meals,121.16,E0268,Paid
EXP-001199,E0222,Procurement,2025-07-23,Meals,582.0,E0273,Paid
EXP-002236,E0409,IT,2025-07-23,Accommodation,72.42,E0379,Paid
EXP-002663,E0482,Operations,2025-07-23,Meals,176.28,E0919,Paid
EXP-002973,E0506,Operations,2025-07-23,Accommodation,261.95,E0899,Paid
EXP-003255,E0529,Operations,2025-07-23,Client entertainment,62.12,E0913,Paid
EXP-003335,E0537,Operations,2025-07-23,Supplies,159.93,E0914,Paid
EXP-003347,E0538,Operations,2025-07-23,Supplies,239.44,E0919,Paid
EXP-003684,E0563,Operations,2025-07-23,Meals,63.22,E0916,Paid
EXP-004085,E0597,Operations,2025-07-23,Training,82.22,E0910,Paid
EXP-005168,E0691,Operations,2025-07-23,Supplies,174.2,E0930,Paid
EXP-005334,E0706,Operations,2025-07-23,Meals,37.08,E0918,Paid
EXP-006025,E0768,Operations,2025-07-23,Accommodation,441.02,E0912,Paid
EXP-006167,E0779,Operations,2025-07-23,Supplies,768.76,E0916,Paid
EXP-006343,E0794,Operations,2025-07-23,Travel,91.79,E0924,Paid
EXP-006641,E0818,Operations,2025-07-23,Accommodation,136.97,E0931,Paid
EXP-007558,E0892,Operations,2025-07-23,Travel,178.32,E0899,Paid
EXP-007701,E0904,Operations,2025-07-23,Training,274.58,E0915,Paid
EXP-007971,E0924,Operations,2025-07-23,Client entertainment,77.8,E0914,Paid
EXP-008081,E0932,Operations,2025-07-23,Meals,95.52,E0930,Paid
EXP-008302,E0949,Sales,2025-07-23,Client entertainment,1448.24,E0955,Paid
EXP-008731,E0984,Sales,2025-07-23,Accommodation,265.66,E1104,Paid
EXP-009386,E1037,Sales,2025-07-23,Client entertainment,42.8,E0993,Paid
EXP-009810,E1074,Sales,2025-07-23,Supplies,310.43,E1064,Paid
EXP-010037,E1091,Sales,2025-07-23,Supplies,87.67,E1063,Paid
EXP-010455,E1144,Facilities,2025-07-23,Meals,13.49,E1121,Paid
EXP-000513,E0095,Finance,2025-07-24,Supplies,30.63,E0208,Paid
EXP-000537,E0099,Finance,2025-07-24,Accommodation,508.48,E0191,Paid
EXP-000789,E0143,Finance,2025-07-24,Client entertainment,28.97,E0193,Paid
EXP-001027,E0188,Finance,2025-07-24,Supplies,45.37,E0196,Paid
EXP-001532,E0282,Procurement,2025-07-24,Travel,181.71,E0269,Paid
EXP-002445,E0449,IT,2025-07-24,Client entertainment,161.65,E0379,Paid
EXP-002771,E0490,Operations,2025-07-24,Training,175.9,E0923,Paid
EXP-003004,E0509,Operations,2025-07-24,Travel,236.0,E0911,Paid
EXP-004404,E0626,Operations,2025-07-24,Client entertainment,220.24,E0910,Paid
EXP-004473,E0631,Operations,2025-07-24,Travel,131.6,E0917,Paid
EXP-006384,E0798,Operations,2025-07-24,Training,22.16,E0932,Paid
EXP-006481,E0803,Operations,2025-07-24,Client entertainment,115.61,E0930,Paid
EXP-006997,E0846,Operations,2025-07-24,Travel,114.33,E0938,Paid
EXP-007196,E0862,Operations,2025-07-24,Accommodation,111.72,E0924,Paid
EXP-007781,E0911,Operations,2025-07-24,Supplies,203.53,E0922,Paid
EXP-008990,E1006,Sales,2025-07-24,Training,76.92,E0948,Paid
EXP-009272,E1030,Sales,2025-07-24,Travel,157.87,E0977,Paid
EXP-009431,E1042,Sales,2025-07-24,Travel,57.15,E0965,Paid
EXP-010546,E1159,Facilities,2025-07-24,Training,156.05,E1121,Paid
EXP-010608,E1172,Facilities,2025-07-24,Supplies,83.04,E1121,Paid
EXP-000377,E0069,Finance,2025-07-25,Travel,84.13,E0207,Paid
EXP-000860,E0162,Finance,2025-07-25,Supplies,97.98,E0193,Paid
EXP-001062,E0192,Finance,2025-07-25,Supplies,280.72,E0205,Paid
EXP-001104,E0199,Finance,2025-07-25,Client entertainment,23.57,E0196,Paid
EXP-001130,E0206,Finance,2025-07-25,Accommodation,44.89,E0203,Paid
EXP-001293,E0242,Procurement,2025-07-25,Supplies,596.82,E0267,Paid
EXP-002581,E0476,IT,2025-07-25,Meals,106.82,E0379,Paid
EXP-002848,E0496,Operations,2025-07-25,Travel,17.52,E0899,Paid
EXP-003507,E0549,Operations,2025-07-25,Travel,89.84,E0923,Paid
EXP-003531,E0552,Operations,2025-07-25,Supplies,110.23,E0911,Paid
EXP-003625,E0559,Operations,2025-07-25,Training,199.14,E0917,Paid
EXP-003727,E0566,Operations,2025-07-25,Accommodation,157.65,E0935,Paid
EXP-003915,E0583,Operations,2025-07-25,Training,354.16,E0907,Paid
EXP-004261,E0616,Operations,2025-07-25,Supplies,85.24,E0926,Paid
EXP-004443,E0629,Operations,2025-07-25,Meals,154.34,E0935,Paid
EXP-004724,E0653,Operations,2025-07-25,Training,167.35,E0936,Paid
EXP-004776,E0659,Operations,2025-07-25,Accommodation,344.39,E0928,Paid
EXP-005110,E0688,Operations,2025-07-25,Accommodation,55.49,E0916,Paid
EXP-006026,E0768,Operations,2025-07-25,Training,165.16,E0912,Paid
EXP-006121,E0776,Operations,2025-07-25,Meals,123.37,E0926,Paid
EXP-006461,E0802,Operations,2025-07-25,Supplies,87.32,E0923,Paid
EXP-006663,E0819,Operations,2025-07-25,Client entertainment,84.75,E0929,Paid
EXP-006934,E0841,Operations,2025-07-25,Travel,169.43,E0919,Paid
EXP-007186,E0862,Operations,2025-07-25,Meals,70.37,E0924,Paid
EXP-007318,E0874,Operations,2025-07-25,Meals,196.31,E0908,Paid
EXP-007349,E0878,Operations,2025-07-25,Training,168.3,E0923,Paid
EXP-007592,E0895,Operations,2025-07-25,Meals,124.81,E0900,Paid
EXP-007721,E0907,Operations,2025-07-25,Meals,89.78,E0938,Paid
EXP-007877,E0917,Operations,2025-07-25,Travel,20.99,E0903,Paid
EXP-008573,E0971,Sales,2025-07-25,Meals,105.11,E1063,Paid
EXP-009079,E1011,Sales,2025-07-25,Supplies,97.96,E1102,Paid
EXP-009579,E1055,Sales,2025-07-25,Accommodation,35.78,E1098,Paid
EXP-009923,E1081,Sales,2025-07-25,Travel,60.89,E1047,Paid
EXP-010362,E1122,Facilities,2025-07-25,Training,90.18,E1121,Paid
EXP-010572,E1165,Facilities,2025-07-25,Training,100.6,E1121,Paid
EXP-000022,E0007,Finance,2025-07-26,Accommodation,101.89,E0208,Paid
EXP-000835,E0158,Finance,2025-07-26,Training,241.62,E0202,Paid
EXP-001314,E0245,Procurement,2025-07-26,Accommodation,126.1,E0278,Paid
EXP-001564,E0286,Procurement,2025-07-26,Travel,105.8,E0279,Paid
EXP-001717,E0315,Human Resources,2025-07-26,Training,53.47,E0343,Paid
EXP-002111,E0386,IT,2025-07-26,Meals,40.26,E0379,Paid
EXP-002163,E0395,IT,2025-07-26,Client entertainment,85.79,E0379,Paid
EXP-002751,E0488,Operations,2025-07-26,Client entertainment,121.8,E0901,Paid
EXP-003263,E0530,Operations,2025-07-26,Accommodation,195.22,E0919,Paid
EXP-003346,E0538,Operations,2025-07-26,Travel,211.02,E0919,Paid
EXP-003509,E0549,Operations,2025-07-26,Travel,18.27,E0923,Paid
EXP-004187,E0611,Operations,2025-07-26,Supplies,109.06,E0908,Paid
EXP-004293,E0618,Operations,2025-07-26,Client entertainment,224.99,E0906,Paid
EXP-004780,E0659,Operations,2025-07-26,Supplies,332.05,E0928,Paid
EXP-004964,E0675,Operations,2025-07-26,Supplies,128.79,E0938,Paid
EXP-005083,E0685,Operations,2025-07-26,Client entertainment,153.24,E0907,Paid
EXP-005278,E0700,Operations,2025-07-26,Meals,112.65,E0902,Paid
EXP-005541,E0726,Operations,2025-07-26,Travel,146.26,E0906,Paid
EXP-005622,E0733,Operations,2025-07-26,Travel,118.24,E0919,Paid
EXP-005920,E0760,Operations,2025-07-26,Supplies,62.68,E0899,Paid
EXP-007423,E0882,Operations,2025-07-26,Training,1010.24,E0935,Paid
EXP-007498,E0888,Operations,2025-07-26,Accommodation,54.31,E0905,Paid
EXP-007845,E0915,Operations,2025-07-26,Travel,29.83,E0911,Paid
EXP-008177,E0941,Sales,2025-07-26,Training,345.62,E1024,Paid
EXP-008181,E0941,Sales,2025-07-26,Meals,1133.98,E1024,Paid
EXP-008498,E0966,Sales,2025-07-26,Meals,737.2,E1012,Paid
EXP-008535,E0969,Sales,2025-07-26,Meals,44.74,E1033,Paid
EXP-008804,E0989,Sales,2025-07-26,Accommodation,78.79,E0977,Paid
EXP-008885,E0996,Sales,2025-07-26,Training,207.25,E1083,Paid
EXP-009518,E1050,Sales,2025-07-26,Client entertainment,124.16,E1011,Paid
EXP-009521,E1050,Sales,2025-07-26,Accommodation,36.56,E1011,Paid
EXP-009647,E1060,Sales,2025-07-26,Client entertainment,203.16,E1069,Paid
EXP-010479,E1150,Facilities,2025-07-26,Client entertainment,23.14,E1121,Paid
EXP-010555,E1162,Facilities,2025-07-26,Client entertainment,271.24,E1121,Paid
EXP-010586,E1166,Facilities,2025-07-26,Supplies,104.43,E1121,Paid
EXP-010928,E1043,Sales,2025-07-26,Client entertainment,953.41,E1099,Paid
EXP-010935,E0882,Operations,2025-07-26,Training,1010.24,E0935,Paid
EXP-000371,E0068,Finance,2025-07-27,Training,86.39,E0201,Paid
EXP-000604,E0111,Finance,2025-07-27,Meals,248.52,E0203,Paid
EXP-001029,E0188,Finance,2025-07-27,Training,330.57,E0196,Paid
EXP-001040,E0190,Finance,2025-07-27,Training,19.48,E0196,Paid
EXP-001071,E0193,Finance,2025-07-27,Travel,36.5,E0192,Paid
EXP-001438,E0266,Procurement,2025-07-27,Meals,123.85,E0274,Paid
EXP-001726,E0317,Human Resources,2025-07-27,Client entertainment,104.3,E0346,Paid
EXP-001947,E0358,Human Resources,2025-07-27,Training,148.12,E0349,Paid
EXP-003243,E0528,Operations,2025-07-27,Training,67.39,E0930,Paid
EXP-003349,E0538,Operations,2025-07-27,Accommodation,263.09,E0919,Paid
EXP-003957,E0587,Operations,2025-07-27,Supplies,120.56,E0906,Paid
EXP-004047,E0594,Operations,2025-07-27,Travel,542.3,E0908,Paid
EXP-004840,E0665,Operations,2025-07-27,Travel,113.81,E0922,Paid
EXP-004971,E0675,Operations,2025-07-27,Supplies,56.87,E0938,Paid
EXP-005053,E0683,Operations,2025-07-27,Accommodation,19.24,E0910,Paid
EXP-005772,E0746,Operations,2025-07-27,Client entertainment,353.68,E0930,Paid
EXP-005898,E0759,Operations,2025-07-27,Accommodation,200.77,E0904,Paid
EXP-007526,E0890,Operations,2025-07-27,Travel,296.61,E0901,Paid
EXP-008688,E0981,Sales,2025-07-27,Accommodation,124.58,E0992,Paid
EXP-008801,E0989,Sales,2025-07-27,Accommodation,111.76,E0977,Paid
EXP-009811,E1074,Sales,2025-07-27,Training,96.09,E1064,Paid
EXP-010731,E1192,Facilities,2025-07-27,Meals,63.2,E1121,Paid
EXP-010732,E1192,Facilities,2025-07-27,Meals,43.56,E1121,Paid
EXP-000007,E0002,Finance,2025-07-28,Meals,66.88,E0197,Paid
EXP-000468,E0087,Finance,2025-07-28,Supplies,76.11,E0198,Paid
EXP-000678,E0123,Finance,2025-07-28,Travel,86.07,E0190,Paid
EXP-000966,E0179,Finance,2025-07-28,Supplies,31.23,E0199,Paid
EXP-001528,E0281,Procurement,2025-07-28,Training,47.71,E0268,Paid
EXP-001807,E0331,Human Resources,2025-07-28,Accommodation,775.05,E0377,Paid
EXP-002000,E0367,Human Resources,2025-07-28,Travel,105.72,E0343,Paid
EXP-002402,E0442,IT,2025-07-28,Meals,36.25,E0379,Paid
EXP-002815,E0495,Operations,2025-07-28,Travel,20.03,E0900,Paid
EXP-003736,E0567,Operations,2025-07-28,Supplies,174.82,E0905,Paid
EXP-003853,E0578,Operations,2025-07-28,Client entertainment,31.87,E0901,Paid
EXP-004157,E0609,Operations,2025-07-28,Meals,23.52,E0913,Paid
EXP-004770,E0657,Operations,2025-07-28,Accommodation,575.27,E0905,Paid
EXP-005394,E0715,Operations,2025-07-28,Travel,152.55,E0922,Paid
EXP-006336,E0793,Operations,2025-07-28,Accommodation,54.17,E0899,Paid
EXP-006605,E0814,Operations,2025-07-28,Meals,41.95,E0920,Paid
EXP-006707,E0825,Operations,2025-07-28,Meals,64.47,E0905,Paid
EXP-007263,E0870,Operations,2025-07-28,Accommodation,57.28,E0936,Paid
EXP-007535,E0891,Operations,2025-07-28,Accommodation,108.24,E0912,Paid
EXP-008517,E0968,Sales,2025-07-28,Supplies,212.84,E1017,Paid
EXP-008793,E0988,Sales,2025-07-28,Supplies,120.27,E1030,Paid
EXP-008889,E0996,Sales,2025-07-28,Training,34.88,E1083,Paid
EXP-008962,E1004,Sales,2025-07-28,Training,119.74,E0946,Paid
EXP-009119,E1017,Sales,2025-07-28,Client entertainment,429.7,E1065,Paid
EXP-009327,E1034,Sales,2025-07-28,Training,79.14,E0973,Paid
EXP-009479,E1045,Sales,2025-07-28,Supplies,71.43,E0986,Paid
EXP-009752,E1067,Sales,2025-07-28,Client entertainment,91.69,E0955,Paid
EXP-010554,E1162,Facilities,2025-07-28,Supplies,175.82,E1121,Paid
EXP-000629,E0115,Finance,2025-07-29,Supplies,52.53,E0204,Paid
EXP-000882,E0166,Finance,2025-07-29,Client entertainment,72.82,E0196,Paid
EXP-001402,E0259,Procurement,2025-07-29,Client entertainment,66.36,E0277,Paid
EXP-001882,E0347,Human Resources,2025-07-29,Training,92.74,E0345,Paid
EXP-002158,E0395,IT,2025-07-29,Training,129.3,E0379,Paid
EXP-002770,E0490,Operations,2025-07-29,Supplies,239.38,E0923,Paid
EXP-003611,E0558,Operations,2025-07-29,Client entertainment,129.18,E0906,Paid
EXP-003615,E0558,Operations,2025-07-29,Accommodation,124.55,E0906,Paid
EXP-003649,E0560,Operations,2025-07-29,Accommodation,96.89,E0907,Paid
EXP-003794,E0573,Operations,2025-07-29,Meals,587.31,E0915,Paid
EXP-003858,E0579,Operations,2025-07-29,Accommodation,138.88,E0926,Paid
EXP-004136,E0605,Operations,2025-07-29,Meals,49.11,E0927,Paid
EXP-004545,E0638,Operations,2025-07-29,Client entertainment,50.36,E0916,Paid
EXP-004768,E0657,Operations,2025-07-29,Accommodation,190.05,E0905,Paid
EXP-005315,E0704,Operations,2025-07-29,Travel,110.35,E0924,Paid
EXP-005607,E0732,Operations,2025-07-29,Travel,57.84,E0923,Paid
EXP-005907,E0759,Operations,2025-07-29,Training,145.36,E0904,Paid
EXP-006261,E0788,Operations,2025-07-29,Travel,27.67,E0925,Paid
EXP-007013,E0848,Operations,2025-07-29,Supplies,161.49,E0910,Paid
EXP-007707,E0906,Operations,2025-07-29,Training,45.94,E0937,Paid
EXP-008277,E0947,Sales,2025-07-29,Meals,19.47,E1033,Paid
EXP-008694,E0981,Sales,2025-07-29,Accommodation,134.44,E0992,Paid
EXP-009281,E1030,Sales,2025-07-29,Meals,54.49,E0977,Paid
EXP-009410,E1039,Sales,2025-07-29,Supplies,41.77,E0988,Paid
EXP-009422,E1041,Sales,2025-07-29,Training,145.97,E0944,Paid
EXP-009939,E1082,Sales,2025-07-29,Training,109.34,E1002,Paid
EXP-010782,E1200,Facilities,2025-07-29,Training,166.74,E1121,Paid
EXP-010816,E0965,Sales,2025-07-29,Client entertainment,927.21,E0976,Paid
EXP-010901,E1043,Sales,2025-07-29,Client entertainment,914.48,E1099,Paid
EXP-000217,E0041,Finance,2025-07-30,Supplies,117.76,E0205,Paid
EXP-000535,E0099,Finance,2025-07-30,Travel,117.68,E0191,Paid
EXP-000647,E0119,Finance,2025-07-30,Client entertainment,38.74,E0210,Paid
EXP-001298,E0243,Procurement,2025-07-30,Meals,279.8,E0274,Paid
EXP-001336,E0249,Procurement,2025-07-30,Training,465.07,E0268,Paid
EXP-001942,E0356,Human Resources,2025-07-30,Meals,52.12,E0341,Paid
EXP-001950,E0358,Human Resources,2025-07-30,Supplies,17.57,E0349,Paid
EXP-001954,E0359,Human Resources,2025-07-30,Client entertainment,106.11,E0346,Paid
EXP-002106,E0386,IT,2025-07-30,Meals,97.16,E0379,Paid
EXP-002293,E0419,IT,2025-07-30,Client entertainment,20.05,E0379,Paid
EXP-002442,E0448,IT,2025-07-30,Travel,354.31,E0379,Paid
EXP-002521,E0463,IT,2025-07-30,Client entertainment,63.31,E0379,Paid
EXP-002639,E0481,Operations,2025-07-30,Training,55.48,E0927,Paid
EXP-003414,E0543,Operations,2025-07-30,Accommodation,20.51,E0914,Paid
EXP-003527,E0550,Operations,2025-07-30,Client entertainment,274.41,E0912,Paid
EXP-004520,E0637,Operations,2025-07-30,Accommodation,53.44,E0933,Paid
EXP-004719,E0653,Operations,2025-07-30,Meals,25.19,E0936,Paid
EXP-004739,E0654,Operations,2025-07-30,Client entertainment,445.84,E0930,Paid
EXP-005301,E0703,Operations,2025-07-30,Training,331.72,E0900,Paid
EXP-006600,E0814,Operations,2025-07-30,Training,33.4,E0920,Paid
EXP-006628,E0817,Operations,2025-07-30,Meals,86.49,E0908,Paid
EXP-008168,E0940,Sales,2025-07-30,Client entertainment,33.96,E0955,Paid
EXP-008350,E0955,Sales,2025-07-30,Accommodation,58.99,E1069,Paid
EXP-008977,E1004,Sales,2025-07-30,Travel,153.26,E0946,Paid
EXP-009363,E1036,Sales,2025-07-30,Travel,43.31,E1092,Paid
EXP-010062,E1093,Sales,2025-07-30,Travel,47.03,E1087,Paid
EXP-010205,E1103,Sales,2025-07-30,Meals,202.96,E0975,Paid
EXP-010416,E1133,Facilities,2025-07-30,Travel,28.51,E1121,Paid
EXP-000313,E0059,Finance,2025-07-31,Accommodation,173.18,E0198,Paid
EXP-000488,E0090,Finance,2025-07-31,Training,474.83,E0208,Paid
EXP-000504,E0093,Finance,2025-07-31,Travel,118.75,E0202,Paid
EXP-000582,E0108,Finance,2025-07-31,Client entertainment,80.32,E0210,Paid
EXP-001549,E0285,Procurement,2025-07-31,Supplies,75.23,E0277,Paid
EXP-001642,E0302,Human Resources,2025-07-31,Travel,97.59,E0377,Paid
EXP-001762,E0324,Human Resources,2025-07-31,Supplies,64.06,E0377,Paid
EXP-002087,E0382,IT,2025-07-31,Travel,49.78,E0379,Paid
EXP-002984,E0507,Operations,2025-07-31,Training,31.02,E0930,Paid
EXP-003060,E0514,Operations,2025-07-31,Meals,271.9,E0907,Paid
EXP-003166,E0523,Operations,2025-07-31,Accommodation,122.55,E0920,Paid
EXP-003627,E0559,Operations,2025-07-31,Training,250.04,E0917,Paid
EXP-004201,E0612,Operations,2025-07-31,Training,269.83,E0922,Paid
EXP-004596,E0642,Operations,2025-07-31,Client entertainment,19.7,E0901,Paid
EXP-005164,E0691,Operations,2025-07-31,Training,58.06,E0930,Paid
EXP-005746,E0744,Operations,2025-07-31,Travel,234.34,E0924,Paid
EXP-006576,E0812,Operations,2025-07-31,Supplies,196.49,E0908,Paid
EXP-006634,E0818,Operations,2025-07-31,Accommodation,120.69,E0931,Paid
EXP-006945,E0842,Operations,2025-07-31,Client entertainment,31.42,E0909,Paid
EXP-007246,E0867,Operations,2025-07-31,Accommodation,26.2,E0934,Paid
EXP-007361,E0878,Operations,2025-07-31,Supplies,65.65,E0923,Paid
EXP-007902,E0920,Operations,2025-07-31,Client entertainment,94.97,E0914,Paid
EXP-008176,E0941,Sales,2025-07-31,Travel,284.41,E1024,Paid
EXP-008706,E0982,Sales,2025-07-31,Supplies,17.73,E0956,Paid
EXP-009318,E1033,Sales,2025-07-31,Client entertainment,123.97,E1044,Paid
EXP-009918,E1080,Sales,2025-07-31,Travel,178.04,E1048,Paid
EXP-010123,E1097,Sales,2025-07-31,Client entertainment,234.33,E1030,Paid
EXP-010173,E1101,Sales,2025-07-31,Accommodation,34.36,E1039,Paid
EXP-010239,E1105,Sales,2025-07-31,Travel,150.04,E0953,Paid
EXP-010832,E0965,Sales,2025-07-31,Client entertainment,942.02,E0976,Paid
EXP-010844,E0965,Sales,2025-07-31,Client entertainment,975.15,E0976,Paid
EXP-010931,E1043,Sales,2025-07-31,Client entertainment,913.4,E1099,Paid
EXP-000545,E0101,Finance,2025-08-01,Training,51.5,E0208,Paid
EXP-000609,E0112,Finance,2025-08-01,Accommodation,106.75,E0205,Paid
EXP-000927,E0173,Finance,2025-08-01,Travel,48.29,E0202,Paid
EXP-001102,E0199,Finance,2025-08-01,Travel,295.22,E0196,Paid
EXP-001250,E0234,Procurement,2025-08-01,Meals,253.37,E0268,Paid
EXP-001304,E0243,Procurement,2025-08-01,Travel,74.64,E0274,Paid
EXP-001456,E0270,Procurement,2025-08-01,Accommodation,30.82,E0267,Paid
EXP-001628,E0299,Human Resources,2025-08-01,Meals,46.08,E0376,Paid
EXP-001682,E0310,Human Resources,2025-08-01,Accommodation,120.47,E0345,Paid
EXP-001901,E0350,Human Resources,2025-08-01,Travel,59.75,E0348,Paid
EXP-002309,E0423,IT,2025-08-01,Supplies,313.14,E0379,Paid
EXP-003210,E0526,Operations,2025-08-01,Supplies,41.41,E0914,Paid
EXP-004038,E0594,Operations,2025-08-01,Training,72.59,E0908,Paid
EXP-004321,E0620,Operations,2025-08-01,Supplies,140.82,E0921,Paid
EXP-004464,E0631,Operations,2025-08-01,Accommodation,21.88,E0917,Paid
EXP-005368,E0712,Operations,2025-08-01,Supplies,10.17,E0925,Paid
EXP-005835,E0753,Operations,2025-08-01,Accommodation,33.5,E0932,Paid
EXP-005847,E0754,Operations,2025-08-01,Meals,40.39,E0924,Paid
EXP-005908,E0759,Operations,2025-08-01,Client entertainment,104.31,E0904,Paid
EXP-006333,E0793,Operations,2025-08-01,Travel,53.19,E0899,Paid
EXP-006770,E0829,Operations,2025-08-01,Accommodation,421.12,E0924,Paid
EXP-008038,E0929,Operations,2025-08-01,Accommodation,138.21,E0911,Paid
EXP-009158,E1021,Sales,2025-08-01,Accommodation,58.03,E1010,Paid
EXP-009406,E1039,Sales,2025-08-01,Training,101.95,E0988,Paid
EXP-009408,E1039,Sales,2025-08-01,Travel,42.89,E0988,Paid
EXP-009908,E1080,Sales,2025-08-01,Travel,94.88,E1048,Paid
EXP-000004,E0001,Finance,2025-08-02,Client entertainment,420.64,E0209,Paid
EXP-000221,E0041,Finance,2025-08-02,Training,24.4,E0205,Paid
EXP-001708,E0315,Human Resources,2025-08-02,Travel,148.0,E0343,Paid
EXP-001804,E0331,Human Resources,2025-08-02,Meals,83.51,E0377,Paid
EXP-002003,E0368,Human Resources,2025-08-02,Supplies,77.05,E0346,Paid
EXP-002183,E0401,IT,2025-08-02,Accommodation,78.09,E0379,Paid
EXP-002219,E0406,IT,2025-08-02,Supplies,63.92,E0379,Paid
EXP-003870,E0580,Operations,2025-08-02,Accommodation,42.39,E0912,Paid
EXP-004183,E0611,Operations,2025-08-02,Travel,46.96,E0908,Paid
EXP-004519,E0635,Operations,2025-08-02,Meals,376.37,E0928,Paid
EXP-004824,E0663,Operations,2025-08-02,Training,174.3,E0922,Paid
EXP-005072,E0684,Operations,2025-08-02,Supplies,67.79,E0930,Paid
EXP-005698,E0739,Operations,2025-08-02,Meals,54.42,E0930,Paid
EXP-005791,E0749,Operations,2025-08-02,Training,36.72,E0918,Paid
EXP-006360,E0796,Operations,2025-08-02,Accommodation,48.64,E0937,Paid
EXP-006474,E0803,Operations,2025-08-02,Travel,618.72,E0930,Paid
EXP-006524,E0808,Operations,2025-08-02,Accommodation,60.31,E0898,Paid
EXP-007761,E0909,Operations,2025-08-02,Client entertainment,36.51,E0922,Paid
EXP-008045,E0930,Operations,2025-08-02,Meals,49.81,E0899,Paid
EXP-008231,E0945,Sales,2025-08-02,Accommodation,598.43,E1064,Paid
EXP-008696,E0981,Sales,2025-08-02,Accommodation,36.15,E0992,Paid
EXP-009381,E1037,Sales,2025-08-02,Client entertainment,167.31,E0993,Paid
EXP-009860,E1077,Sales,2025-08-02,Travel,454.04,E1064,Paid
EXP-010926,E1043,Sales,2025-08-02,Client entertainment,932.49,E1099,Paid
EXP-000482,E0090,Finance,2025-08-03,Training,50.41,E0208,Paid
EXP-000601,E0110,Finance,2025-08-03,Meals,127.17,E0202,Paid
EXP-001586,E0289,Procurement,2025-08-03,Training,23.45,E0277,Paid
EXP-001602,E0292,Procurement,2025-08-03,Client entertainment,216.28,E0268,Paid
EXP-001918,E0352,Human Resources,2025-08-03,Accommodation,67.12,E0346,Paid
EXP-002971,E0506,Operations,2025-08-03,Accommodation,111.64,E0899,Paid
EXP-003889,E0581,Operations,2025-08-03,Accommodation,119.04,E0915,Paid
EXP-004557,E0639,Operations,2025-08-03,Client entertainment,370.52,E0921,Paid
EXP-005381,E0713,Operations,2025-08-03,Client entertainment,47.68,E0901,Paid
EXP-006406,E0799,Operations,2025-08-03,Meals,561.9,E0914,Paid
EXP-007333,E0876,Operations,2025-08-03,Supplies,158.48,E0911,Paid
EXP-007360,E0878,Operations,2025-08-03,Meals,137.23,E0923,Paid
EXP-007629,E0900,Operations,2025-08-03,Supplies,145.41,E0935,Paid
EXP-007680,E0903,Operations,2025-08-03,Supplies,119.59,E0931,Paid
EXP-008460,E0963,Sales,2025-08-03,Meals,85.74,E0952,Paid
EXP-008838,E0992,Sales,2025-08-03,Training,113.37,E1060,Paid
EXP-009176,E1022,Sales,2025-08-03,Supplies,83.0,E0970,Paid
EXP-010640,E1176,Facilities,2025-08-03,Accommodation,227.11,E1121,Paid
EXP-010660,E1178,Facilities,2025-08-03,Travel,769.08,E1121,Paid
EXP-010668,E1181,Facilities,2025-08-03,Meals,59.13,E1121,Paid
EXP-010949,E0641,Operations,2025-08-03,Supplies,150.0,E0912,Paid
EXP-000363,E0067,Finance,2025-08-04,Client entertainment,75.48,E0204,Paid
EXP-000839,E0159,Finance,2025-08-04,Meals,20.64,E0202,Paid
EXP-000847,E0160,Finance,2025-08-04,Client entertainment,106.35,E0203,Paid
EXP-001005,E0184,Finance,2025-08-04,Client entertainment,46.4,E0205,Paid
EXP-001490,E0274,Procurement,2025-08-04,Client entertainment,57.48,E0276,Paid
EXP-001992,E0366,Human Resources,2025-08-04,Client entertainment,100.29,E0372,Paid
EXP-002238,E0409,IT,2025-08-04,Accommodation,210.5,E0379,Paid
EXP-002350,E0430,IT,2025-08-04,Accommodation,378.89,E0379,Paid
EXP-002380,E0437,IT,2025-08-04,Meals,214.92,E0379,Paid
EXP-002603,E0477,Operations,2025-08-04,Supplies,216.46,E0906,Paid
EXP-002702,E0485,Operations,2025-08-04,Accommodation,119.3,E0903,Paid
EXP-002825,E0495,Operations,2025-08-04,Client entertainment,289.44,E0900,Paid
EXP-002999,E0509,Operations,2025-08-04,Training,118.08,E0911,Paid
EXP-003071,E0515,Operations,2025-08-04,Client entertainment,25.43,E0912,Paid
EXP-003600,E0557,Operations,2025-08-04,Supplies,386.29,E0897,Paid
EXP-004084,E0597,Operations,2025-08-04,Training,21.52,E0910,Paid
EXP-004292,E0618,Operations,2025-08-04,Accommodation,157.53,E0906,Paid
EXP-005063,E0683,Operations,2025-08-04,Travel,133.81,E0910,Paid
EXP-005232,E0698,Operations,2025-08-04,Client entertainment,19.4,E0910,Paid
EXP-005755,E0745,Operations,2025-08-04,Travel,647.58,E0938,Paid
EXP-005777,E0748,Operations,2025-08-04,Accommodation,2187.6,E0926,Paid
EXP-005870,E0755,Operations,2025-08-04,Travel,52.91,E0901,Paid
EXP-006505,E0807,Operations,2025-08-04,Travel,295.8,E0907,Paid
EXP-006780,E0830,Operations,2025-08-04,Training,94.19,E0917,Paid
EXP-008620,E0975,Sales,2025-08-04,Accommodation,138.72,E1046,Paid
EXP-009252,E1028,Sales,2025-08-04,Accommodation,109.03,E1026,Paid
EXP-009643,E1060,Sales,2025-08-04,Training,141.99,E1069,Paid
EXP-010054,E1092,Sales,2025-08-04,Client entertainment,62.21,E1057,Paid
EXP-010078,E1095,Sales,2025-08-04,Accommodation,1061.67,E0966,Paid
EXP-010086,E1095,Sales,2025-08-04,Training,57.96,E0966,Paid
EXP-010577,E1166,Facilities,2025-08-04,Travel,127.34,E1121,Paid
EXP-010946,E1166,Facilities,2025-08-04,Travel,127.34,E1121,Paid
EXP-010967,E0641,Operations,2025-08-04,Supplies,150.0,E0912,Paid
EXP-000102,E0022,Finance,2025-08-05,Accommodation,38.62,E0197,Paid
EXP-000111,E0024,Finance,2025-08-05,Travel,65.29,E0201,Paid
EXP-000336,E0063,Finance,2025-08-05,Supplies,65.51,E0199,Paid
EXP-000838,E0159,Finance,2025-08-05,Training,25.76,E0202,Paid
EXP-000849,E0160,Finance,2025-08-05,Accommodation,128.13,E0203,Paid
EXP-000855,E0161,Finance,2025-08-05,Meals,285.34,E0210,Paid
EXP-000879,E0166,Finance,2025-08-05,Accommodation,67.14,E0196,Paid
EXP-001495,E0275,Procurement,2025-08-05,Meals,200.05,E0268,Paid
EXP-001551,E0285,Procurement,2025-08-05,Client entertainment,389.13,E0277,Paid
EXP-002007,E0369,Human Resources,2025-08-05,Meals,290.15,E0340,Paid
EXP-002814,E0495,Operations,2025-08-05,Accommodation,254.67,E0900,Paid
EXP-003747,E0567,Operations,2025-08-05,Meals,179.84,E0905,Paid
EXP-003969,E0587,Operations,2025-08-05,Client entertainment,108.14,E0906,Paid
EXP-004676,E0649,Operations,2025-08-05,Accommodation,90.15,E0901,Paid
EXP-004879,E0669,Operations,2025-08-05,Accommodation,43.16,E0900,Paid
EXP-006009,E0767,Operations,2025-08-05,Training,80.09,E0920,Paid
EXP-006086,E0772,Operations,2025-08-05,Supplies,86.9,E0910,Paid
EXP-006146,E0778,Operations,2025-08-05,Travel,19.38,E0906,Paid
EXP-006224,E0785,Operations,2025-08-05,Client entertainment,63.14,E0924,Paid
EXP-006426,E0800,Operations,2025-08-05,Meals,221.52,E0910,Paid
EXP-006918,E0840,Operations,2025-08-05,Training,76.56,E0907,Paid
EXP-006931,E0841,Operations,2025-08-05,Client entertainment,40.8,E0919,Paid
EXP-008328,E0953,Sales,2025-08-05,Accommodation,19.14,E0987,Paid
EXP-009168,E1021,Sales,2025-08-05,Meals,103.52,E1010,Paid
EXP-009686,E1063,Sales,2025-08-05,Meals,42.58,E1050,Paid
EXP-010127,E1098,Sales,2025-08-05,Accommodation,550.39,E1042,Paid
EXP-010290,E1109,Legal,2025-08-05,Supplies,89.55,E1120,Paid
EXP-010886,E1033,Sales,2025-08-05,Client entertainment,970.62,E1044,Paid
EXP-000484,E0090,Finance,2025-08-06,Client entertainment,83.18,E0208,Paid
EXP-000669,E0121,Finance,2025-08-06,Training,107.85,E0200,Paid
EXP-000858,E0161,Finance,2025-08-06,Meals,46.05,E0210,Paid
EXP-000968,E0179,Finance,2025-08-06,Training,60.21,E0199,Paid
EXP-001082,E0195,Finance,2025-08-06,Travel,132.89,E0204,Paid
EXP-001225,E0228,Procurement,2025-08-06,Travel,54.36,E0271,Paid
EXP-003064,E0514,Operations,2025-08-06,Travel,114.79,E0907,Paid
EXP-003487,E0548,Operations,2025-08-06,Meals,126.34,E0909,Paid
EXP-003660,E0561,Operations,2025-08-06,Supplies,384.39,E0914,Paid
EXP-003681,E0563,Operations,2025-08-06,Supplies,25.24,E0916,Paid
EXP-003806,E0574,Operations,2025-08-06,Supplies,52.82,E0927,Paid
EXP-004932,E0673,Operations,2025-08-06,Meals,188.59,E0909,Paid
EXP-005031,E0681,Operations,2025-08-06,Travel,23.05,E0911,Paid
EXP-005295,E0702,Operations,2025-08-06,Travel,78.92,E0897,Paid
EXP-006201,E0784,Operations,2025-08-06,Meals,23.76,E0916,Paid
EXP-006569,E0812,Operations,2025-08-06,Meals,99.51,E0908,Paid
EXP-007521,E0890,Operations,2025-08-06,Training,22.62,E0901,Paid
EXP-008119,E0936,Operations,2025-08-06,Meals,181.49,E0920,Paid
EXP-008240,E0946,Sales,2025-08-06,Travel,129.23,E0992,Paid
EXP-008384,E0957,Sales,2025-08-06,Training,82.67,E1032,Paid
EXP-009058,E1010,Sales,2025-08-06,Supplies,83.78,E0980,Paid
EXP-009338,E1034,Sales,2025-08-06,Training,124.96,E0973,Paid
EXP-009715,E1064,Sales,2025-08-06,Supplies,132.74,E1053,Paid
EXP-009999,E1089,Sales,2025-08-06,Travel,398.87,E0959,Paid
EXP-010276,E1108,Legal,2025-08-06,Client entertainment,360.27,E1110,Paid
EXP-010495,E1152,Facilities,2025-08-06,Supplies,257.19,E1121,Paid
EXP-010669,E1181,Facilities,2025-08-06,Supplies,33.71,E1121,Paid
EXP-010728,E1191,Facilities,2025-08-06,Travel,44.55,E1121,Paid
EXP-000287,E0053,Finance,2025-08-07,Client entertainment,82.83,E0201,Paid
EXP-000495,E0091,Finance,2025-08-07,Client entertainment,69.33,E0193,Paid
EXP-000728,E0135,Finance,2025-08-07,Client entertainment,113.58,E0196,Paid
EXP-001047,E0190,Finance,2025-08-07,Travel,17.62,E0196,Paid
EXP-002300,E0422,IT,2025-08-07,Client entertainment,55.74,E0379,Paid
EXP-002397,E0442,IT,2025-08-07,Client entertainment,138.09,E0379,Paid
EXP-002423,E0446,IT,2025-08-07,Client entertainment,24.01,E0379,Paid
EXP-002464,E0455,IT,2025-08-07,Accommodation,37.23,E0379,Paid
EXP-002646,E0481,Operations,2025-08-07,Supplies,67.01,E0927,Paid
EXP-002958,E0505,Operations,2025-08-07,Client entertainment,531.45,E0912,Paid
EXP-003207,E0526,Operations,2025-08-07,Client entertainment,182.21,E0914,Paid
EXP-004169,E0610,Operations,2025-08-07,Training,116.64,E0907,Paid
EXP-004323,E0620,Operations,2025-08-07,Supplies,130.72,E0921,Paid
EXP-005154,E0690,Operations,2025-08-07,Accommodation,71.83,E0918,Paid
EXP-005872,E0755,Operations,2025-08-07,Travel,90.9,E0901,Paid
EXP-006080,E0772,Operations,2025-08-07,Training,130.88,E0910,Paid
EXP-007231,E0866,Operations,2025-08-07,Training,43.94,E0921,Paid
EXP-007986,E0925,Operations,2025-08-07,Accommodation,184.63,E0900,Paid
EXP-008791,E0988,Sales,2025-08-07,Accommodation,171.81,E1030,Paid
EXP-009132,E1018,Sales,2025-08-07,Accommodation,407.35,E1019,Paid
EXP-009562,E1053,Sales,2025-08-07,Accommodation,408.37,E0987,Paid
EXP-009661,E1061,Sales,2025-08-07,Meals,42.25,E1035,Paid
EXP-009725,E1065,Sales,2025-08-07,Accommodation,91.24,E1029,Paid
EXP-010229,E1104,Sales,2025-08-07,Training,108.34,E1056,Paid
EXP-010257,E1106,Sales,2025-08-07,Accommodation,180.03,E1040,Paid
EXP-010500,E1153,Facilities,2025-08-07,Supplies,200.97,E1121,Paid
EXP-010790,E1201,Facilities,2025-08-07,Client entertainment,135.9,E1121,Paid
EXP-000024,E0007,Finance,2025-08-08,Supplies,75.19,E0208,Paid
EXP-000660,E0120,Finance,2025-08-08,Client entertainment,171.5,E0203,Paid
EXP-000999,E0183,Finance,2025-08-08,Accommodation,152.85,E0198,Paid
EXP-001933,E0354,Human Resources,2025-08-08,Accommodation,159.63,E0337,Paid
EXP-002019,E0371,Human Resources,2025-08-08,Client entertainment,45.5,E0350,Paid
EXP-002419,E0444,IT,2025-08-08,Supplies,242.05,E0379,Paid
EXP-002484,E0457,IT,2025-08-08,Accommodation,551.61,E0379,Paid
EXP-002794,E0493,Operations,2025-08-08,Training,134.77,E0932,Paid
EXP-003330,E0537,Operations,2025-08-08,Meals,425.73,E0914,Paid
EXP-003409,E0543,Operations,2025-08-08,Accommodation,158.3,E0914,Paid
EXP-004598,E0642,Operations,2025-08-08,Client entertainment,112.95,E0901,Paid
EXP-004910,E0671,Operations,2025-08-08,Client entertainment,178.54,E0910,Paid
EXP-005067,E0683,Operations,2025-08-08,Accommodation,44.0,E0910,Paid
EXP-005180,E0692,Operations,2025-08-08,Accommodation,7.02,E0930,Paid
EXP-005216,E0696,Operations,2025-08-08,Client entertainment,34.97,E0925,Paid
EXP-005449,E0719,Operations,2025-08-08,Training,231.28,E0914,Paid
EXP-005623,E0733,Operations,2025-08-08,Training,74.28,E0919,Paid
EXP-005749,E0745,Operations,2025-08-08,Accommodation,60.32,E0938,Paid
EXP-006805,E0832,Operations,2025-08-08,Meals,713.69,E0904,Paid
EXP-006830,E0833,Operations,2025-08-08,Travel,268.69,E0925,Paid
EXP-006975,E0844,Operations,2025-08-08,Training,283.14,E0914,Paid
EXP-007155,E0860,Operations,2025-08-08,Training,122.96,E0904,Paid
EXP-007336,E0877,Operations,2025-08-08,Travel,264.93,E0909,Paid
EXP-007473,E0886,Operations,2025-08-08,Travel,48.66,E0914,Paid
EXP-008013,E0927,Operations,2025-08-08,Supplies,133.47,E0907,Paid
EXP-008134,E0937,Operations,2025-08-08,Client entertainment,120.12,E0910,Paid
EXP-009160,E1021,Sales,2025-08-08,Accommodation,111.16,E1010,Paid
EXP-009441,E1042,Sales,2025-08-08,Meals,67.43,E0965,Paid
EXP-009457,E1043,Sales,2025-08-08,Client entertainment,347.84,E1099,Paid
EXP-009988,E1087,Sales,2025-08-08,Travel,44.71,E0942,Paid
EXP-010404,E1129,Facilities,2025-08-08,Meals,81.14,E1121,Paid
EXP-010771,E1199,Facilities,2025-08-08,Accommodation,72.53,E1121,Paid
EXP-000631,E0115,Finance,2025-08-09,Accommodation,50.41,E0204,Paid
EXP-000783,E0142,Finance,2025-08-09,Supplies,140.41,E0198,Paid
EXP-001192,E0221,Procurement,2025-08-09,Training,49.19,E0278,Paid
EXP-001227,E0229,Procurement,2025-08-09,Training,83.47,E0272,Paid
EXP-001354,E0252,Procurement,2025-08-09,Travel,191.74,E0280,Paid
EXP-002155,E0394,IT,2025-08-09,Supplies,206.33,E0379,Paid
EXP-002494,E0458,IT,2025-08-09,Travel,9.9,E0379,Paid
EXP-003199,E0525,Operations,2025-08-09,Travel,90.37,E0908,Paid
EXP-003289,E0534,Operations,2025-08-09,Training,64.73,E0925,Paid
EXP-003878,E0580,Operations,2025-08-09,Meals,51.59,E0912,Paid
EXP-004122,E0603,Operations,2025-08-09,Meals,35.69,E0904,Paid
EXP-004268,E0616,Operations,2025-08-09,Meals,118.12,E0926,Paid
EXP-004553,E0639,Operations,2025-08-09,Travel,370.27,E0921,Paid
EXP-004917,E0672,Operations,2025-08-09,Travel,121.46,E0918,Paid
EXP-006216,E0785,Operations,2025-08-09,Client entertainment,26.18,E0924,Paid
EXP-006411,E0799,Operations,2025-08-09,Training,17.73,E0914,Paid
EXP-006909,E0839,Operations,2025-08-09,Accommodation,191.6,E0933,Paid
EXP-007039,E0850,Operations,2025-08-09,Supplies,788.61,E0918,Paid
EXP-007210,E0863,Operations,2025-08-09,Client entertainment,244.78,E0929,Paid
EXP-007963,E0924,Operations,2025-08-09,Accommodation,86.9,E0914,Paid
EXP-008476,E0964,Sales,2025-08-09,Meals,165.35,E1105,Paid
EXP-008614,E0974,Sales,2025-08-09,Supplies,66.0,E1088,Paid
EXP-008714,E0982,Sales,2025-08-09,Meals,156.47,E0956,Paid
EXP-008732,E0984,Sales,2025-08-09,Meals,383.4,E1104,Paid
EXP-009021,E1008,Sales,2025-08-09,Meals,83.17,E0986,Paid
EXP-009174,E1022,Sales,2025-08-09,Supplies,765.8,E0970,Paid
EXP-009251,E1028,Sales,2025-08-09,Travel,330.05,E1026,Paid
EXP-010430,E1139,Facilities,2025-08-09,Accommodation,51.73,E1121,Paid
EXP-010551,E1162,Facilities,2025-08-09,Travel,286.87,E1121,Paid
EXP-000149,E0032,Finance,2025-08-10,Travel,23.63,E0194,Paid
EXP-000288,E0053,Finance,2025-08-10,Training,54.59,E0201,Paid
EXP-000401,E0076,Finance,2025-08-10,Accommodation,19.75,E0208,Paid
EXP-000429,E0081,Finance,2025-08-10,Accommodation,153.29,E0209,Paid
EXP-000984,E0181,Finance,2025-08-10,Meals,96.31,E0198,Paid
EXP-001386,E0257,Procurement,2025-08-10,Training,41.71,E0279,Paid
EXP-002034,E0373,Human Resources,2025-08-10,Supplies,143.66,E0378,Paid
EXP-002086,E0382,IT,2025-08-10,Accommodation,631.48,E0379,Paid
EXP-002118,E0387,IT,2025-08-10,Training,138.13,E0379,Paid
EXP-002343,E0429,IT,2025-08-10,Training,38.28,E0379,Paid
EXP-002739,E0488,Operations,2025-08-10,Client entertainment,173.77,E0901,Paid
EXP-003439,E0545,Operations,2025-08-10,Travel,593.51,E0931,Paid
EXP-003751,E0568,Operations,2025-08-10,Accommodation,16.44,E0897,Paid
EXP-003943,E0586,Operations,2025-08-10,Client entertainment,111.72,E0898,Paid
EXP-004155,E0609,Operations,2025-08-10,Accommodation,34.52,E0913,Paid
EXP-004175,E0610,Operations,2025-08-10,Meals,63.34,E0907,Paid
EXP-004551,E0639,Operations,2025-08-10,Training,36.56,E0921,Paid
EXP-005633,E0734,Operations,2025-08-10,Meals,69.6,E0921,Paid
EXP-005642,E0734,Operations,2025-08-10,Travel,75.17,E0921,Paid
EXP-006664,E0819,Operations,2025-08-10,Accommodation,1010.5,E0929,Paid
EXP-006793,E0831,Operations,2025-08-10,Client entertainment,97.39,E0907,Paid
EXP-006944,E0841,Operations,2025-08-10,Meals,470.96,E0919,Paid
EXP-006998,E0846,Operations,2025-08-10,Client entertainment,108.08,E0938,Paid
EXP-007223,E0864,Operations,2025-08-10,Supplies,86.03,E0912,Paid
EXP-007929,E0922,Operations,2025-08-10,Client entertainment,14.98,E0936,Paid
EXP-008067,E0931,Operations,2025-08-10,Meals,44.91,E0929,Paid
EXP-008229,E0945,Sales,2025-08-10,Client entertainment,254.55,E1064,Paid
EXP-010004,E1089,Sales,2025-08-10,Training,57.94,E0959,Paid
EXP-010925,E1043,Sales,2025-08-10,Client entertainment,988.46,E1099,Paid
EXP-000170,E0034,Finance,2025-08-11,Travel,163.57,E0196,Paid
EXP-000245,E0045,Finance,2025-08-11,Client entertainment,116.7,E0203,Paid
EXP-000264,E0048,Finance,2025-08-11,Client entertainment,64.56,E0196,Paid
EXP-000501,E0093,Finance,2025-08-11,Supplies,77.15,E0202,Paid
EXP-001171,E0217,Procurement,2025-08-11,Training,101.31,E0275,Paid
EXP-001562,E0286,Procurement,2025-08-11,Accommodation,220.86,E0279,Paid
EXP-002031,E0373,Human Resources,2025-08-11,Travel,44.33,E0378,Paid
EXP-002729,E0487,Operations,2025-08-11,Travel,56.52,E0937,Paid
EXP-003641,E0560,Operations,2025-08-11,Supplies,41.61,E0907,Paid
EXP-003716,E0565,Operations,2025-08-11,Meals,151.34,E0917,Paid
EXP-004051,E0594,Operations,2025-08-11,Supplies,73.38,E0908,Paid
EXP-004597,E0642,Operations,2025-08-11,Meals,262.78,E0901,Paid
EXP-004623,E0644,Operations,2025-08-11,Supplies,89.49,E0911,Paid
EXP-004740,E0654,Operations,2025-08-11,Accommodation,181.69,E0930,Paid
EXP-004942,E0673,Operations,2025-08-11,Meals,310.21,E0909,Paid
EXP-005223,E0697,Operations,2025-08-11,Supplies,157.45,E0934,Paid
EXP-006389,E0798,Operations,2025-08-11,Training,91.89,E0932,Paid
EXP-006458,E0802,Operations,2025-08-11,Client entertainment,75.38,E0923,Paid
EXP-006462,E0802,Operations,2025-08-11,Accommodation,144.65,E0923,Paid
EXP-006478,E0803,Operations,2025-08-11,Client entertainment,38.63,E0930,Paid
EXP-006559,E0811,Operations,2025-08-11,Training,49.87,E0926,Paid
EXP-006947,E0842,Operations,2025-08-11,Client entertainment,308.78,E0909,Paid
EXP-007200,E0863,Operations,2025-08-11,Training,179.2,E0929,Paid
EXP-007534,E0891,Operations,2025-08-11,Training,107.87,E0912,Paid
EXP-008026,E0928,Operations,2025-08-11,Client entertainment,28.65,E0929,Paid
EXP-008508,E0966,Sales,2025-08-11,Client entertainment,88.91,E1012,Paid
EXP-008904,E0998,Sales,2025-08-11,Client entertainment,59.54,E1081,Paid
EXP-008998,E1006,Sales,2025-08-11,Supplies,40.68,E0948,Paid
EXP-009341,E1035,Sales,2025-08-11,Meals,116.59,E0967,Paid
EXP-009845,E1076,Sales,2025-08-11,Supplies,41.02,E1047,Paid
EXP-000244,E0044,Finance,2025-08-12,Meals,76.56,E0194,Paid
EXP-000291,E0054,Finance,2025-08-12,Training,288.28,E0203,Paid
EXP-001067,E0192,Finance,2025-08-12,Supplies,86.22,E0205,Paid
EXP-001724,E0317,Human Resources,2025-08-12,Meals,27.28,E0346,Paid
EXP-002217,E0406,IT,2025-08-12,Client entertainment,54.87,E0379,Paid
EXP-002230,E0408,IT,2025-08-12,Training,54.8,E0379,Paid
EXP-002383,E0438,IT,2025-08-12,Meals,19.57,E0379,Paid
EXP-002536,E0466,IT,2025-08-12,Accommodation,86.15,E0379,Paid
EXP-002682,E0484,Operations,2025-08-12,Travel,33.37,E0902,Paid
EXP-003314,E0536,Operations,2025-08-12,Supplies,91.96,E0910,Paid
EXP-004131,E0605,Operations,2025-08-12,Accommodation,362.0,E0927,Paid
EXP-004388,E0625,Operations,2025-08-12,Training,560.37,E0926,Paid
EXP-004433,E0628,Operations,2025-08-12,Training,56.77,E0912,Paid
EXP-005134,E0689,Operations,2025-08-12,Supplies,178.02,E0904,Paid
EXP-005577,E0729,Operations,2025-08-12,Training,68.62,E0906,Paid
EXP-005589,E0730,Operations,2025-08-12,Accommodation,56.04,E0900,Paid
EXP-006579,E0813,Operations,2025-08-12,Training,70.4,E0901,Paid
EXP-007094,E0854,Operations,2025-08-12,Client entertainment,23.14,E0919,Paid
EXP-007132,E0858,Operations,2025-08-12,Client entertainment,203.64,E0917,Paid
EXP-007520,E0890,Operations,2025-08-12,Training,52.91,E0901,Paid
EXP-007777,E0910,Operations,2025-08-12,Training,194.66,E0917,Paid
EXP-007939,E0922,Operations,2025-08-12,Accommodation,345.61,E0936,Paid
EXP-009237,E1027,Sales,2025-08-12,Meals,343.97,E0988,Paid
EXP-009733,E1065,Sales,2025-08-12,Travel,181.33,E1029,Paid
EXP-010150,E1099,Sales,2025-08-12,Accommodation,81.21,E1097,Paid
EXP-000270,E0050,Finance,2025-08-13,Supplies,92.2,E0190,Paid
EXP-000650,E0119,Finance,2025-08-13,Client entertainment,107.92,E0210,Paid
EXP-000682,E0124,Finance,2025-08-13,Accommodation,56.32,E0195,Paid
EXP-000705,E0130,Finance,2025-08-13,Client entertainment,150.34,E0197,Paid
EXP-000764,E0140,Finance,2025-08-13,Training,28.9,E0199,Paid
EXP-000986,E0181,Finance,2025-08-13,Travel,339.48,E0198,Paid
EXP-001407,E0260,Procurement,2025-08-13,Accommodation,52.1,E0277,Paid
EXP-001443,E0268,Procurement,2025-08-13,Client entertainment,320.66,E0275,Paid
EXP-001485,E0274,Procurement,2025-08-13,Client entertainment,178.39,E0276,Paid
EXP-001886,E0347,Human Resources,2025-08-13,Meals,356.94,E0345,Paid
EXP-002202,E0403,IT,2025-08-13,Supplies,58.03,E0379,Paid
EXP-002491,E0458,IT,2025-08-13,Client entertainment,272.17,E0379,Paid
EXP-002527,E0463,IT,2025-08-13,Training,26.15,E0379,Paid
EXP-002917,E0501,Operations,2025-08-13,Travel,25.63,E0903,Paid
EXP-003017,E0510,Operations,2025-08-13,Accommodation,46.04,E0920,Paid
EXP-003306,E0535,Operations,2025-08-13,Client entertainment,66.51,E0897,Paid
EXP-004223,E0613,Operations,2025-08-13,Meals,69.23,E0929,Paid
EXP-004452,E0629,Operations,2025-08-13,Meals,65.7,E0935,Paid
EXP-004716,E0653,Operations,2025-08-13,Accommodation,79.36,E0936,Paid
EXP-005075,E0684,Operations,2025-08-13,Supplies,89.13,E0930,Paid
EXP-005616,E0733,Operations,2025-08-13,Accommodation,400.4,E0919,Paid
EXP-005680,E0738,Operations,2025-08-13,Meals,67.49,E0903,Paid
EXP-005858,E0754,Operations,2025-08-13,Travel,160.55,E0924,Paid
EXP-005874,E0756,Operations,2025-08-13,Meals,24.04,E0932,Paid
EXP-005935,E0761,Operations,2025-08-13,Client entertainment,160.46,E0907,Paid
EXP-006228,E0786,Operations,2025-08-13,Client entertainment,46.44,E0901,Paid
EXP-007021,E0848,Operations,2025-08-13,Supplies,124.0,E0910,Paid
EXP-007102,E0855,Operations,2025-08-13,Supplies,55.8,E0925,Paid
EXP-007130,E0858,Operations,2025-08-13,Accommodation,134.95,E0917,Paid
EXP-007335,E0877,Operations,2025-08-13,Accommodation,71.04,E0909,Paid
EXP-007608,E0898,Operations,2025-08-13,Travel,50.57,E0903,Paid
EXP-008024,E0928,Operations,2025-08-13,Travel,99.21,E0929,Paid
EXP-008088,E0933,Operations,2025-08-13,Training,108.65,E0899,Paid
EXP-008474,E0964,Sales,2025-08-13,Travel,17.61,E1105,Paid
EXP-008636,E0977,Sales,2025-08-13,Supplies,107.42,E0995,Paid
EXP-008762,E0986,Sales,2025-08-13,Supplies,86.9,E1055,Paid
EXP-008807,E0989,Sales,2025-08-13,Training,88.21,E0977,Paid
EXP-009134,E1018,Sales,2025-08-13,Client entertainment,160.42,E1019,Paid
EXP-009221,E1024,Sales,2025-08-13,Training,110.35,E1074,Paid
EXP-009681,E1062,Sales,2025-08-13,Training,9.63,E0998,Paid
EXP-009905,E1079,Sales,2025-08-13,Travel,89.33,E0958,Paid
EXP-009986,E1086,Sales,2025-08-13,Travel,53.86,E0959,Paid
EXP-010521,E1156,Facilities,2025-08-13,Meals,55.79,E1121,Paid
EXP-010700,E1187,Facilities,2025-08-13,Travel,303.43,E1121,Paid
EXP-010788,E1201,Facilities,2025-08-13,Training,245.89,E1121,Paid
EXP-010822,E0965,Sales,2025-08-13,Client entertainment,989.64,E0976,Paid
EXP-000347,E0065,Finance,2025-08-14,Meals,161.74,E0198,Paid
EXP-000357,E0067,Finance,2025-08-14,Travel,134.76,E0204,Paid
EXP-000757,E0139,Finance,2025-08-14,Accommodation,27.87,E0209,Paid
EXP-000814,E0154,Finance,2025-08-14,Travel,130.9,E0197,Paid
EXP-002543,E0468,IT,2025-08-14,Meals,230.33,E0379,Paid
EXP-002630,E0480,Operations,2025-08-14,Supplies,90.23,E0903,Paid
EXP-002749,E0488,Operations,2025-08-14,Supplies,68.33,E0901,Paid
EXP-003981,E0588,Operations,2025-08-14,Meals,76.07,E0932,Paid
EXP-004062,E0596,Operations,2025-08-14,Travel,217.1,E0908,Paid
EXP-005186,E0693,Operations,2025-08-14,Client entertainment,107.67,E0938,Paid
EXP-005251,E0698,Operations,2025-08-14,Client entertainment,53.13,E0910,Paid
EXP-005343,E0706,Operations,2025-08-14,Meals,113.58,E0918,Paid
EXP-005544,E0726,Operations,2025-08-14,Supplies,338.18,E0906,Paid
EXP-005548,E0727,Operations,2025-08-14,Meals,314.03,E0906,Paid
EXP-005938,E0761,Operations,2025-08-14,Supplies,137.29,E0907,Paid
EXP-005995,E0766,Operations,2025-08-14,Supplies,58.22,E0900,Paid
EXP-006020,E0768,Operations,2025-08-14,Client entertainment,55.68,E0912,Paid
EXP-006748,E0828,Operations,2025-08-14,Meals,42.48,E0921,Paid
EXP-006914,E0840,Operations,2025-08-14,Travel,18.89,E0907,Paid
EXP-006958,E0843,Operations,2025-08-14,Client entertainment,344.81,E0897,Paid
EXP-007158,E0860,Operations,2025-08-14,Training,36.84,E0904,Paid
EXP-007613,E0898,Operations,2025-08-14,Meals,139.15,E0903,Paid
EXP-007797,E0912,Operations,2025-08-14,Accommodation,42.03,E0900,Paid
EXP-008020,E0928,Operations,2025-08-14,Supplies,63.49,E0929,Paid
EXP-008223,E0944,Sales,2025-08-14,Client entertainment,127.91,E0957,Paid
EXP-008295,E0949,Sales,2025-08-14,Accommodation,46.46,E0955,Paid
EXP-008448,E0962,Sales,2025-08-14,Client entertainment,207.82,E1028,Paid
EXP-008632,E0976,Sales,2025-08-14,Accommodation,182.89,E1026,Paid
EXP-008788,E0988,Sales,2025-08-14,Training,574.46,E1030,Paid
EXP-008888,E0996,Sales,2025-08-14,Training,185.37,E1083,Paid
EXP-009017,E1008,Sales,2025-08-14,Training,47.02,E0986,Paid
EXP-009524,E1050,Sales,2025-08-14,Accommodation,72.58,E1011,Paid
EXP-009654,E1060,Sales,2025-08-14,Client entertainment,155.07,E1069,Paid
EXP-009657,E1061,Sales,2025-08-14,Supplies,1305.69,E1035,Paid
EXP-009914,E1080,Sales,2025-08-14,Meals,146.71,E1048,Paid
EXP-010553,E1162,Facilities,2025-08-14,Accommodation,113.85,E1121,Paid
EXP-000921,E0172,Finance,2025-08-15,Accommodation,210.85,E0208,Paid
EXP-001128,E0205,Finance,2025-08-15,Training,18.94,E0197,Paid
EXP-001306,E0243,Procurement,2025-08-15,Supplies,41.45,E0274,Paid
EXP-001732,E0319,Human Resources,2025-08-15,Supplies,91.26,E0338,Paid
EXP-001791,E0328,Human Resources,2025-08-15,Supplies,29.08,E0346,Paid
EXP-001923,E0353,Human Resources,2025-08-15,Training,65.92,E0339,Paid
EXP-003205,E0526,Operations,2025-08-15,Supplies,69.69,E0914,Paid
EXP-003443,E0545,Operations,2025-08-15,Meals,41.39,E0931,Paid
EXP-003481,E0547,Operations,2025-08-15,Training,364.95,E0933,Paid
EXP-004652,E0647,Operations,2025-08-15,Client entertainment,88.14,E0934,Paid
EXP-004895,E0670,Operations,2025-08-15,Meals,90.25,E0913,Paid
EXP-005165,E0691,Operations,2025-08-15,Travel,214.67,E0930,Paid
EXP-005257,E0699,Operations,2025-08-15,Training,222.12,E0931,Paid
EXP-005363,E0711,Operations,2025-08-15,Accommodation,47.28,E0916,Paid
EXP-005384,E0713,Operations,2025-08-15,Accommodation,37.39,E0901,Paid
EXP-005866,E0755,Operations,2025-08-15,Accommodation,88.01,E0901,Paid
EXP-006262,E0788,Operations,2025-08-15,Accommodation,155.99,E0925,Paid
EXP-006737,E0827,Operations,2025-08-15,Training,35.85,E0915,Paid
EXP-007879,E0917,Operations,2025-08-15,Travel,127.52,E0903,Paid
EXP-008388,E0957,Sales,2025-08-15,Travel,135.7,E1032,Paid
EXP-008659,E0979,Sales,2025-08-15,Travel,40.06,E0960,Paid
EXP-009154,E1020,Sales,2025-08-15,Meals,187.97,E1081,Paid
EXP-009350,E1035,Sales,2025-08-15,Travel,1325.33,E0967,Paid
EXP-009623,E1058,Sales,2025-08-15,Meals,116.82,E1060,Paid
EXP-009682,E1062,Sales,2025-08-15,Meals,93.94,E0998,Paid
EXP-010012,E1090,Sales,2025-08-15,Travel,31.56,E0999,Paid
EXP-010638,E1176,Facilities,2025-08-15,Travel,349.47,E1121,Paid
EXP-010696,E1186,Facilities,2025-08-15,Training,32.04,E1121,Paid
EXP-000214,E0040,Finance,2025-08-16,Supplies,245.6,E0200,Paid
EXP-001277,E0239,Procurement,2025-08-16,Meals,63.23,E0277,Paid
EXP-001376,E0255,Procurement,2025-08-16,Travel,20.37,E0269,Paid
EXP-001730,E0318,Human Resources,2025-08-16,Supplies,31.92,E0340,Paid
EXP-001773,E0325,Human Resources,2025-08-16,Travel,197.26,E0344,Paid
EXP-002314,E0423,IT,2025-08-16,Accommodation,116.82,E0379,Paid
EXP-002787,E0493,Operations,2025-08-16,Client entertainment,255.65,E0932,Paid
EXP-002830,E0495,Operations,2025-08-16,Meals,680.28,E0900,Paid
EXP-003377,E0541,Operations,2025-08-16,Meals,149.54,E0930,Paid
EXP-003559,E0554,Operations,2025-08-16,Client entertainment,965.46,E0918,Paid
EXP-004221,E0613,Operations,2025-08-16,Travel,90.65,E0929,Paid
EXP-004319,E0620,Operations,2025-08-16,Training,146.66,E0921,Paid
EXP-004364,E0624,Operations,2025-08-16,Accommodation,116.37,E0913,Paid
EXP-005275,E0700,Operations,2025-08-16,Travel,239.13,E0902,Paid
EXP-005606,E0732,Operations,2025-08-16,Accommodation,103.32,E0923,Paid
EXP-005653,E0736,Operations,2025-08-16,Training,72.02,E0902,Paid
EXP-006061,E0770,Operations,2025-08-16,Supplies,355.89,E0912,Paid
EXP-006256,E0787,Operations,2025-08-16,Client entertainment,15.15,E0915,Paid
EXP-006687,E0821,Operations,2025-08-16,Supplies,41.32,E0920,Paid
EXP-006965,E0843,Operations,2025-08-16,Meals,121.31,E0897,Paid
EXP-007258,E0868,Operations,2025-08-16,Meals,113.97,E0906,Paid
EXP-007790,E0911,Operations,2025-08-16,Accommodation,97.86,E0922,Paid
EXP-008272,E0947,Sales,2025-08-16,Supplies,169.46,E1033,Paid
EXP-008357,E0955,Sales,2025-08-16,Meals,179.04,E1069,Paid
EXP-008662,E0979,Sales,2025-08-16,Training,471.21,E0960,Paid
EXP-008692,E0981,Sales,2025-08-16,Meals,51.7,E0992,Paid
EXP-009222,E1024,Sales,2025-08-16,Accommodation,28.06,E1074,Paid
EXP-009280,E1030,Sales,2025-08-16,Supplies,92.15,E0977,Paid
EXP-000025,E0007,Finance,2025-08-17,Travel,61.38,E0208,Paid
EXP-000404,E0076,Finance,2025-08-17,Travel,24.84,E0208,Paid
EXP-001633,E0300,Human Resources,2025-08-17,Supplies,182.6,E0344,Paid
EXP-002609,E0479,Operations,2025-08-17,Client entertainment,39.36,E0925,Paid
EXP-003573,E0556,Operations,2025-08-17,Travel,206.05,E0909,Paid
EXP-003663,E0561,Operations,2025-08-17,Accommodation,184.82,E0914,Paid
EXP-004799,E0660,Operations,2025-08-17,Supplies,79.73,E0930,Paid
EXP-005192,E0694,Operations,2025-08-17,Travel,78.26,E0932,Paid
EXP-005445,E0719,Operations,2025-08-17,Travel,679.15,E0914,Paid
EXP-005895,E0757,Operations,2025-08-17,Travel,191.92,E0898,Paid
EXP-006376,E0798,Operations,2025-08-17,Travel,99.54,E0932,Paid
EXP-006838,E0833,Operations,2025-08-17,Meals,93.27,E0925,Paid
EXP-006861,E0836,Operations,2025-08-17,Training,195.08,E0899,Paid
EXP-007371,E0879,Operations,2025-08-17,Training,273.05,E0899,Paid
EXP-007685,E0904,Operations,2025-08-17,Meals,328.78,E0915,Paid
EXP-007830,E0913,Operations,2025-08-17,Meals,169.76,E0927,Paid
EXP-007868,E0916,Operations,2025-08-17,Client entertainment,164.76,E0001,Paid
EXP-007885,E0918,Operations,2025-08-17,Meals,259.98,E0926,Paid
EXP-008362,E0955,Sales,2025-08-17,Supplies,85.46,E1069,Paid
EXP-008908,E0998,Sales,2025-08-17,Supplies,113.44,E1081,Paid
EXP-009114,E1017,Sales,2025-08-17,Supplies,84.56,E1065,Paid
EXP-009189,E1023,Sales,2025-08-17,Accommodation,396.7,E1042,Paid
EXP-009455,E1043,Sales,2025-08-17,Client entertainment,148.97,E1099,Paid
EXP-009463,E1044,Sales,2025-08-17,Training,542.42,E1072,Paid
EXP-009560,E1053,Sales,2025-08-17,Accommodation,147.54,E0987,Paid
EXP-010050,E1092,Sales,2025-08-17,Accommodation,46.57,E1057,Paid
EXP-010099,E1096,Sales,2025-08-17,Accommodation,37.9,E0968,Paid
EXP-010200,E1103,Sales,2025-08-17,Meals,102.42,E0975,Paid
EXP-000113,E0025,Finance,2025-08-18,Supplies,45.29,E0196,Paid
EXP-000141,E0031,Finance,2025-08-18,Supplies,588.17,E0201,Paid
EXP-000364,E0067,Finance,2025-08-18,Training,153.88,E0204,Paid
EXP-000784,E0143,Finance,2025-08-18,Meals,30.85,E0193,Paid
EXP-001625,E0298,Human Resources,2025-08-18,Supplies,188.41,E0375,Paid
EXP-001765,E0325,Human Resources,2025-08-18,Travel,148.36,E0344,Paid
EXP-002170,E0399,IT,2025-08-18,Client entertainment,80.8,E0379,Paid
EXP-003922,E0583,Operations,2025-08-18,Meals,138.4,E0907,Paid
EXP-004584,E0641,Operations,2025-08-18,Travel,70.05,E0912,Paid
EXP-005212,E0696,Operations,2025-08-18,Supplies,29.2,E0925,Paid
EXP-005624,E0733,Operations,2025-08-18,Accommodation,130.6,E0919,Paid
EXP-005646,E0735,Operations,2025-08-18,Client entertainment,25.5,E0915,Paid
EXP-006053,E0770,Operations,2025-08-18,Training,68.88,E0912,Paid
EXP-006134,E0776,Operations,2025-08-18,Accommodation,87.3,E0926,Paid
EXP-008015,E0927,Operations,2025-08-18,Client entertainment,197.29,E0907,Paid
EXP-008397,E0958,Sales,2025-08-18,Meals,60.7,E1057,Paid
EXP-008399,E0958,Sales,2025-08-18,Client entertainment,30.82,E1057,Paid
EXP-008412,E0959,Sales,2025-08-18,Training,159.68,E1052,Paid
EXP-008424,E0960,Sales,2025-08-18,Supplies,22.45,E1093,Paid
EXP-009013,E1007,Sales,2025-08-18,Training,584.97,E1022,Paid
EXP-009316,E1033,Sales,2025-08-18,Accommodation,46.7,E1044,Paid
EXP-009380,E1037,Sales,2025-08-18,Training,175.48,E0993,Paid
EXP-009546,E1052,Sales,2025-08-18,Supplies,32.3,E0987,Paid
EXP-009848,E1076,Sales,2025-08-18,Training,175.6,E1047,Paid
EXP-009975,E1085,Sales,2025-08-18,Training,36.81,E0939,Paid
EXP-010429,E1139,Facilities,2025-08-18,Supplies,119.49,E1121,Paid
EXP-010819,E0965,Sales,2025-08-18,Client entertainment,968.44,E0976,Paid
EXP-010934,E0143,Finance,2025-08-18,Meals,30.85,E0193,Paid
EXP-000209,E0040,Finance,2025-08-19,Training,25.62,E0200,Paid
EXP-000359,E0067,Finance,2025-08-19,Client entertainment,209.68,E0204,Paid
EXP-000496,E0091,Finance,2025-08-19,Travel,155.52,E0193,Paid
EXP-001003,E0184,Finance,2025-08-19,Accommodation,179.77,E0205,Paid
EXP-001109,E0200,Finance,2025-08-19,Supplies,213.55,E0197,Paid
EXP-001301,E0243,Procurement,2025-08-19,Client entertainment,102.36,E0274,Paid
EXP-001821,E0334,Human Resources,2025-08-19,Travel,122.8,E0373,Paid
EXP-002002,E0368,Human Resources,2025-08-19,Client entertainment,74.54,E0346,Paid
EXP-002560,E0471,IT,2025-08-19,Travel,95.81,E0379,Paid
EXP-002960,E0505,Operations,2025-08-19,Supplies,55.61,E0912,Paid
EXP-003450,E0546,Operations,2025-08-19,Supplies,171.5,E0933,Paid
EXP-003873,E0580,Operations,2025-08-19,Accommodation,113.32,E0912,Paid
EXP-004526,E0637,Operations,2025-08-19,Training,176.87,E0933,Paid
EXP-004981,E0677,Operations,2025-08-19,Client entertainment,51.41,E0914,Paid
EXP-005299,E0703,Operations,2025-08-19,Meals,81.6,E0900,Paid
EXP-005984,E0765,Operations,2025-08-19,Accommodation,242.51,E0912,Paid
EXP-006950,E0842,Operations,2025-08-19,Client entertainment,39.98,E0909,Paid
EXP-007786,E0911,Operations,2025-08-19,Training,47.71,E0922,Paid
EXP-007886,E0918,Operations,2025-08-19,Meals,80.38,E0926,Paid
EXP-007959,E0923,Operations,2025-08-19,Client entertainment,77.06,E0914,Paid
EXP-008898,E0998,Sales,2025-08-19,Supplies,347.05,E1081,Paid
EXP-009165,E1021,Sales,2025-08-19,Supplies,80.08,E1010,Paid
EXP-009568,E1053,Sales,2025-08-19,Supplies,92.4,E0987,Paid
EXP-010874,E1033,Sales,2025-08-19,Client entertainment,936.84,E1044,Paid
EXP-000375,E0069,Finance,2025-08-20,Accommodation,293.15,E0207,Paid
EXP-000510,E0094,Finance,2025-08-20,Accommodation,78.11,E0202,Paid
EXP-001095,E0196,Finance,2025-08-20,Supplies,55.94,E0001,Paid
EXP-001422,E0263,Procurement,2025-08-20,Client entertainment,119.21,E0275,Paid
EXP-001796,E0330,Human Resources,2025-08-20,Accommodation,54.28,E0347,Paid
EXP-003175,E0524,Operations,2025-08-20,Accommodation,200.57,E0903,Paid
EXP-003374,E0541,Operations,2025-08-20,Supplies,27.92,E0930,Paid
EXP-003725,E0566,Operations,2025-08-20,Accommodation,158.56,E0935,Paid
EXP-004034,E0594,Operations,2025-08-20,Accommodation,61.95,E0908,Paid
EXP-004871,E0669,Operations,2025-08-20,Travel,178.05,E0900,Paid
EXP-005005,E0679,Operations,2025-08-20,Training,36.05,E0914,Paid
EXP-005300,E0703,Operations,2025-08-20,Travel,66.77,E0900,Paid
EXP-005553,E0727,Operations,2025-08-20,Accommodation,128.31,E0906,Paid
EXP-005827,E0753,Operations,2025-08-20,Training,87.55,E0932,Paid
EXP-006316,E0792,Operations,2025-08-20,Accommodation,60.32,E0916,Paid
EXP-007235,E0866,Operations,2025-08-20,Supplies,29.1,E0921,Paid
EXP-007952,E0923,Operations,2025-08-20,Travel,144.26,E0914,Paid
EXP-008079,E0932,Operations,2025-08-20,Accommodation,90.85,E0930,Paid
EXP-008104,E0934,Operations,2025-08-20,Accommodation,180.92,E0916,Paid
EXP-008374,E0956,Sales,2025-08-20,Meals,10.89,E1104,Paid
EXP-008603,E0973,Sales,2025-08-20,Client entertainment,74.71,E0986,Paid
EXP-008627,E0976,Sales,2025-08-20,Meals,408.15,E1026,Paid
EXP-008819,E0991,Sales,2025-08-20,Accommodation,37.33,E0958,Paid
EXP-009649,E1060,Sales,2025-08-20,Meals,520.14,E1069,Paid
EXP-010036,E1091,Sales,2025-08-20,Meals,43.21,E1063,Paid
EXP-010268,E1107,Legal,2025-08-20,Meals,83.8,E1119,Paid
EXP-010271,E1107,Legal,2025-08-20,Meals,87.12,E1119,Paid
EXP-010760,E1197,Facilities,2025-08-20,Accommodation,176.07,E1121,Paid
EXP-010917,E1043,Sales,2025-08-20,Client entertainment,991.4,E1099,Paid
EXP-000068,E0016,Finance,2025-08-21,Client entertainment,25.44,E0199,Paid
EXP-000305,E0057,Finance,2025-08-21,Travel,136.69,E0207,Paid
EXP-000330,E0063,Finance,2025-08-21,Client entertainment,236.15,E0199,Paid
EXP-000430,E0081,Finance,2025-08-21,Client entertainment,15.22,E0209,Paid
EXP-000971,E0180,Finance,2025-08-21,Training,46.12,E0208,Paid
EXP-001048,E0190,Finance,2025-08-21,Meals,25.85,E0196,Paid
EXP-001154,E0213,Procurement,2025-08-21,Travel,230.23,E0273,Paid
EXP-001683,E0311,Human Resources,2025-08-21,Meals,289.27,E0377,Paid
EXP-001988,E0365,Human Resources,2025-08-21,Training,207.06,E0341,Paid
EXP-002936,E0504,Operations,2025-08-21,Training,102.09,E0933,Paid
EXP-003089,E0517,Operations,2025-08-21,Accommodation,79.53,E0905,Paid
EXP-003091,E0517,Operations,2025-08-21,Meals,47.75,E0905,Paid
EXP-003104,E0518,Operations,2025-08-21,Client entertainment,240.28,E0902,Paid
EXP-003726,E0566,Operations,2025-08-21,Training,43.94,E0935,Paid
EXP-003807,E0574,Operations,2025-08-21,Training,10.9,E0927,Paid
EXP-004366,E0624,Operations,2025-08-21,Meals,148.81,E0913,Paid
EXP-004372,E0624,Operations,2025-08-21,Training,122.52,E0913,Paid
EXP-004974,E0677,Operations,2025-08-21,Supplies,21.9,E0914,Paid
EXP-005039,E0681,Operations,2025-08-21,Travel,106.85,E0911,Paid
EXP-005377,E0712,Operations,2025-08-21,Training,75.06,E0925,Paid
EXP-005396,E0715,Operations,2025-08-21,Supplies,179.15,E0922,Paid
EXP-006097,E0773,Operations,2025-08-21,Supplies,47.28,E0936,Paid
EXP-006119,E0776,Operations,2025-08-21,Travel,59.22,E0926,Paid
EXP-006417,E0800,Operations,2025-08-21,Meals,144.69,E0910,Paid
EXP-007759,E0909,Operations,2025-08-21,Supplies,79.34,E0922,Paid
EXP-008036,E0929,Operations,2025-08-21,Travel,306.83,E0911,Paid
EXP-008303,E0949,Sales,2025-08-21,Travel,39.75,E0955,Paid
EXP-008413,E0959,Sales,2025-08-21,Accommodation,227.08,E1052,Paid
EXP-010032,E1091,Sales,2025-08-21,Supplies,120.37,E1063,Paid
EXP-010317,E1114,Legal,2025-08-21,Meals,123.35,E1110,Paid
EXP-010667,E1181,Facilities,2025-08-21,Travel,113.0,E1121,Paid
EXP-010818,E0965,Sales,2025-08-21,Client entertainment,921.34,E0976,Paid
EXP-001025,E0188,Finance,2025-08-22,Training,253.85,E0196,Paid
EXP-001452,E0269,Procurement,2025-08-22,Training,127.67,E0278,Paid
EXP-001455,E0270,Procurement,2025-08-22,Training,12.99,E0267,Paid
EXP-001956,E0360,Human Resources,2025-08-22,Travel,37.91,E0348,Paid
EXP-002062,E0378,Human Resources,2025-08-22,Training,62.29,E0342,Paid
EXP-002684,E0484,Operations,2025-08-22,Client entertainment,158.98,E0902,Paid
EXP-002802,E0494,Operations,2025-08-22,Client entertainment,218.73,E0929,Paid
EXP-002870,E0498,Operations,2025-08-22,Travel,13.66,E0934,Paid
EXP-002888,E0499,Operations,2025-08-22,Client entertainment,90.04,E0900,Paid
EXP-003958,E0587,Operations,2025-08-22,Meals,171.62,E0906,Paid
EXP-004783,E0659,Operations,2025-08-22,Meals,39.59,E0928,Paid
EXP-005024,E0680,Operations,2025-08-22,Accommodation,19.04,E0919,Paid
EXP-005085,E0685,Operations,2025-08-22,Accommodation,115.2,E0907,Paid
EXP-005144,E0690,Operations,2025-08-22,Accommodation,20.13,E0918,Paid
EXP-005235,E0698,Operations,2025-08-22,Training,512.1,E0910,Paid
EXP-005566,E0728,Operations,2025-08-22,Accommodation,225.14,E0900,Paid
EXP-006466,E0802,Operations,2025-08-22,Client entertainment,529.11,E0923,Paid
EXP-006615,E0816,Operations,2025-08-22,Meals,58.34,E0917,Paid
EXP-007910,E0921,Operations,2025-08-22,Travel,36.53,E0916,Paid
EXP-007932,E0922,Operations,2025-08-22,Accommodation,103.52,E0936,Paid
EXP-008132,E0937,Operations,2025-08-22,Training,68.36,E0910,Paid
EXP-008371,E0956,Sales,2025-08-22,Training,34.68,E1104,Paid
EXP-008554,E0970,Sales,2025-08-22,Supplies,465.78,E1021,Paid
EXP-008613,E0974,Sales,2025-08-22,Travel,82.61,E1088,Paid
EXP-009020,E1008,Sales,2025-08-22,Client entertainment,139.5,E0986,Paid
EXP-009089,E1013,Sales,2025-08-22,Travel,105.0,E1032,Paid
EXP-010489,E1152,Facilities,2025-08-22,Client entertainment,81.58,E1121,Paid
EXP-010504,E1153,Facilities,2025-08-22,Supplies,105.06,E1121,Paid
EXP-010513,E1155,Facilities,2025-08-22,Supplies,43.12,E1121,Paid
EXP-000707,E0131,Finance,2025-08-23,Training,59.18,E0200,Paid
EXP-001505,E0278,Procurement,2025-08-23,Accommodation,273.51,E0276,Paid
EXP-001646,E0302,Human Resources,2025-08-23,Training,196.18,E0377,Paid
EXP-001664,E0307,Human Resources,2025-08-23,Travel,374.07,E0350,Paid
EXP-001677,E0310,Human Resources,2025-08-23,Travel,49.21,E0345,Paid
EXP-001829,E0335,Human Resources,2025-08-23,Travel,56.11,E0374,Paid
EXP-001881,E0346,Human Resources,2025-08-23,Accommodation,23.87,E0344,Paid
EXP-001922,E0353,Human Resources,2025-08-23,Travel,56.49,E0339,Paid
EXP-001951,E0358,Human Resources,2025-08-23,Training,68.87,E0349,Paid
EXP-002064,E0379,IT,2025-08-23,Client entertainment,30.81,E0001,Paid
EXP-002074,E0380,IT,2025-08-23,Supplies,93.58,E0379,Paid
EXP-002102,E0385,IT,2025-08-23,Travel,146.98,E0379,Paid
EXP-002223,E0406,IT,2025-08-23,Travel,144.3,E0379,Paid
EXP-002390,E0440,IT,2025-08-23,Training,146.42,E0379,Paid
EXP-002412,E0443,IT,2025-08-23,Training,41.58,E0379,Paid
EXP-002752,E0489,Operations,2025-08-23,Accommodation,389.85,E0930,Paid
EXP-002903,E0500,Operations,2025-08-23,Accommodation,106.05,E0919,Paid
EXP-003005,E0509,Operations,2025-08-23,Travel,503.16,E0911,Paid
EXP-003193,E0525,Operations,2025-08-23,Accommodation,35.0,E0908,Paid
EXP-003456,E0546,Operations,2025-08-23,Supplies,69.29,E0933,Paid
EXP-003622,E0559,Operations,2025-08-23,Client entertainment,398.73,E0917,Paid
EXP-004914,E0671,Operations,2025-08-23,Supplies,50.82,E0910,Paid
EXP-004923,E0672,Operations,2025-08-23,Training,169.78,E0918,Paid
EXP-005638,E0734,Operations,2025-08-23,Supplies,46.76,E0921,Paid
EXP-005869,E0755,Operations,2025-08-23,Client entertainment,146.79,E0901,Paid
EXP-006667,E0820,Operations,2025-08-23,Supplies,124.12,E0926,Paid
EXP-006884,E0838,Operations,2025-08-23,Client entertainment,222.76,E0921,Paid
EXP-006897,E0839,Operations,2025-08-23,Meals,21.83,E0933,Paid
EXP-007260,E0868,Operations,2025-08-23,Supplies,166.06,E0906,Paid
EXP-007725,E0907,Operations,2025-08-23,Training,20.81,E0938,Paid
EXP-007911,E0921,Operations,2025-08-23,Client entertainment,217.06,E0916,Paid
EXP-007915,E0921,Operations,2025-08-23,Client entertainment,53.81,E0916,Paid
EXP-007993,E0926,Operations,2025-08-23,Training,134.9,E0906,Paid
EXP-008163,E0940,Sales,2025-08-23,Client entertainment,106.65,E0955,Paid
EXP-008237,E0945,Sales,2025-08-23,Meals,121.6,E1064,Paid
EXP-008346,E0955,Sales,2025-08-23,Accommodation,143.41,E1069,Paid
EXP-008472,E0964,Sales,2025-08-23,Training,66.79,E1105,Paid
EXP-008550,E0970,Sales,2025-08-23,Accommodation,27.88,E1021,Paid
EXP-008633,E0976,Sales,2025-08-23,Training,69.0,E1026,Paid
EXP-008958,E1004,Sales,2025-08-23,Travel,55.57,E0946,Paid
EXP-009173,E1021,Sales,2025-08-23,Supplies,43.95,E1010,Paid
EXP-009395,E1038,Sales,2025-08-23,Accommodation,35.51,E1055,Paid
EXP-009526,E1050,Sales,2025-08-23,Client entertainment,54.13,E1011,Paid
EXP-009577,E1055,Sales,2025-08-23,Travel,340.06,E1098,Paid
EXP-010112,E1097,Sales,2025-08-23,Meals,198.24,E1030,Paid
EXP-010154,E1100,Sales,2025-08-23,Meals,143.51,E1058,Paid
EXP-010514,E1155,Facilities,2025-08-23,Training,35.45,E1121,Paid
EXP-010891,E1033,Sales,2025-08-23,Client entertainment,995.3,E1044,Paid
EXP-001612,E0295,Human Resources,2025-08-24,Supplies,209.25,E0341,Paid
EXP-001772,E0325,Human Resources,2025-08-24,Accommodation,42.59,E0344,Paid
EXP-002243,E0410,IT,2025-08-24,Client entertainment,311.97,E0379,Paid
EXP-002417,E0444,IT,2025-08-24,Supplies,77.0,E0379,Paid
EXP-002438,E0448,IT,2025-08-24,Client entertainment,117.08,E0379,Paid
EXP-002756,E0489,Operations,2025-08-24,Accommodation,67.28,E0930,Paid
EXP-002986,E0508,Operations,2025-08-24,Supplies,26.8,E0929,Paid
EXP-003049,E0513,Operations,2025-08-24,Accommodation,27.33,E0918,Paid
EXP-003061,E0514,Operations,2025-08-24,Client entertainment,28.85,E0907,Paid
EXP-004167,E0610,Operations,2025-08-24,Training,122.79,E0907,Paid
EXP-004394,E0625,Operations,2025-08-24,Accommodation,148.6,E0926,Paid
EXP-005640,E0734,Operations,2025-08-24,Accommodation,198.86,E0921,Paid
EXP-006087,E0772,Operations,2025-08-24,Accommodation,54.67,E0910,Paid
EXP-006116,E0775,Operations,2025-08-24,Accommodation,133.79,E0907,Paid
EXP-006910,E0839,Operations,2025-08-24,Meals,85.9,E0933,Paid
EXP-006990,E0845,Operations,2025-08-24,Supplies,123.59,E0916,Paid
EXP-007570,E0894,Operations,2025-08-24,Client entertainment,35.37,E0908,Paid
EXP-007715,E0906,Operations,2025-08-24,Supplies,197.9,E0937,Paid
EXP-008461,E0963,Sales,2025-08-24,Client entertainment,87.24,E0952,Paid
EXP-009227,E1025,Sales,2025-08-24,Training,10.12,E0983,Paid
EXP-009498,E1047,Sales,2025-08-24,Client entertainment,79.28,E1071,Paid
EXP-009530,E1051,Sales,2025-08-24,Training,230.59,E1084,Paid
EXP-009747,E1067,Sales,2025-08-24,Travel,39.09,E0955,Paid
EXP-009982,E1086,Sales,2025-08-24,Travel,64.29,E0959,Paid
EXP-010144,E1099,Sales,2025-08-24,Supplies,59.09,E1097,Paid
EXP-010241,E1105,Sales,2025-08-24,Supplies,38.32,E0953,Paid
EXP-010920,E1043,Sales,2025-08-24,Client entertainment,903.49,E1099,Paid
EXP-000144,E0031,Finance,2025-08-25,Accommodation,39.35,E0201,Paid
EXP-000403,E0076,Finance,2025-08-25,Training,168.35,E0208,Paid
EXP-000477,E0089,Finance,2025-08-25,Training,272.28,E0198,Paid
EXP-002103,E0385,IT,2025-08-25,Training,76.13,E0379,Paid
EXP-002287,E0418,IT,2025-08-25,Meals,578.01,E0379,Paid
EXP-002308,E0423,IT,2025-08-25,Travel,40.39,E0379,Paid
EXP-002598,E0477,Operations,2025-08-25,Training,125.21,E0906,Paid
EXP-003094,E0518,Operations,2025-08-25,Accommodation,207.05,E0902,Paid
EXP-003429,E0544,Operations,2025-08-25,Client entertainment,127.29,E0901,Paid
EXP-003565,E0555,Operations,2025-08-25,Accommodation,119.92,E0934,Paid
EXP-003776,E0571,Operations,2025-08-25,Accommodation,58.87,E0906,Paid
EXP-004548,E0639,Operations,2025-08-25,Travel,28.04,E0921,Paid
EXP-005886,E0757,Operations,2025-08-25,Travel,136.17,E0898,Paid
EXP-005909,E0759,Operations,2025-08-25,Travel,159.98,E0904,Paid
EXP-007563,E0892,Operations,2025-08-25,Training,49.13,E0899,Paid
EXP-007671,E0903,Operations,2025-08-25,Travel,150.63,E0931,Paid
EXP-008211,E0943,Sales,2025-08-25,Supplies,151.76,E0972,Paid
EXP-008380,E0957,Sales,2025-08-25,Travel,232.17,E1032,Paid
EXP-008575,E0971,Sales,2025-08-25,Travel,47.82,E1063,Paid
EXP-008847,E0993,Sales,2025-08-25,Meals,70.49,E1048,Paid
EXP-009621,E1058,Sales,2025-08-25,Accommodation,166.49,E1060,Paid
EXP-010235,E1105,Sales,2025-08-25,Meals,328.17,E0953,Paid
EXP-010357,E1121,Facilities,2025-08-25,Accommodation,133.49,E0001,Paid
EXP-010436,E1140,Facilities,2025-08-25,Supplies,231.45,E1121,Paid
EXP-010709,E1188,Facilities,2025-08-25,Supplies,46.19,E1121,Paid
EXP-010712,E1188,Facilities,2025-08-25,Supplies,186.52,E1121,Paid
EXP-010902,E1043,Sales,2025-08-25,Client entertainment,911.39,E1099,Paid
EXP-000237,E0044,Finance,2025-08-26,Training,14.29,E0194,Paid
EXP-000327,E0062,Finance,2025-08-26,Meals,50.09,E0202,Paid
EXP-000636,E0116,Finance,2025-08-26,Training,316.59,E0209,Paid
EXP-000670,E0121,Finance,2025-08-26,Client entertainment,59.31,E0200,Paid
EXP-000864,E0163,Finance,2025-08-26,Client entertainment,42.83,E0192,Paid
EXP-001463,E0271,Procurement,2025-08-26,Training,86.27,E0267,Paid
EXP-001654,E0305,Human Resources,2025-08-26,Training,20.88,E0348,Paid
EXP-002189,E0402,IT,2025-08-26,Meals,94.51,E0379,Paid
EXP-003362,E0539,Operations,2025-08-26,Training,40.4,E0912,Paid
EXP-003424,E0544,Operations,2025-08-26,Meals,12.87,E0901,Paid
EXP-003508,E0549,Operations,2025-08-26,Training,49.85,E0923,Paid
EXP-003571,E0555,Operations,2025-08-26,Client entertainment,63.74,E0934,Paid
EXP-003890,E0581,Operations,2025-08-26,Client entertainment,262.73,E0915,Paid
EXP-004158,E0609,Operations,2025-08-26,Supplies,40.7,E0913,Paid
EXP-005264,E0699,Operations,2025-08-26,Training,214.28,E0931,Paid
EXP-005831,E0753,Operations,2025-08-26,Client entertainment,88.12,E0932,Paid
EXP-005864,E0755,Operations,2025-08-26,Travel,283.85,E0901,Paid
EXP-006140,E0777,Operations,2025-08-26,Training,122.63,E0907,Paid
EXP-006173,E0781,Operations,2025-08-26,Client entertainment,119.01,E0936,Paid
EXP-006371,E0797,Operations,2025-08-26,Meals,35.94,E0909,Paid
EXP-006772,E0829,Operations,2025-08-26,Accommodation,203.47,E0924,Paid
EXP-006860,E0834,Operations,2025-08-26,Travel,51.22,E0933,Paid
EXP-006889,E0838,Operations,2025-08-26,Supplies,51.68,E0921,Paid
EXP-006908,E0839,Operations,2025-08-26,Client entertainment,92.13,E0933,Paid
EXP-007048,E0851,Operations,2025-08-26,Client entertainment,13.92,E0932,Paid
EXP-007051,E0851,Operations,2025-08-26,Accommodation,931.1,E0932,Paid
EXP-007460,E0885,Operations,2025-08-26,Client entertainment,34.07,E0914,Paid
EXP-008368,E0956,Sales,2025-08-26,Meals,211.76,E1104,Paid
EXP-008488,E0964,Sales,2025-08-26,Travel,28.06,E1105,Paid
EXP-009003,E1006,Sales,2025-08-26,Training,189.59,E0948,Paid
EXP-009334,E1034,Sales,2025-08-26,Travel,105.22,E0973,Paid
EXP-009439,E1042,Sales,2025-08-26,Supplies,55.32,E0965,Paid
EXP-009448,E1043,Sales,2025-08-26,Meals,101.41,E1099,Paid
EXP-009732,E1065,Sales,2025-08-26,Accommodation,90.21,E1029,Paid
EXP-010082,E1095,Sales,2025-08-26,Travel,343.47,E0966,Paid
EXP-010698,E1187,Facilities,2025-08-26,Travel,86.95,E1121,Paid
EXP-000201,E0039,Finance,2025-08-27,Travel,36.38,E0190,Paid
EXP-000546,E0101,Finance,2025-08-27,Training,133.41,E0208,Paid
EXP-001553,E0285,Procurement,2025-08-27,Client entertainment,16.4,E0277,Paid
EXP-001617,E0297,Human Resources,2025-08-27,Travel,79.72,E0372,Paid
EXP-002338,E0428,IT,2025-08-27,Supplies,160.88,E0379,Paid
EXP-002697,E0485,Operations,2025-08-27,Client entertainment,135.93,E0903,Paid
EXP-003442,E0545,Operations,2025-08-27,Accommodation,87.06,E0931,Paid
EXP-003585,E0556,Operations,2025-08-27,Accommodation,202.85,E0909,Paid
EXP-003744,E0567,Operations,2025-08-27,Accommodation,29.9,E0905,Paid
EXP-006048,E0770,Operations,2025-08-27,Client entertainment,16.73,E0912,Paid
EXP-007340,E0877,Operations,2025-08-27,Client entertainment,118.84,E0909,Paid
EXP-007655,E0902,Operations,2025-08-27,Supplies,195.95,E0001,Paid
EXP-007822,E0913,Operations,2025-08-27,Travel,66.17,E0927,Paid
EXP-008103,E0934,Operations,2025-08-27,Accommodation,120.8,E0916,Paid
EXP-008214,E0943,Sales,2025-08-27,Client entertainment,55.69,E0972,Paid
EXP-008347,E0955,Sales,2025-08-27,Meals,80.24,E1069,Paid
EXP-008683,E0980,Sales,2025-08-27,Meals,63.76,E1093,Paid
EXP-008755,E0985,Sales,2025-08-27,Client entertainment,108.22,E0977,Paid
EXP-009031,E1008,Sales,2025-08-27,Supplies,93.2,E0986,Paid
EXP-009779,E1070,Sales,2025-08-27,Meals,388.3,E1009,Paid
EXP-010166,E1101,Sales,2025-08-27,Accommodation,37.26,E1039,Paid
EXP-010768,E1198,Facilities,2025-08-27,Client entertainment,514.27,E1121,Paid
EXP-000733,E0135,Finance,2025-08-28,Meals,51.76,E0196,Paid
EXP-000743,E0137,Finance,2025-08-28,Supplies,136.3,E0205,Paid
EXP-001114,E0201,Finance,2025-08-28,Supplies,134.18,E0203,Paid
EXP-001143,E0212,Procurement,2025-08-28,Meals,87.26,E0269,Paid
EXP-001709,E0315,Human Resources,2025-08-28,Training,61.25,E0343,Paid
EXP-002082,E0381,IT,2025-08-28,Accommodation,32.08,E0379,Paid
EXP-002502,E0459,IT,2025-08-28,Training,71.01,E0379,Paid
EXP-002728,E0487,Operations,2025-08-28,Training,320.72,E0937,Paid
EXP-003368,E0539,Operations,2025-08-28,Accommodation,87.15,E0912,Paid
EXP-003422,E0543,Operations,2025-08-28,Supplies,86.78,E0914,Paid
EXP-003732,E0567,Operations,2025-08-28,Meals,149.8,E0905,Paid
EXP-003780,E0571,Operations,2025-08-28,Accommodation,265.78,E0906,Paid
EXP-004164,E0610,Operations,2025-08-28,Training,57.13,E0907,Paid
EXP-004556,E0639,Operations,2025-08-28,Accommodation,40.65,E0921,Paid
EXP-004591,E0641,Operations,2025-08-28,Training,82.34,E0912,Paid
EXP-004615,E0643,Operations,2025-08-28,Training,160.48,E0921,Paid
EXP-004695,E0650,Operations,2025-08-28,Travel,42.75,E0925,Paid
EXP-004972,E0675,Operations,2025-08-28,Travel,36.6,E0938,Paid
EXP-005191,E0694,Operations,2025-08-28,Supplies,156.23,E0932,Paid
EXP-005214,E0696,Operations,2025-08-28,Accommodation,109.79,E0925,Paid
EXP-005418,E0717,Operations,2025-08-28,Meals,64.4,E0917,Paid
EXP-005603,E0732,Operations,2025-08-28,Travel,65.63,E0923,Paid
EXP-006013,E0767,Operations,2025-08-28,Travel,56.78,E0920,Paid
EXP-007603,E0897,Operations,2025-08-28,Training,119.51,E0935,Paid
EXP-007748,E0908,Operations,2025-08-28,Client entertainment,225.25,E0914,Paid
EXP-008060,E0930,Operations,2025-08-28,Supplies,31.13,E0899,Paid
EXP-008193,E0942,Sales,2025-08-28,Client entertainment,133.36,E1075,Paid
EXP-008204,E0943,Sales,2025-08-28,Accommodation,500.47,E0972,Paid
EXP-008420,E0960,Sales,2025-08-28,Supplies,556.36,E1093,Paid
EXP-008718,E0982,Sales,2025-08-28,Training,63.3,E0956,Paid
EXP-008775,E0987,Sales,2025-08-28,Client entertainment,174.51,E1001,Paid
EXP-009070,E1011,Sales,2025-08-28,Client entertainment,220.66,E1102,Paid
EXP-009169,E1021,Sales,2025-08-28,Meals,140.75,E1010,Paid
EXP-009286,E1031,Sales,2025-08-28,Travel,54.18,E0961,Paid
EXP-009820,E1074,Sales,2025-08-28,Client entertainment,160.86,E1064,Paid
EXP-010323,E1116,Legal,2025-08-28,Training,52.65,E1110,Paid
EXP-010474,E1148,Facilities,2025-08-28,Travel,48.56,E1121,Paid
EXP-010490,E1152,Facilities,2025-08-28,Travel,43.51,E1121,Paid
EXP-010590,E1169,Facilities,2025-08-28,Client entertainment,139.22,E1121,Paid
EXP-010637,E1175,Facilities,2025-08-28,Accommodation,319.04,E1121,Paid
EXP-010860,E1033,Sales,2025-08-28,Client entertainment,941.12,E1044,Paid
EXP-010898,E1043,Sales,2025-08-28,Client entertainment,969.45,E1099,Paid
EXP-000103,E0022,Finance,2025-08-29,Client entertainment,648.81,E0197,Paid
EXP-000208,E0040,Finance,2025-08-29,Training,95.82,E0200,Paid
EXP-001583,E0289,Procurement,2025-08-29,Meals,427.3,E0277,Paid
EXP-001619,E0297,Human Resources,2025-08-29,Meals,54.49,E0372,Paid
EXP-002844,E0496,Operations,2025-08-29,Travel,67.52,E0899,Paid
EXP-003209,E0526,Operations,2025-08-29,Travel,744.75,E0914,Paid
EXP-003865,E0579,Operations,2025-08-29,Meals,25.41,E0926,Paid
EXP-004102,E0599,Operations,2025-08-29,Meals,40.8,E0909,Paid
EXP-004727,E0653,Operations,2025-08-29,Supplies,44.36,E0936,Paid
EXP-004788,E0660,Operations,2025-08-29,Travel,97.31,E0930,Paid
EXP-005162,E0691,Operations,2025-08-29,Meals,11.73,E0930,Paid
EXP-005175,E0692,Operations,2025-08-29,Meals,139.84,E0930,Paid
EXP-005379,E0712,Operations,2025-08-29,Client entertainment,59.88,E0925,Paid
EXP-005438,E0718,Operations,2025-08-29,Client entertainment,74.15,E0913,Paid
EXP-006800,E0832,Operations,2025-08-29,Travel,49.26,E0904,Paid
EXP-007751,E0909,Operations,2025-08-29,Supplies,29.94,E0922,Paid
EXP-007828,E0913,Operations,2025-08-29,Client entertainment,148.68,E0927,Paid
EXP-008522,E0968,Sales,2025-08-29,Client entertainment,419.74,E1017,Paid
EXP-009078,E1011,Sales,2025-08-29,Training,267.41,E1102,Paid
EXP-009094,E1015,Sales,2025-08-29,Meals,250.73,E1034,Paid
EXP-009199,E1023,Sales,2025-08-29,Supplies,462.42,E1042,Paid
EXP-010444,E1142,Facilities,2025-08-29,Client entertainment,101.19,E1121,Paid
EXP-010632,E1175,Facilities,2025-08-29,Training,149.47,E1121,Paid
EXP-010676,E1182,Facilities,2025-08-29,Travel,114.48,E1121,Paid
EXP-010959,E0641,Operations,2025-08-29,Supplies,150.0,E0912,Paid
EXP-000187,E0036,Finance,2025-08-30,Client entertainment,245.06,E0199,Paid
EXP-000959,E0177,Finance,2025-08-30,Client entertainment,24.43,E0197,Paid
EXP-000978,E0180,Finance,2025-08-30,Meals,178.61,E0208,Paid
EXP-001750,E0322,Human Resources,2025-08-30,Supplies,146.44,E0347,Paid
EXP-002214,E0406,IT,2025-08-30,Travel,63.36,E0379,Paid
EXP-003118,E0519,Operations,2025-08-30,Accommodation,56.67,E0908,Paid
EXP-003144,E0521,Operations,2025-08-30,Training,176.82,E0917,Paid
EXP-003197,E0525,Operations,2025-08-30,Client entertainment,82.46,E0908,Paid
EXP-003367,E0539,Operations,2025-08-30,Accommodation,25.54,E0912,Paid
EXP-003584,E0556,Operations,2025-08-30,Meals,80.77,E0909,Paid
EXP-003614,E0558,Operations,2025-08-30,Travel,130.46,E0906,Paid
EXP-003811,E0574,Operations,2025-08-30,Client entertainment,424.94,E0927,Paid
EXP-004004,E0591,Operations,2025-08-30,Supplies,483.12,E0908,Paid
EXP-004265,E0616,Operations,2025-08-30,Training,79.19,E0926,Paid
EXP-004390,E0625,Operations,2025-08-30,Meals,72.12,E0926,Paid
EXP-004638,E0646,Operations,2025-08-30,Accommodation,81.34,E0923,Paid
EXP-005493,E0722,Operations,2025-08-30,Accommodation,37.09,E0936,Paid
EXP-005580,E0729,Operations,2025-08-30,Training,18.54,E0906,Paid
EXP-006904,E0839,Operations,2025-08-30,Client entertainment,54.42,E0933,Paid
EXP-006920,E0840,Operations,2025-08-30,Meals,150.82,E0907,Paid
EXP-007564,E0892,Operations,2025-08-30,Travel,98.24,E0899,Paid
EXP-007672,E0903,Operations,2025-08-30,Client entertainment,145.2,E0931,Paid
EXP-008585,E0972,Sales,2025-08-30,Accommodation,36.73,E1087,Paid
EXP-009462,E1044,Sales,2025-08-30,Travel,363.66,E1072,Paid
EXP-009785,E1071,Sales,2025-08-30,Meals,136.03,E0953,Paid
EXP-009877,E1078,Sales,2025-08-30,Supplies,47.01,E1102,Paid
EXP-010076,E1094,Sales,2025-08-30,Client entertainment,140.37,E0945,Paid
EXP-000020,E0006,Finance,2025-08-31,Meals,25.79,E0207,Paid
EXP-000335,E0063,Finance,2025-08-31,Travel,16.51,E0199,Paid
EXP-000561,E0104,Finance,2025-08-31,Supplies,87.36,E0190,Paid
EXP-001254,E0235,Procurement,2025-08-31,Client entertainment,57.87,E0274,Paid
EXP-001547,E0285,Procurement,2025-08-31,Meals,179.03,E0277,Paid
EXP-001793,E0328,Human Resources,2025-08-31,Accommodation,177.22,E0346,Paid
EXP-001838,E0337,Human Resources,2025-08-31,Accommodation,161.7,E0340,Paid
EXP-001940,E0356,Human Resources,2025-08-31,Meals,68.84,E0341,Paid
EXP-002249,E0411,IT,2025-08-31,Client entertainment,90.92,E0379,Paid
EXP-002822,E0495,Operations,2025-08-31,Client entertainment,63.8,E0900,Paid
EXP-002904,E0500,Operations,2025-08-31,Accommodation,53.29,E0919,Paid
EXP-002980,E0506,Operations,2025-08-31,Training,226.65,E0899,Paid
EXP-003407,E0543,Operations,2025-08-31,Client entertainment,12.52,E0914,Paid
EXP-004363,E0623,Operations,2025-08-31,Supplies,171.23,E0909,Paid
EXP-004376,E0624,Operations,2025-08-31,Client entertainment,17.36,E0913,Paid
EXP-004413,E0627,Operations,2025-08-31,Training,93.84,E0918,Paid
EXP-004439,E0628,Operations,2025-08-31,Travel,44.08,E0912,Paid
EXP-004765,E0657,Operations,2025-08-31,Supplies,59.9,E0905,Paid
EXP-004812,E0661,Operations,2025-08-31,Client entertainment,88.65,E0916,Paid
EXP-005003,E0679,Operations,2025-08-31,Accommodation,251.89,E0914,Paid
EXP-006301,E0791,Operations,2025-08-31,Travel,137.25,E0910,Paid
EXP-006597,E0814,Operations,2025-08-31,Supplies,34.99,E0920,Paid
EXP-008561,E0970,Sales,2025-08-31,Training,802.8,E1021,Paid
EXP-008818,E0991,Sales,2025-08-31,Training,64.83,E0958,Paid
EXP-009028,E1008,Sales,2025-08-31,Accommodation,13.47,E0986,Paid
EXP-009676,E1062,Sales,2025-08-31,Supplies,197.63,E0998,Paid
EXP-009734,E1066,Sales,2025-08-31,Travel,34.82,E1052,Paid
EXP-000053,E0014,Finance,2025-09-01,Training,216.62,E0199,Paid
EXP-000061,E0015,Finance,2025-09-01,Client entertainment,165.93,E0192,Paid
EXP-000138,E0030,Finance,2025-09-01,Accommodation,27.74,E0210,Paid
EXP-000340,E0063,Finance,2025-09-01,Client entertainment,71.7,E0199,Paid
EXP-001220,E0226,Procurement,2025-09-01,Client entertainment,353.76,E0268,Paid
EXP-001913,E0352,Human Resources,2025-09-01,Training,51.52,E0346,Paid
EXP-002029,E0372,Human Resources,2025-09-01,Accommodation,94.64,E0374,Paid
EXP-002311,E0423,IT,2025-09-01,Accommodation,112.76,E0379,Paid
EXP-002333,E0427,IT,2025-09-01,Meals,223.93,E0379,Paid
EXP-003099,E0518,Operations,2025-09-01,Meals,61.15,E0902,Paid
EXP-003150,E0521,Operations,2025-09-01,Meals,52.08,E0917,Paid
EXP-004415,E0627,Operations,2025-09-01,Client entertainment,140.96,E0918,Paid
EXP-004447,E0629,Operations,2025-09-01,Supplies,120.03,E0935,Paid
EXP-004607,E0643,Operations,2025-09-01,Training,29.08,E0921,Paid
EXP-004962,E0675,Operations,2025-09-01,Supplies,42.55,E0938,Paid
EXP-005082,E0685,Operations,2025-09-01,Training,334.17,E0907,Paid
EXP-005375,E0712,Operations,2025-09-01,Client entertainment,53.94,E0925,Paid
EXP-005427,E0718,Operations,2025-09-01,Meals,274.62,E0913,Paid
EXP-005596,E0730,Operations,2025-09-01,Travel,118.0,E0900,Paid
EXP-005960,E0763,Operations,2025-09-01,Travel,88.7,E0914,Paid
EXP-006255,E0787,Operations,2025-09-01,Accommodation,35.17,E0915,Paid
EXP-006257,E0787,Operations,2025-09-01,Meals,81.52,E0915,Paid
EXP-006313,E0792,Operations,2025-09-01,Supplies,299.77,E0916,Paid
EXP-006767,E0829,Operations,2025-09-01,Supplies,45.31,E0924,Paid
EXP-006773,E0829,Operations,2025-09-01,Client entertainment,112.01,E0924,Paid
EXP-006850,E0834,Operations,2025-09-01,Travel,73.67,E0933,Paid
EXP-006902,E0839,Operations,2025-09-01,Supplies,85.92,E0933,Paid
EXP-007330,E0876,Operations,2025-09-01,Supplies,122.56,E0911,Paid
EXP-007670,E0903,Operations,2025-09-01,Client entertainment,83.95,E0931,Paid
EXP-007944,E0923,Operations,2025-09-01,Travel,26.77,E0914,Paid
EXP-008148,E0939,Sales,2025-09-01,Supplies,27.87,E1055,Paid
EXP-008686,E0981,Sales,2025-09-01,Travel,27.24,E0992,Paid
EXP-008765,E0986,Sales,2025-09-01,Supplies,118.5,E1055,Paid
EXP-008861,E0993,Sales,2025-09-01,Training,136.68,E1048,Paid
EXP-009650,E1060,Sales,2025-09-01,Travel,49.32,E1069,Paid
EXP-009818,E1074,Sales,2025-09-01,Meals,189.53,E1064,Paid
EXP-010175,E1101,Sales,2025-09-01,Travel,16.78,E1039,Paid
EXP-010578,E1166,Facilities,2025-09-01,Accommodation,65.21,E1121,Paid
EXP-000107,E0024,Finance,2025-09-02,Travel,67.22,E0201,Paid
EXP-000549,E0102,Finance,2025-09-02,Accommodation,284.22,E0198,Paid
EXP-000560,E0104,Finance,2025-09-02,Travel,38.42,E0190,Paid
EXP-000776,E0141,Finance,2025-09-02,Travel,1010.94,E0192,Paid
EXP-001231,E0229,Procurement,2025-09-02,Training,113.06,E0272,Paid
EXP-001451,E0269,Procurement,2025-09-02,Client entertainment,109.3,E0278,Paid
EXP-002301,E0422,IT,2025-09-02,Training,21.45,E0379,Paid
EXP-002579,E0475,IT,2025-09-02,Client entertainment,25.53,E0379,Paid
EXP-002626,E0480,Operations,2025-09-02,Supplies,80.75,E0903,Paid
EXP-002828,E0495,Operations,2025-09-02,Client entertainment,698.46,E0900,Paid
EXP-003550,E0554,Operations,2025-09-02,Meals,61.18,E0918,Paid
EXP-003554,E0554,Operations,2025-09-02,Travel,162.79,E0918,Paid
EXP-003705,E0565,Operations,2025-09-02,Meals,52.43,E0917,Paid
EXP-004039,E0594,Operations,2025-09-02,Travel,165.33,E0908,Paid
EXP-004264,E0616,Operations,2025-09-02,Travel,9.38,E0926,Paid
EXP-004798,E0660,Operations,2025-09-02,Accommodation,147.71,E0930,Paid
EXP-004949,E0674,Operations,2025-09-02,Client entertainment,147.99,E0928,Paid
EXP-005098,E0686,Operations,2025-09-02,Accommodation,537.32,E0909,Paid
EXP-005274,E0700,Operations,2025-09-02,Accommodation,254.54,E0902,Paid
EXP-005471,E0721,Operations,2025-09-02,Client entertainment,294.04,E0914,Paid
EXP-005655,E0736,Operations,2025-09-02,Supplies,106.33,E0902,Paid
EXP-005703,E0739,Operations,2025-09-02,Meals,34.52,E0930,Paid
EXP-005778,E0748,Operations,2025-09-02,Supplies,350.9,E0926,Paid
EXP-005959,E0763,Operations,2025-09-02,Client entertainment,85.25,E0914,Paid
EXP-006038,E0769,Operations,2025-09-02,Client entertainment,27.19,E0928,Paid
EXP-006169,E0779,Operations,2025-09-02,Meals,161.16,E0916,Paid
EXP-006698,E0824,Operations,2025-09-02,Meals,121.52,E0930,Paid
EXP-007744,E0908,Operations,2025-09-02,Supplies,38.09,E0914,Paid
EXP-008077,E0932,Operations,2025-09-02,Client entertainment,58.43,E0930,Paid
EXP-008334,E0954,Sales,2025-09-02,Training,61.93,E1085,Paid
EXP-009077,E1011,Sales,2025-09-02,Training,144.63,E1102,Paid
EXP-010110,E1097,Sales,2025-09-02,Travel,74.79,E1030,Paid
EXP-010561,E1164,Facilities,2025-09-02,Client entertainment,76.21,E1121,Paid
EXP-010631,E1175,Facilities,2025-09-02,Training,86.36,E1121,Paid
EXP-000494,E0091,Finance,2025-09-03,Travel,498.97,E0193,Paid
EXP-001125,E0205,Finance,2025-09-03,Travel,175.65,E0197,Paid
EXP-001420,E0263,Procurement,2025-09-03,Meals,1038.9,E0275,Paid
EXP-001469,E0272,Procurement,2025-09-03,Training,24.51,E0280,Paid
EXP-001563,E0286,Procurement,2025-09-03,Accommodation,39.82,E0279,Paid
EXP-001921,E0353,Human Resources,2025-09-03,Travel,84.49,E0339,Paid
EXP-002415,E0444,IT,2025-09-03,Training,114.46,E0379,Paid
EXP-002489,E0458,IT,2025-09-03,Training,258.43,E0379,Paid
EXP-002803,E0494,Operations,2025-09-03,Accommodation,273.5,E0929,Paid
EXP-003168,E0523,Operations,2025-09-03,Meals,104.02,E0920,Paid
EXP-004271,E0616,Operations,2025-09-03,Training,45.18,E0926,Paid
EXP-004306,E0619,Operations,2025-09-03,Training,18.95,E0910,Paid
EXP-004805,E0661,Operations,2025-09-03,Supplies,212.39,E0916,Paid
EXP-005227,E0697,Operations,2025-09-03,Accommodation,24.54,E0934,Paid
EXP-005337,E0706,Operations,2025-09-03,Meals,149.49,E0918,Paid
EXP-005590,E0730,Operations,2025-09-03,Meals,134.36,E0900,Paid
EXP-005660,E0736,Operations,2025-09-03,Meals,30.24,E0902,Paid
EXP-006096,E0773,Operations,2025-09-03,Accommodation,26.7,E0936,Paid
EXP-006400,E0798,Operations,2025-09-03,Travel,42.31,E0932,Paid
EXP-006629,E0817,Operations,2025-09-03,Travel,196.29,E0908,Paid
EXP-006827,E0833,Operations,2025-09-03,Training,53.98,E0925,Paid
EXP-007110,E0856,Operations,2025-09-03,Travel,93.23,E0916,Paid
EXP-007692,E0904,Operations,2025-09-03,Client entertainment,33.77,E0915,Paid
EXP-007914,E0921,Operations,2025-09-03,Training,273.16,E0916,Paid
EXP-008445,E0961,Sales,2025-09-03,Supplies,276.9,E1097,Paid
EXP-008539,E0969,Sales,2025-09-03,Training,132.88,E1033,Paid
EXP-009004,E1006,Sales,2025-09-03,Supplies,59.85,E0948,Paid
EXP-010157,E1100,Sales,2025-09-03,Meals,36.73,E1058,Paid
EXP-010348,E1119,Legal,2025-09-03,Travel,78.09,E1117,Paid
EXP-010801,E1203,Facilities,2025-09-03,Training,93.48,E1121,Paid
EXP-000043,E0010,Finance,2025-09-04,Travel,44.7,E0204,Paid
EXP-000278,E0051,Finance,2025-09-04,Supplies,50.23,E0193,Paid
EXP-001059,E0192,Finance,2025-09-04,Client entertainment,133.91,E0205,Paid
EXP-001214,E0226,Procurement,2025-09-04,Accommodation,305.83,E0268,Paid
EXP-001863,E0340,Human Resources,2025-09-04,Accommodation,113.92,E0337,Paid
EXP-001958,E0360,Human Resources,2025-09-04,Supplies,90.25,E0348,Paid
EXP-002004,E0368,Human Resources,2025-09-04,Meals,77.3,E0346,Paid
EXP-002614,E0479,Operations,2025-09-04,Travel,23.21,E0925,Paid
EXP-002755,E0489,Operations,2025-09-04,Supplies,261.33,E0930,Paid
EXP-003011,E0510,Operations,2025-09-04,Travel,112.57,E0920,Paid
EXP-003148,E0521,Operations,2025-09-04,Supplies,133.01,E0917,Paid
EXP-003529,E0552,Operations,2025-09-04,Client entertainment,189.6,E0911,Paid
EXP-003687,E0563,Operations,2025-09-04,Accommodation,151.34,E0916,Paid
EXP-003764,E0569,Operations,2025-09-04,Accommodation,124.21,E0914,Paid
EXP-004200,E0612,Operations,2025-09-04,Client entertainment,72.57,E0922,Paid
EXP-004734,E0654,Operations,2025-09-04,Travel,19.69,E0930,Paid
EXP-005280,E0700,Operations,2025-09-04,Supplies,121.13,E0902,Paid
EXP-005314,E0704,Operations,2025-09-04,Travel,29.52,E0924,Paid
EXP-005414,E0717,Operations,2025-09-04,Client entertainment,154.59,E0917,Paid
EXP-005645,E0735,Operations,2025-09-04,Training,93.35,E0915,Paid
EXP-005862,E0754,Operations,2025-09-04,Accommodation,214.9,E0924,Paid
EXP-005978,E0765,Operations,2025-09-04,Client entertainment,979.48,E0912,Paid
EXP-006207,E0784,Operations,2025-09-04,Supplies,77.52,E0916,Paid
EXP-007059,E0851,Operations,2025-09-04,Supplies,74.6,E0932,Paid
EXP-007183,E0861,Operations,2025-09-04,Travel,74.9,E0908,Paid
EXP-007455,E0885,Operations,2025-09-04,Travel,492.95,E0914,Paid
EXP-007646,E0901,Operations,2025-09-04,Supplies,121.59,E0934,Paid
EXP-007859,E0916,Operations,2025-09-04,Training,157.23,E0001,Paid
EXP-008439,E0961,Sales,2025-09-04,Accommodation,24.35,E1097,Paid
EXP-009513,E1048,Sales,2025-09-04,Training,126.48,E1026,Paid
EXP-009555,E1053,Sales,2025-09-04,Supplies,206.46,E0987,Paid
EXP-010511,E1154,Facilities,2025-09-04,Travel,233.47,E1121,Paid
EXP-010683,E1183,Facilities,2025-09-04,Accommodation,93.57,E1121,Paid
EXP-010751,E1195,Facilities,2025-09-04,Training,52.58,E1121,Paid
EXP-000274,E0050,Finance,2025-09-05,Meals,246.27,E0190,Paid
EXP-000366,E0068,Finance,2025-09-05,Client entertainment,38.13,E0201,Paid
EXP-000637,E0116,Finance,2025-09-05,Travel,70.65,E0209,Paid
EXP-000933,E0174,Finance,2025-09-05,Training,101.85,E0201,Paid
EXP-001421,E0263,Procurement,2025-09-05,Training,98.86,E0275,Paid
EXP-001999,E0367,Human Resources,2025-09-05,Meals,52.09,E0343,Paid
EXP-002642,E0481,Operations,2025-09-05,Supplies,162.94,E0927,Paid
EXP-002740,E0488,Operations,2025-09-05,Training,33.64,E0901,Paid
EXP-003050,E0513,Operations,2025-09-05,Travel,63.17,E0918,Paid
EXP-003396,E0542,Operations,2025-09-05,Client entertainment,24.98,E0898,Paid
EXP-004349,E0623,Operations,2025-09-05,Accommodation,263.31,E0909,Paid
EXP-005097,E0686,Operations,2025-09-05,Meals,80.77,E0909,Paid
EXP-005244,E0698,Operations,2025-09-05,Client entertainment,88.73,E0910,Paid
EXP-005813,E0750,Operations,2025-09-05,Client entertainment,177.79,E0910,Paid
EXP-006185,E0783,Operations,2025-09-05,Client entertainment,36.9,E0918,Paid
EXP-006842,E0834,Operations,2025-09-05,Travel,38.2,E0933,Paid
EXP-006877,E0837,Operations,2025-09-05,Meals,85.4,E0936,Paid
EXP-007733,E0907,Operations,2025-09-05,Training,276.7,E0938,Paid
EXP-008330,E0953,Sales,2025-09-05,Accommodation,85.2,E0987,Paid
EXP-008401,E0958,Sales,2025-09-05,Training,33.05,E1057,Paid
EXP-008436,E0961,Sales,2025-09-05,Client entertainment,54.67,E1097,Paid
EXP-008499,E0966,Sales,2025-09-05,Training,257.24,E1012,Paid
EXP-008563,E0970,Sales,2025-09-05,Accommodation,30.43,E1021,Paid
EXP-008753,E0985,Sales,2025-09-05,Meals,125.4,E0977,Paid
EXP-009345,E1035,Sales,2025-09-05,Supplies,46.34,E0967,Paid
EXP-009925,E1081,Sales,2025-09-05,Travel,477.75,E1047,Paid
EXP-010349,E1120,Legal,2025-09-05,Training,86.96,E1111,Paid
EXP-010664,E1179,Facilities,2025-09-05,Accommodation,48.45,E1121,Paid
EXP-010703,E1187,Facilities,2025-09-05,Accommodation,55.26,E1121,Paid
EXP-010895,E1043,Sales,2025-09-05,Client entertainment,974.55,E1099,Paid
EXP-000285,E0052,Finance,2025-09-06,Travel,280.82,E0190,Paid
EXP-000466,E0086,Finance,2025-09-06,Training,47.51,E0199,Paid
EXP-000526,E0096,Finance,2025-09-06,Meals,293.58,E0190,Paid
EXP-001557,E0285,Procurement,2025-09-06,Meals,28.12,E0277,Paid
EXP-001816,E0333,Human Resources,2025-09-06,Accommodation,22.9,E0349,Paid
EXP-002153,E0394,IT,2025-09-06,Accommodation,268.04,E0379,Paid
EXP-002355,E0432,IT,2025-09-06,Client entertainment,24.72,E0379,Paid
EXP-003203,E0526,Operations,2025-09-06,Meals,77.54,E0914,Paid
EXP-003229,E0527,Operations,2025-09-06,Travel,99.22,E0916,Paid
EXP-003300,E0535,Operations,2025-09-06,Client entertainment,105.08,E0897,Paid
EXP-003544,E0553,Operations,2025-09-06,Supplies,68.18,E0919,Paid
EXP-003995,E0590,Operations,2025-09-06,Training,21.99,E0926,Paid
EXP-004750,E0656,Operations,2025-09-06,Client entertainment,138.58,E0920,Paid
EXP-004778,E0659,Operations,2025-09-06,Training,93.79,E0928,Paid
EXP-005644,E0735,Operations,2025-09-06,Client entertainment,63.12,E0915,Paid
EXP-006736,E0827,Operations,2025-09-06,Meals,174.43,E0915,Paid
EXP-006806,E0832,Operations,2025-09-06,Training,103.96,E0904,Paid
EXP-006972,E0844,Operations,2025-09-06,Supplies,20.57,E0914,Paid
EXP-007022,E0849,Operations,2025-09-06,Meals,103.75,E0932,Paid
EXP-007643,E0900,Operations,2025-09-06,Supplies,163.01,E0935,Paid
EXP-007844,E0915,Operations,2025-09-06,Training,384.17,E0911,Paid
EXP-009033,E1009,Sales,2025-09-06,Meals,241.95,E1040,Paid
EXP-009107,E1016,Sales,2025-09-06,Training,33.33,E1070,Paid
EXP-010354,E1121,Facilities,2025-09-06,Client entertainment,76.41,E0001,Paid
EXP-010913,E1043,Sales,2025-09-06,Client entertainment,964.26,E1099,Paid
EXP-000407,E0077,Finance,2025-09-07,Client entertainment,63.33,E0202,Paid
EXP-000566,E0105,Finance,2025-09-07,Client entertainment,28.66,E0199,Paid
EXP-000963,E0178,Finance,2025-09-07,Accommodation,43.89,E0194,Paid
EXP-001259,E0236,Procurement,2025-09-07,Client entertainment,72.28,E0275,Paid
EXP-001475,E0273,Procurement,2025-09-07,Client entertainment,30.5,E0278,Paid
EXP-001482,E0274,Procurement,2025-09-07,Meals,437.13,E0276,Paid
EXP-001798,E0330,Human Resources,2025-09-07,Travel,133.73,E0347,Paid
EXP-002199,E0403,IT,2025-09-07,Meals,39.09,E0379,Paid
EXP-002444,E0449,IT,2025-09-07,Training,306.32,E0379,Paid
EXP-002463,E0455,IT,2025-09-07,Client entertainment,30.54,E0379,Paid
EXP-002968,E0506,Operations,2025-09-07,Travel,27.29,E0899,Paid
EXP-004527,E0637,Operations,2025-09-07,Meals,63.61,E0933,Paid
EXP-004680,E0649,Operations,2025-09-07,Supplies,22.06,E0901,Paid
EXP-005328,E0705,Operations,2025-09-07,Supplies,235.24,E0936,Paid
EXP-005729,E0742,Operations,2025-09-07,Travel,57.5,E0938,Paid
EXP-005850,E0754,Operations,2025-09-07,Training,81.49,E0924,Paid
EXP-006118,E0775,Operations,2025-09-07,Accommodation,88.14,E0907,Paid
EXP-006163,E0779,Operations,2025-09-07,Accommodation,412.18,E0916,Paid
EXP-006407,E0799,Operations,2025-09-07,Travel,65.7,E0914,Paid
EXP-007286,E0872,Operations,2025-09-07,Travel,129.35,E0937,Paid
EXP-007355,E0878,Operations,2025-09-07,Accommodation,280.36,E0923,Paid
EXP-008787,E0988,Sales,2025-09-07,Travel,145.95,E1030,Paid
EXP-009485,E1045,Sales,2025-09-07,Training,42.7,E0986,Paid
EXP-010900,E1043,Sales,2025-09-07,Client entertainment,962.53,E1099,Paid
EXP-000252,E0046,Finance,2025-09-08,Supplies,46.7,E0210,Paid
EXP-000464,E0086,Finance,2025-09-08,Training,83.33,E0199,Paid
EXP-001235,E0230,Procurement,2025-09-08,Supplies,191.89,E0274,Paid
EXP-001506,E0278,Procurement,2025-09-08,Client entertainment,84.8,E0276,Paid
EXP-002228,E0407,IT,2025-09-08,Travel,31.14,E0379,Paid
EXP-002638,E0481,Operations,2025-09-08,Travel,19.56,E0927,Paid
EXP-003253,E0529,Operations,2025-09-08,Client entertainment,226.27,E0913,Paid
EXP-003563,E0555,Operations,2025-09-08,Training,24.85,E0934,Paid
EXP-003581,E0556,Operations,2025-09-08,Meals,178.59,E0909,Paid
EXP-003601,E0558,Operations,2025-09-08,Training,351.04,E0906,Paid
EXP-005009,E0679,Operations,2025-09-08,Meals,42.84,E0914,Paid
EXP-007430,E0883,Operations,2025-09-08,Travel,80.56,E0898,Paid
EXP-008164,E0940,Sales,2025-09-08,Client entertainment,96.22,E0955,Paid
EXP-008254,E0946,Sales,2025-09-08,Client entertainment,350.39,E0992,Paid
EXP-009612,E1057,Sales,2025-09-08,Accommodation,138.03,E0958,Paid
EXP-009716,E1064,Sales,2025-09-08,Travel,183.6,E1053,Paid
EXP-010185,E1102,Sales,2025-09-08,Training,141.79,E1067,Paid
EXP-010948,E0641,Operations,2025-09-08,Supplies,500.0,E0912,Paid
EXP-000795,E0145,Finance,2025-09-09,Accommodation,64.72,E0193,Paid
EXP-002585,E0476,IT,2025-09-09,Accommodation,64.48,E0379,Paid
EXP-002905,E0500,Operations,2025-09-09,Client entertainment,57.33,E0919,Paid
EXP-003839,E0577,Operations,2025-09-09,Supplies,166.32,E0933,Paid
EXP-004397,E0625,Operations,2025-09-09,Training,108.01,E0926,Paid
EXP-005068,E0683,Operations,2025-09-09,Client entertainment,23.06,E0910,Paid
EXP-005265,E0699,Operations,2025-09-09,Client entertainment,57.6,E0931,Paid
EXP-005331,E0705,Operations,2025-09-09,Meals,20.49,E0936,Paid
EXP-005514,E0724,Operations,2025-09-09,Travel,33.48,E0925,Paid
EXP-005997,E0766,Operations,2025-09-09,Supplies,36.94,E0900,Paid
EXP-006171,E0779,Operations,2025-09-09,Client entertainment,226.2,E0916,Paid
EXP-006263,E0788,Operations,2025-09-09,Client entertainment,91.16,E0925,Paid
EXP-006408,E0799,Operations,2025-09-09,Travel,64.97,E0914,Paid
EXP-007112,E0856,Operations,2025-09-09,Accommodation,20.47,E0916,Paid
EXP-007211,E0863,Operations,2025-09-09,Training,96.93,E0929,Paid
EXP-007427,E0883,Operations,2025-09-09,Supplies,41.01,E0898,Paid
EXP-007438,E0883,Operations,2025-09-09,Client entertainment,63.27,E0898,Paid
EXP-007549,E0891,Operations,2025-09-09,Meals,205.0,E0912,Paid
EXP-008106,E0934,Operations,2025-09-09,Meals,44.63,E0916,Paid
EXP-008446,E0962,Sales,2025-09-09,Training,52.12,E1028,Paid
EXP-008457,E0963,Sales,2025-09-09,Accommodation,143.44,E0952,Paid
EXP-010238,E1105,Sales,2025-09-09,Travel,1500.95,E0953,Paid
EXP-010469,E1147,Facilities,2025-09-09,Travel,48.5,E1121,Paid
EXP-010627,E1174,Facilities,2025-09-09,Client entertainment,58.34,E1121,Paid
EXP-010871,E1033,Sales,2025-09-09,Client entertainment,921.82,E1044,Paid
EXP-010933,E0476,IT,2025-09-09,Accommodation,64.48,E0379,Paid
EXP-000056,E0014,Finance,2025-09-10,Meals,42.12,E0199,Paid
EXP-000300,E0056,Finance,2025-09-10,Client entertainment,210.55,E0210,Paid
EXP-001989,E0366,Human Resources,2025-09-10,Training,56.97,E0372,Paid
EXP-002608,E0479,Operations,2025-09-10,Accommodation,255.88,E0925,Paid
EXP-002915,E0501,Operations,2025-09-10,Meals,183.71,E0903,Paid
EXP-003909,E0582,Operations,2025-09-10,Meals,11.64,E0898,Paid
EXP-004065,E0596,Operations,2025-09-10,Training,44.07,E0908,Paid
EXP-004442,E0628,Operations,2025-09-10,Supplies,21.11,E0912,Paid
EXP-004476,E0631,Operations,2025-09-10,Client entertainment,105.96,E0917,Paid
EXP-005393,E0715,Operations,2025-09-10,Meals,57.12,E0922,Paid
EXP-005425,E0718,Operations,2025-09-10,Accommodation,203.74,E0913,Paid
EXP-005839,E0753,Operations,2025-09-10,Accommodation,205.21,E0932,Paid
EXP-005936,E0761,Operations,2025-09-10,Supplies,124.88,E0907,Paid
EXP-006074,E0772,Operations,2025-09-10,Accommodation,178.09,E0910,Paid
EXP-006509,E0807,Operations,2025-09-10,Meals,39.28,E0907,Paid
EXP-006865,E0836,Operations,2025-09-10,Training,171.94,E0899,Paid
EXP-007067,E0852,Operations,2025-09-10,Training,310.31,E0914,Paid
EXP-007612,E0898,Operations,2025-09-10,Supplies,68.24,E0903,Paid
EXP-007874,E0917,Operations,2025-09-10,Accommodation,46.14,E0903,Paid
EXP-008285,E0948,Sales,2025-09-10,Travel,127.39,E0976,Paid
EXP-008349,E0955,Sales,2025-09-10,Meals,162.81,E1069,Paid
EXP-009727,E1065,Sales,2025-09-10,Training,40.73,E1029,Paid
EXP-009963,E1085,Sales,2025-09-10,Client entertainment,123.86,E0939,Paid
EXP-009969,E1085,Sales,2025-09-10,Meals,381.94,E0939,Paid
EXP-010057,E1093,Sales,2025-09-10,Travel,21.16,E1087,Paid
EXP-000448,E0085,Finance,2025-09-11,Client entertainment,18.79,E0206,Paid
EXP-001065,E0192,Finance,2025-09-11,Client entertainment,49.38,E0205,Paid
EXP-001289,E0241,Procurement,2025-09-11,Training,164.73,E0278,Paid
EXP-001370,E0254,Procurement,2025-09-11,Meals,136.34,E0267,Paid
EXP-002675,E0483,Operations,2025-09-11,Training,75.48,E0919,Paid
EXP-002774,E0492,Operations,2025-09-11,Accommodation,56.7,E0900,Paid
EXP-002928,E0502,Operations,2025-09-11,Accommodation,31.34,E0901,Paid
EXP-002944,E0504,Operations,2025-09-11,Meals,65.51,E0933,Paid
EXP-003221,E0527,Operations,2025-09-11,Travel,100.59,E0916,Paid
EXP-003324,E0537,Operations,2025-09-11,Training,296.16,E0914,Paid
EXP-004026,E0593,Operations,2025-09-11,Supplies,177.31,E0938,Paid
EXP-004472,E0631,Operations,2025-09-11,Supplies,40.98,E0917,Paid
EXP-004569,E0640,Operations,2025-09-11,Client entertainment,148.49,E0938,Paid
EXP-004815,E0663,Operations,2025-09-11,Client entertainment,299.37,E0922,Paid
EXP-004823,E0663,Operations,2025-09-11,Training,11.19,E0922,Paid
EXP-005109,E0687,Operations,2025-09-11,Meals,40.6,E0900,Paid
EXP-005298,E0703,Operations,2025-09-11,Accommodation,159.5,E0900,Paid
EXP-005562,E0727,Operations,2025-09-11,Meals,189.91,E0906,Paid
EXP-005614,E0733,Operations,2025-09-11,Travel,270.69,E0919,Paid
EXP-005824,E0751,Operations,2025-09-11,Accommodation,328.89,E0912,Paid
EXP-006058,E0770,Operations,2025-09-11,Client entertainment,75.51,E0912,Paid
EXP-006601,E0814,Operations,2025-09-11,Supplies,156.43,E0920,Paid
EXP-006799,E0831,Operations,2025-09-11,Travel,62.37,E0907,Paid
EXP-007052,E0851,Operations,2025-09-11,Travel,90.87,E0932,Paid
EXP-008090,E0933,Operations,2025-09-11,Client entertainment,122.17,E0899,Paid
EXP-008133,E0937,Operations,2025-09-11,Meals,96.86,E0910,Paid
EXP-008137,E0937,Operations,2025-09-11,Supplies,37.32,E0910,Paid
EXP-008489,E0965,Sales,2025-09-11,Travel,476.84,E0976,Paid
EXP-008645,E0978,Sales,2025-09-11,Meals,1498.27,E1024,Paid
EXP-008778,E0987,Sales,2025-09-11,Travel,545.43,E1001,Paid
EXP-008902,E0998,Sales,2025-09-11,Supplies,319.7,E1081,Paid
EXP-009352,E1035,Sales,2025-09-11,Accommodation,85.22,E0967,Paid
EXP-010405,E1129,Facilities,2025-09-11,Supplies,204.5,E1121,Paid
EXP-010635,E1175,Facilities,2025-09-11,Meals,286.03,E1121,Paid
EXP-000010,E0003,Finance,2025-09-12,Meals,522.92,E0194,Paid
EXP-000060,E0014,Finance,2025-09-12,Client entertainment,138.16,E0199,Paid
EXP-000162,E0033,Finance,2025-09-12,Travel,36.23,E0199,Paid
EXP-000164,E0033,Finance,2025-09-12,Training,114.15,E0199,Paid
EXP-000370,E0068,Finance,2025-09-12,Travel,68.84,E0201,Paid
EXP-000962,E0178,Finance,2025-09-12,Meals,26.01,E0194,Paid
EXP-000981,E0181,Finance,2025-09-12,Training,114.74,E0198,Paid
EXP-001115,E0203,Finance,2025-09-12,Meals,66.3,E0193,Paid
EXP-001468,E0272,Procurement,2025-09-12,Training,32.53,E0280,Paid
EXP-001681,E0310,Human Resources,2025-09-12,Supplies,12.52,E0345,Paid
EXP-001723,E0317,Human Resources,2025-09-12,Meals,36.13,E0346,Paid
EXP-001894,E0348,Human Resources,2025-09-12,Client entertainment,162.93,E0345,Paid
EXP-001930,E0354,Human Resources,2025-09-12,Client entertainment,99.62,E0337,Paid
EXP-002169,E0398,IT,2025-09-12,Supplies,123.8,E0379,Paid
EXP-002691,E0485,Operations,2025-09-12,Training,136.13,E0903,Paid
EXP-003711,E0565,Operations,2025-09-12,Meals,75.73,E0917,Paid
EXP-004646,E0646,Operations,2025-09-12,Meals,150.03,E0923,Paid
EXP-005357,E0711,Operations,2025-09-12,Travel,103.41,E0916,Paid
EXP-005402,E0716,Operations,2025-09-12,Travel,148.88,E0937,Paid
EXP-005501,E0723,Operations,2025-09-12,Supplies,275.63,E0919,Paid
EXP-005690,E0738,Operations,2025-09-12,Meals,153.58,E0903,Paid
EXP-006046,E0770,Operations,2025-09-12,Training,111.88,E0912,Paid
EXP-006409,E0799,Operations,2025-09-12,Supplies,182.16,E0914,Paid
EXP-006794,E0831,Operations,2025-09-12,Accommodation,292.52,E0907,Paid
EXP-006938,E0841,Operations,2025-09-12,Client entertainment,34.63,E0919,Paid
EXP-007187,E0862,Operations,2025-09-12,Accommodation,45.05,E0924,Paid
EXP-007206,E0863,Operations,2025-09-12,Supplies,282.57,E0929,Paid
EXP-007514,E0890,Operations,2025-09-12,Travel,15.12,E0901,Paid
EXP-007678,E0903,Operations,2025-09-12,Accommodation,254.2,E0931,Paid
EXP-007700,E0904,Operations,2025-09-12,Accommodation,157.93,E0915,Paid
EXP-007946,E0923,Operations,2025-09-12,Travel,79.96,E0914,Paid
EXP-008184,E0942,Sales,2025-09-12,Travel,321.55,E1075,Paid
EXP-008567,E0971,Sales,2025-09-12,Client entertainment,85.2,E1063,Paid
EXP-009184,E1022,Sales,2025-09-12,Accommodation,123.52,E0970,Paid
EXP-009186,E1022,Sales,2025-09-12,Supplies,158.19,E0970,Paid
EXP-009823,E1075,Sales,2025-09-12,Training,81.83,E1072,Paid
EXP-010467,E1147,Facilities,2025-09-12,Travel,239.91,E1121,Paid
EXP-010519,E1156,Facilities,2025-09-12,Training,113.48,E1121,Paid
EXP-010867,E1033,Sales,2025-09-12,Client entertainment,984.8,E1044,Paid
EXP-000275,E0050,Finance,2025-09-13,Client entertainment,270.12,E0190,Paid
EXP-000651,E0119,Finance,2025-09-13,Client entertainment,89.78,E0210,Paid
EXP-000852,E0160,Finance,2025-09-13,Meals,311.73,E0203,Paid
EXP-001333,E0249,Procurement,2025-09-13,Travel,1499.22,E0268,Paid
EXP-001364,E0253,Procurement,2025-09-13,Supplies,80.52,E0272,Paid
EXP-001688,E0311,Human Resources,2025-09-13,Client entertainment,36.62,E0377,Paid
EXP-001847,E0338,Human Resources,2025-09-13,Travel,38.76,E0339,Paid
EXP-002518,E0463,IT,2025-09-13,Meals,62.16,E0379,Paid
EXP-002867,E0498,Operations,2025-09-13,Accommodation,49.68,E0934,Paid
EXP-002953,E0505,Operations,2025-09-13,Client entertainment,64.37,E0912,Paid
EXP-003009,E0510,Operations,2025-09-13,Training,54.93,E0920,Paid
EXP-003836,E0577,Operations,2025-09-13,Travel,34.83,E0933,Paid
EXP-003855,E0578,Operations,2025-09-13,Accommodation,56.15,E0901,Paid
EXP-004148,E0608,Operations,2025-09-13,Client entertainment,70.05,E0929,Paid
EXP-004196,E0612,Operations,2025-09-13,Accommodation,76.04,E0922,Paid
EXP-004797,E0660,Operations,2025-09-13,Meals,167.3,E0930,Paid
EXP-005125,E0688,Operations,2025-09-13,Travel,40.32,E0916,Paid
EXP-005341,E0706,Operations,2025-09-13,Supplies,179.75,E0918,Paid
EXP-005700,E0739,Operations,2025-09-13,Accommodation,30.97,E0930,Paid
EXP-005759,E0745,Operations,2025-09-13,Supplies,104.25,E0938,Paid
EXP-005786,E0748,Operations,2025-09-13,Client entertainment,253.33,E0926,Paid
EXP-005792,E0749,Operations,2025-09-13,Accommodation,123.25,E0918,Paid
EXP-006004,E0767,Operations,2025-09-13,Accommodation,63.06,E0920,Paid
EXP-006193,E0783,Operations,2025-09-13,Travel,75.22,E0918,Paid
EXP-006303,E0791,Operations,2025-09-13,Meals,69.64,E0910,Paid
EXP-006518,E0807,Operations,2025-09-13,Travel,32.39,E0907,Paid
EXP-006832,E0833,Operations,2025-09-13,Supplies,122.81,E0925,Paid
EXP-007366,E0878,Operations,2025-09-13,Meals,34.7,E0923,Paid
EXP-007511,E0888,Operations,2025-09-13,Supplies,54.12,E0905,Paid
EXP-007794,E0912,Operations,2025-09-13,Meals,997.3,E0900,Paid
EXP-008153,E0939,Sales,2025-09-13,Travel,68.87,E1055,Paid
EXP-008745,E0984,Sales,2025-09-13,Training,151.56,E1104,Paid
EXP-009197,E1023,Sales,2025-09-13,Travel,155.3,E1042,Paid
EXP-009445,E1042,Sales,2025-09-13,Meals,212.63,E0965,Paid
EXP-010253,E1106,Sales,2025-09-13,Supplies,31.71,E1040,Paid
EXP-010334,E1117,Legal,2025-09-13,Supplies,44.83,E1111,Paid
EXP-010617,E1174,Facilities,2025-09-13,Supplies,48.65,E1121,Paid
EXP-010624,E1174,Facilities,2025-09-13,Meals,142.85,E1121,Paid
EXP-000172,E0034,Finance,2025-09-14,Supplies,55.2,E0196,Paid
EXP-000459,E0086,Finance,2025-09-14,Supplies,83.93,E0199,Paid
EXP-000681,E0123,Finance,2025-09-14,Travel,77.73,E0190,Paid
EXP-000880,E0166,Finance,2025-09-14,Training,83.51,E0196,Paid
EXP-001382,E0256,Procurement,2025-09-14,Meals,301.49,E0273,Paid
EXP-002312,E0423,IT,2025-09-14,Supplies,169.52,E0379,Paid
EXP-002427,E0446,IT,2025-09-14,Supplies,49.01,E0379,Paid
EXP-002932,E0502,Operations,2025-09-14,Supplies,107.42,E0901,Paid
EXP-003075,E0515,Operations,2025-09-14,Accommodation,48.65,E0912,Paid
EXP-004524,E0637,Operations,2025-09-14,Meals,162.48,E0933,Paid
EXP-004911,E0671,Operations,2025-09-14,Meals,186.88,E0910,Paid
EXP-004925,E0672,Operations,2025-09-14,Accommodation,176.41,E0918,Paid
EXP-005245,E0698,Operations,2025-09-14,Client entertainment,227.31,E0910,Paid
EXP-005806,E0750,Operations,2025-09-14,Travel,102.9,E0910,Paid
EXP-006197,E0783,Operations,2025-09-14,Meals,246.79,E0918,Paid
EXP-006878,E0837,Operations,2025-09-14,Travel,62.64,E0936,Paid
EXP-007050,E0851,Operations,2025-09-14,Accommodation,166.3,E0932,Paid
EXP-007462,E0885,Operations,2025-09-14,Training,329.01,E0914,Paid
EXP-008886,E0996,Sales,2025-09-14,Training,54.85,E1083,Paid
EXP-008992,E1006,Sales,2025-09-14,Training,326.62,E0948,Paid
EXP-009035,E1009,Sales,2025-09-14,Travel,302.42,E1040,Paid
EXP-009276,E1030,Sales,2025-09-14,Client entertainment,151.46,E0977,Paid
EXP-009970,E1085,Sales,2025-09-14,Supplies,12.96,E0939,Paid
EXP-010080,E1095,Sales,2025-09-14,Client entertainment,286.48,E0966,Paid
EXP-010798,E1202,Facilities,2025-09-14,Accommodation,639.17,E1121,Paid
EXP-000267,E0050,Finance,2025-09-15,Client entertainment,272.95,E0190,Paid
EXP-000339,E0063,Finance,2025-09-15,Training,48.46,E0199,Paid
EXP-000416,E0077,Finance,2025-09-15,Meals,47.67,E0202,Paid
EXP-000527,E0096,Finance,2025-09-15,Client entertainment,154.09,E0190,Paid
EXP-000936,E0174,Finance,2025-09-15,Training,53.6,E0201,Paid
EXP-001050,E0190,Finance,2025-09-15,Training,47.98,E0196,Paid
EXP-001454,E0269,Procurement,2025-09-15,Accommodation,109.41,E0278,Paid
EXP-002193,E0402,IT,2025-09-15,Travel,99.78,E0379,Paid
EXP-002511,E0462,IT,2025-09-15,Accommodation,339.32,E0379,Paid
EXP-003783,E0571,Operations,2025-09-15,Supplies,107.08,E0906,Paid
EXP-003786,E0573,Operations,2025-09-15,Meals,78.34,E0915,Paid
EXP-004044,E0594,Operations,2025-09-15,Supplies,360.66,E0908,Paid
EXP-004396,E0625,Operations,2025-09-15,Client entertainment,24.9,E0926,Paid
EXP-004428,E0628,Operations,2025-09-15,Meals,153.29,E0912,Paid
EXP-004624,E0644,Operations,2025-09-15,Accommodation,127.16,E0911,Paid
EXP-005033,E0681,Operations,2025-09-15,Meals,168.37,E0911,Paid
EXP-005287,E0702,Operations,2025-09-15,Accommodation,75.99,E0897,Paid
EXP-005477,E0721,Operations,2025-09-15,Accommodation,155.13,E0914,Paid
EXP-005601,E0732,Operations,2025-09-15,Meals,59.01,E0923,Paid
EXP-005662,E0737,Operations,2025-09-15,Supplies,68.1,E0915,Paid
EXP-006460,E0802,Operations,2025-09-15,Travel,84.74,E0923,Paid
EXP-006494,E0805,Operations,2025-09-15,Client entertainment,135.73,E0900,Paid
EXP-006498,E0805,Operations,2025-09-15,Accommodation,55.61,E0900,Paid
EXP-006648,E0818,Operations,2025-09-15,Travel,134.56,E0931,Paid
EXP-007190,E0862,Operations,2025-09-15,Supplies,566.44,E0924,Paid
EXP-008576,E0972,Sales,2025-09-15,Accommodation,98.8,E1087,Paid
EXP-010069,E1094,Sales,2025-09-15,Client entertainment,19.72,E0945,Paid
EXP-010330,E1116,Legal,2025-09-15,Supplies,63.01,E1110,Paid
EXP-010418,E1136,Facilities,2025-09-15,Meals,29.39,E1121,Paid
EXP-010740,E1194,Facilities,2025-09-15,Travel,426.09,E1121,Paid
EXP-010756,E1196,Facilities,2025-09-15,Training,194.13,E1121,Paid
EXP-001068,E0192,Finance,2025-09-16,Meals,64.38,E0205,Paid
EXP-001248,E0231,Procurement,2025-09-16,Travel,61.66,E0273,Paid
EXP-001803,E0331,Human Resources,2025-09-16,Accommodation,119.14,E0377,Paid
EXP-002208,E0405,IT,2025-09-16,Meals,81.28,E0379,Paid
EXP-003055,E0514,Operations,2025-09-16,Supplies,59.68,E0907,Paid
EXP-003292,E0534,Operations,2025-09-16,Training,85.17,E0925,Paid
EXP-004114,E0602,Operations,2025-09-16,Travel,90.11,E0919,Paid
EXP-004436,E0628,Operations,2025-09-16,Client entertainment,141.22,E0912,Paid
EXP-005672,E0737,Operations,2025-09-16,Training,441.31,E0915,Paid
EXP-005922,E0760,Operations,2025-09-16,Client entertainment,16.42,E0899,Paid
EXP-006031,E0769,Operations,2025-09-16,Supplies,284.19,E0928,Paid
EXP-006340,E0794,Operations,2025-09-16,Meals,177.63,E0924,Paid
EXP-006541,E0809,Operations,2025-09-16,Meals,143.11,E0920,Paid
EXP-006571,E0812,Operations,2025-09-16,Supplies,68.17,E0908,Paid
EXP-006604,E0814,Operations,2025-09-16,Travel,80.71,E0920,Paid
EXP-006610,E0816,Operations,2025-09-16,Training,176.29,E0917,Paid
EXP-007882,E0917,Operations,2025-09-16,Meals,49.51,E0903,Paid
EXP-008086,E0933,Operations,2025-09-16,Training,177.05,E0899,Paid
EXP-008274,E0947,Sales,2025-09-16,Accommodation,105.88,E1033,Paid
EXP-009049,E1009,Sales,2025-09-16,Training,459.62,E1040,Paid
EXP-009148,E1019,Sales,2025-09-16,Supplies,75.21,E0984,Paid
EXP-009163,E1021,Sales,2025-09-16,Training,249.64,E1010,Paid
EXP-009236,E1027,Sales,2025-09-16,Accommodation,999.66,E0988,Paid
EXP-009586,E1056,Sales,2025-09-16,Client entertainment,165.72,E1074,Paid
EXP-009672,E1062,Sales,2025-09-16,Supplies,110.15,E0998,Paid
EXP-010351,E1120,Legal,2025-09-16,Accommodation,556.11,E1111,Paid
EXP-010672,E1181,Facilities,2025-09-16,Supplies,637.0,E1121,Paid
EXP-010954,E0641,Operations,2025-09-16,Supplies,150.0,E0912,Paid
EXP-000904,E0170,Finance,2025-09-17,Supplies,22.77,E0194,Paid
EXP-000914,E0172,Finance,2025-09-17,Accommodation,72.56,E0208,Paid
EXP-001020,E0187,Finance,2025-09-17,Travel,775.99,E0198,Paid
EXP-001337,E0249,Procurement,2025-09-17,Training,179.75,E0268,Paid
EXP-001441,E0267,Procurement,2025-09-17,Travel,220.59,E0270,Paid
EXP-001573,E0287,Procurement,2025-09-17,Client entertainment,118.35,E0277,Paid
EXP-001822,E0334,Human Resources,2025-09-17,Client entertainment,44.85,E0373,Paid
EXP-001914,E0352,Human Resources,2025-09-17,Supplies,94.41,E0346,Paid
EXP-001955,E0360,Human Resources,2025-09-17,Supplies,50.47,E0348,Paid
EXP-002677,E0484,Operations,2025-09-17,Travel,283.41,E0902,Paid
EXP-003348,E0538,Operations,2025-09-17,Client entertainment,64.56,E0919,Paid
EXP-003553,E0554,Operations,2025-09-17,Accommodation,232.82,E0918,Paid
EXP-003589,E0557,Operations,2025-09-17,Training,154.49,E0897,Paid
EXP-003921,E0583,Operations,2025-09-17,Training,59.42,E0907,Paid
EXP-005517,E0724,Operations,2025-09-17,Travel,16.16,E0925,Paid
EXP-005576,E0729,Operations,2025-09-17,Travel,169.06,E0906,Paid
EXP-005678,E0737,Operations,2025-09-17,Supplies,150.02,E0915,Paid
EXP-005710,E0739,Operations,2025-09-17,Accommodation,314.56,E0930,Paid
EXP-006218,E0785,Operations,2025-09-17,Accommodation,56.76,E0924,Paid
EXP-006410,E0799,Operations,2025-09-17,Supplies,121.93,E0914,Paid
EXP-006499,E0805,Operations,2025-09-17,Supplies,94.56,E0900,Paid
EXP-007250,E0868,Operations,2025-09-17,Accommodation,70.11,E0906,Paid
EXP-007277,E0871,Operations,2025-09-17,Accommodation,26.28,E0899,Paid
EXP-007304,E0873,Operations,2025-09-17,Travel,13.67,E0914,Paid
EXP-008012,E0927,Operations,2025-09-17,Training,108.17,E0907,Paid
EXP-009118,E1017,Sales,2025-09-17,Client entertainment,99.52,E1065,Paid
EXP-009244,E1027,Sales,2025-09-17,Client entertainment,96.78,E0988,Paid
EXP-009515,E1050,Sales,2025-09-17,Accommodation,15.83,E1011,Paid
EXP-009870,E1077,Sales,2025-09-17,Training,272.24,E1064,Paid
EXP-010659,E1178,Facilities,2025-09-17,Training,22.44,E1121,Paid
EXP-010811,E1204,Facilities,2025-09-17,Travel,54.37,E1121,Paid
EXP-000048,E0013,Finance,2025-09-18,Accommodation,22.68,E0192,Paid
EXP-000283,E0052,Finance,2025-09-18,Accommodation,88.4,E0190,Paid
EXP-000934,E0174,Finance,2025-09-18,Client entertainment,252.2,E0201,Paid
EXP-001512,E0279,Procurement,2025-09-18,Supplies,68.51,E0268,Paid
EXP-001527,E0281,Procurement,2025-09-18,Travel,37.04,E0268,Paid
EXP-001644,E0302,Human Resources,2025-09-18,Supplies,147.45,E0377,Paid
EXP-002240,E0409,IT,2025-09-18,Travel,107.63,E0379,Paid
EXP-002315,E0423,IT,2025-09-18,Training,28.07,E0379,Paid
EXP-003262,E0530,Operations,2025-09-18,Meals,248.95,E0919,Paid
EXP-003328,E0537,Operations,2025-09-18,Accommodation,68.33,E0914,Paid
EXP-003793,E0573,Operations,2025-09-18,Meals,78.5,E0915,Paid
EXP-004019,E0593,Operations,2025-09-18,Travel,867.38,E0938,Paid
EXP-004391,E0625,Operations,2025-09-18,Meals,20.86,E0926,Paid
EXP-004406,E0626,Operations,2025-09-18,Travel,39.42,E0910,Paid
EXP-004445,E0629,Operations,2025-09-18,Travel,10.37,E0935,Paid
EXP-004499,E0635,Operations,2025-09-18,Client entertainment,53.62,E0928,Paid
EXP-004685,E0650,Operations,2025-09-18,Client entertainment,175.77,E0925,Paid
EXP-005047,E0682,Operations,2025-09-18,Meals,80.6,E0899,Paid
EXP-005136,E0689,Operations,2025-09-18,Client entertainment,85.77,E0904,Paid
EXP-005455,E0720,Operations,2025-09-18,Supplies,494.68,E0920,Paid
EXP-006537,E0809,Operations,2025-09-18,Travel,40.82,E0920,Paid
EXP-008475,E0964,Sales,2025-09-18,Training,164.62,E1105,Paid
EXP-008615,E0975,Sales,2025-09-18,Accommodation,23.37,E1046,Paid
EXP-008783,E0987,Sales,2025-09-18,Supplies,24.06,E1001,Paid
EXP-008828,E0992,Sales,2025-09-18,Client entertainment,196.02,E1060,Paid
EXP-008891,E0996,Sales,2025-09-18,Training,71.74,E1083,Paid
EXP-009007,E1007,Sales,2025-09-18,Training,140.19,E1022,Paid
EXP-009170,E1021,Sales,2025-09-18,Accommodation,231.93,E1010,Paid
EXP-009699,E1064,Sales,2025-09-18,Supplies,61.61,E1053,Paid
EXP-010085,E1095,Sales,2025-09-18,Meals,222.22,E0966,Paid
EXP-010738,E1194,Facilities,2025-09-18,Client entertainment,80.05,E1121,Paid
EXP-010862,E1033,Sales,2025-09-18,Client entertainment,955.87,E1044,Paid
EXP-000314,E0059,Finance,2025-09-19,Client entertainment,74.75,E0198,Paid
EXP-000634,E0115,Finance,2025-09-19,Supplies,69.8,E0204,Paid
EXP-001313,E0244,Procurement,2025-09-19,Supplies,34.27,E0268,Paid
EXP-001691,E0312,Human Resources,2025-09-19,Training,157.18,E0378,Paid
EXP-002260,E0414,IT,2025-09-19,Supplies,38.24,E0379,Paid
EXP-002307,E0422,IT,2025-09-19,Meals,47.38,E0379,Paid
EXP-003054,E0514,Operations,2025-09-19,Client entertainment,125.67,E0907,Paid
EXP-003274,E0533,Operations,2025-09-19,Client entertainment,157.74,E0918,Paid
EXP-003376,E0541,Operations,2025-09-19,Client entertainment,188.95,E0930,Paid
EXP-003655,E0561,Operations,2025-09-19,Meals,106.01,E0914,Paid
EXP-003667,E0561,Operations,2025-09-19,Training,67.69,E0914,Paid
EXP-003840,E0578,Operations,2025-09-19,Training,135.8,E0901,Paid
EXP-003882,E0580,Operations,2025-09-19,Supplies,15.16,E0912,Paid
EXP-003887,E0581,Operations,2025-09-19,Accommodation,65.02,E0915,Paid
EXP-004179,E0611,Operations,2025-09-19,Accommodation,38.12,E0908,Paid
EXP-004204,E0612,Operations,2025-09-19,Supplies,43.81,E0922,Paid
EXP-004393,E0625,Operations,2025-09-19,Training,131.37,E0926,Paid
EXP-004592,E0641,Operations,2025-09-19,Meals,78.61,E0912,Paid
EXP-005011,E0680,Operations,2025-09-19,Training,246.24,E0919,Paid
EXP-005015,E0680,Operations,2025-09-19,Meals,36.83,E0919,Paid
EXP-005204,E0696,Operations,2025-09-19,Accommodation,71.47,E0925,Paid
EXP-005906,E0759,Operations,2025-09-19,Accommodation,25.4,E0904,Paid
EXP-006022,E0768,Operations,2025-09-19,Travel,12.77,E0912,Paid
EXP-006396,E0798,Operations,2025-09-19,Accommodation,110.25,E0932,Paid
EXP-006443,E0801,Operations,2025-09-19,Training,15.58,E0903,Paid
EXP-006503,E0807,Operations,2025-09-19,Meals,16.35,E0907,Paid
EXP-007268,E0870,Operations,2025-09-19,Accommodation,36.95,E0936,Paid
EXP-008226,E0944,Sales,2025-09-19,Client entertainment,94.74,E0957,Paid
EXP-008513,E0967,Sales,2025-09-19,Supplies,42.31,E1012,Paid
EXP-009611,E1057,Sales,2025-09-19,Accommodation,182.11,E0958,Paid
EXP-009700,E1064,Sales,2025-09-19,Travel,114.42,E1053,Paid
EXP-010083,E1095,Sales,2025-09-19,Supplies,79.28,E0966,Paid
EXP-010448,E1143,Facilities,2025-09-19,Client entertainment,191.74,E1121,Paid
EXP-010754,E1195,Facilities,2025-09-19,Meals,26.08,E1121,Paid
EXP-010835,E0965,Sales,2025-09-19,Client entertainment,925.01,E0976,Paid
EXP-000301,E0057,Finance,2025-09-20,Travel,88.18,E0207,Paid
EXP-000727,E0134,Finance,2025-09-20,Training,10.01,E0206,Paid
EXP-000803,E0150,Finance,2025-09-20,Client entertainment,272.69,E0192,Paid
EXP-000911,E0171,Finance,2025-09-20,Accommodation,30.89,E0207,Paid
EXP-000955,E0177,Finance,2025-09-20,Travel,272.88,E0197,Paid
EXP-001261,E0236,Procurement,2025-09-20,Supplies,41.43,E0275,Paid
EXP-002458,E0453,IT,2025-09-20,Travel,417.22,E0379,Paid
EXP-002738,E0488,Operations,2025-09-20,Client entertainment,100.7,E0901,Paid
EXP-003462,E0546,Operations,2025-09-20,Supplies,235.69,E0933,Paid
EXP-003613,E0558,Operations,2025-09-20,Accommodation,33.83,E0906,Paid
EXP-003650,E0561,Operations,2025-09-20,Supplies,120.51,E0914,Paid
EXP-003952,E0586,Operations,2025-09-20,Travel,79.64,E0898,Paid
EXP-004145,E0608,Operations,2025-09-20,Accommodation,188.58,E0929,Paid
EXP-004708,E0651,Operations,2025-09-20,Travel,9.56,E0917,Paid
EXP-004937,E0673,Operations,2025-09-20,Training,53.95,E0909,Paid
EXP-005166,E0691,Operations,2025-09-20,Supplies,89.36,E0930,Paid
EXP-005225,E0697,Operations,2025-09-20,Accommodation,261.48,E0934,Paid
EXP-005649,E0735,Operations,2025-09-20,Supplies,43.77,E0915,Paid
EXP-006090,E0772,Operations,2025-09-20,Meals,195.14,E0910,Paid
EXP-006095,E0773,Operations,2025-09-20,Travel,188.72,E0936,Paid
EXP-006416,E0800,Operations,2025-09-20,Accommodation,151.4,E0910,Paid
EXP-006493,E0805,Operations,2025-09-20,Supplies,30.82,E0900,Paid
EXP-007104,E0855,Operations,2025-09-20,Accommodation,155.57,E0925,Paid
EXP-007159,E0860,Operations,2025-09-20,Accommodation,166.82,E0904,Paid
EXP-007285,E0872,Operations,2025-09-20,Supplies,37.94,E0937,Paid
EXP-007399,E0881,Operations,2025-09-20,Training,213.98,E0910,Paid
EXP-007439,E0883,Operations,2025-09-20,Travel,241.61,E0898,Paid
EXP-008039,E0929,Operations,2025-09-20,Accommodation,60.68,E0911,Paid
EXP-008220,E0944,Sales,2025-09-20,Travel,154.95,E0957,Paid
EXP-008307,E0949,Sales,2025-09-20,Client entertainment,92.32,E0955,Paid
EXP-008621,E0975,Sales,2025-09-20,Accommodation,78.34,E1046,Paid
EXP-008813,E0991,Sales,2025-09-20,Accommodation,6.65,E0958,Paid
EXP-009416,E1039,Sales,2025-09-20,Training,415.86,E0988,Paid
EXP-009540,E1051,Sales,2025-09-20,Meals,180.21,E1084,Paid
EXP-010341,E1119,Legal,2025-09-20,Travel,94.33,E1117,Paid
EXP-010531,E1158,Facilities,2025-09-20,Training,47.28,E1121,Paid
EXP-010532,E1158,Facilities,2025-09-20,Supplies,154.37,E1121,Paid
EXP-010806,E1203,Facilities,2025-09-20,Travel,26.32,E1121,Paid
EXP-000008,E0002,Finance,2025-09-21,Supplies,21.81,E0197,Paid
EXP-000203,E0039,Finance,2025-09-21,Client entertainment,31.56,E0190,Paid
EXP-000437,E0083,Finance,2025-09-21,Supplies,134.31,E0199,Paid
EXP-001389,E0258,Procurement,2025-09-21,Training,599.86,E0270,Paid
EXP-001525,E0281,Procurement,2025-09-21,Accommodation,34.24,E0268,Paid
EXP-002425,E0446,IT,2025-09-21,Supplies,99.66,E0379,Paid
EXP-002439,E0448,IT,2025-09-21,Supplies,228.57,E0379,Paid
EXP-003162,E0522,Operations,2025-09-21,Accommodation,122.07,E0916,Paid
EXP-003177,E0524,Operations,2025-09-21,Client entertainment,187.25,E0903,Paid
EXP-003949,E0586,Operations,2025-09-21,Supplies,220.87,E0898,Paid
EXP-004247,E0615,Operations,2025-09-21,Training,79.75,E0937,Paid
EXP-004457,E0629,Operations,2025-09-21,Client entertainment,84.7,E0935,Paid
EXP-004479,E0632,Operations,2025-09-21,Client entertainment,122.59,E0911,Paid
EXP-004602,E0642,Operations,2025-09-21,Supplies,184.13,E0901,Paid
EXP-005126,E0688,Operations,2025-09-21,Training,91.96,E0916,Paid
EXP-006916,E0840,Operations,2025-09-21,Client entertainment,163.55,E0907,Paid
EXP-007332,E0876,Operations,2025-09-21,Supplies,197.37,E0911,Paid
EXP-007691,E0904,Operations,2025-09-21,Travel,454.43,E0915,Paid
EXP-008202,E0943,Sales,2025-09-21,Client entertainment,685.22,E0972,Paid
EXP-008203,E0943,Sales,2025-09-21,Client entertainment,55.35,E0972,Paid
EXP-008407,E0958,Sales,2025-09-21,Meals,49.51,E1057,Paid
EXP-009760,E1068,Sales,2025-09-21,Supplies,253.38,E1071,Paid
EXP-010367,E1123,Facilities,2025-09-21,Supplies,156.78,E1121,Paid
EXP-010407,E1131,Facilities,2025-09-21,Training,30.33,E1121,Paid
EXP-010487,E1152,Facilities,2025-09-21,Meals,122.84,E1121,Paid
EXP-010544,E1159,Facilities,2025-09-21,Client entertainment,40.65,E1121,Paid
EXP-010727,E1191,Facilities,2025-09-21,Client entertainment,199.92,E1121,Paid
EXP-000230,E0043,Finance,2025-09-22,Supplies,96.54,E0207,Paid
EXP-001186,E0220,Procurement,2025-09-22,Accommodation,16.81,E0268,Paid
EXP-001518,E0280,Procurement,2025-09-22,Travel,82.8,E0270,Paid
EXP-001991,E0366,Human Resources,2025-09-22,Travel,52.52,E0372,Paid
EXP-002008,E0369,Human Resources,2025-09-22,Accommodation,224.8,E0340,Paid
EXP-002340,E0428,IT,2025-09-22,Travel,686.93,E0379,Paid
EXP-002615,E0479,Operations,2025-09-22,Travel,53.46,E0925,Paid
EXP-002696,E0485,Operations,2025-09-22,Training,148.2,E0903,Paid
EXP-003192,E0525,Operations,2025-09-22,Client entertainment,93.54,E0908,Paid
EXP-003385,E0541,Operations,2025-09-22,Travel,72.32,E0930,Paid
EXP-003459,E0546,Operations,2025-09-22,Training,82.16,E0933,Paid
EXP-003472,E0547,Operations,2025-09-22,Client entertainment,95.38,E0933,Paid
EXP-003647,E0560,Operations,2025-09-22,Training,208.72,E0907,Paid
EXP-004305,E0619,Operations,2025-09-22,Accommodation,83.23,E0910,Paid
EXP-005234,E0698,Operations,2025-09-22,Meals,184.36,E0910,Paid
EXP-005618,E0733,Operations,2025-09-22,Meals,738.61,E0919,Paid
EXP-005969,E0764,Operations,2025-09-22,Supplies,27.64,E0934,Paid
EXP-006007,E0767,Operations,2025-09-22,Meals,166.42,E0920,Paid
EXP-006100,E0773,Operations,2025-09-22,Meals,155.02,E0936,Paid
EXP-006132,E0776,Operations,2025-09-22,Supplies,30.88,E0926,Paid
EXP-006297,E0791,Operations,2025-09-22,Supplies,111.93,E0910,Paid
EXP-006590,E0813,Operations,2025-09-22,Client entertainment,40.24,E0901,Paid
EXP-006595,E0813,Operations,2025-09-22,Meals,185.27,E0901,Paid
EXP-006645,E0818,Operations,2025-09-22,Accommodation,52.5,E0931,Paid
EXP-006789,E0830,Operations,2025-09-22,Meals,210.96,E0917,Paid
EXP-006813,E0833,Operations,2025-09-22,Supplies,158.39,E0925,Paid
EXP-008649,E0978,Sales,2025-09-22,Client entertainment,186.02,E1024,Paid
EXP-009284,E1031,Sales,2025-09-22,Training,70.53,E0961,Paid
EXP-009637,E1059,Sales,2025-09-22,Accommodation,117.62,E1011,Paid
EXP-009932,E1081,Sales,2025-09-22,Meals,377.7,E1047,Paid
EXP-010067,E1094,Sales,2025-09-22,Travel,87.69,E0945,Paid
EXP-000355,E0066,Finance,2025-09-23,Supplies,155.81,E0194,Paid
EXP-000454,E0085,Finance,2025-09-23,Accommodation,121.67,E0206,Paid
EXP-000467,E0087,Finance,2025-09-23,Meals,42.96,E0198,Paid
EXP-000895,E0169,Finance,2025-09-23,Travel,30.51,E0199,Paid
EXP-001230,E0229,Procurement,2025-09-23,Client entertainment,332.8,E0272,Paid
EXP-001986,E0365,Human Resources,2025-09-23,Travel,285.07,E0341,Paid
EXP-002357,E0433,IT,2025-09-23,Meals,389.08,E0379,Paid
EXP-002388,E0440,IT,2025-09-23,Travel,258.79,E0379,Paid
EXP-002831,E0495,Operations,2025-09-23,Travel,100.12,E0900,Paid
EXP-003001,E0509,Operations,2025-09-23,Meals,15.26,E0911,Paid
EXP-003068,E0515,Operations,2025-09-23,Training,153.36,E0912,Paid
EXP-003514,E0549,Operations,2025-09-23,Supplies,198.64,E0923,Paid
EXP-003629,E0559,Operations,2025-09-23,Travel,599.79,E0917,Paid
EXP-003734,E0567,Operations,2025-09-23,Travel,39.1,E0905,Paid
EXP-004106,E0602,Operations,2025-09-23,Training,64.66,E0919,Paid
EXP-004189,E0611,Operations,2025-09-23,Client entertainment,53.11,E0908,Paid
EXP-004231,E0613,Operations,2025-09-23,Supplies,147.25,E0929,Paid
EXP-004912,E0671,Operations,2025-09-23,Supplies,75.4,E0910,Paid
EXP-005372,E0712,Operations,2025-09-23,Training,60.1,E0925,Paid
EXP-005567,E0728,Operations,2025-09-23,Accommodation,111.49,E0900,Paid
EXP-005664,E0737,Operations,2025-09-23,Client entertainment,350.26,E0915,Paid
EXP-005758,E0745,Operations,2025-09-23,Travel,102.98,E0938,Paid
EXP-005825,E0751,Operations,2025-09-23,Accommodation,75.91,E0912,Paid
EXP-006001,E0766,Operations,2025-09-23,Meals,111.4,E0900,Paid
EXP-006019,E0768,Operations,2025-09-23,Supplies,130.34,E0912,Paid
EXP-007743,E0908,Operations,2025-09-23,Supplies,10.89,E0914,Paid
EXP-008799,E0989,Sales,2025-09-23,Travel,200.0,E0977,Paid
EXP-008937,E1000,Sales,2025-09-23,Supplies,54.88,E0989,Paid
EXP-009130,E1018,Sales,2025-09-23,Client entertainment,42.56,E1019,Paid
EXP-009212,E1024,Sales,2025-09-23,Client entertainment,305.04,E1074,Paid
EXP-010170,E1101,Sales,2025-09-23,Travel,87.64,E1039,Paid
EXP-010182,E1102,Sales,2025-09-23,Accommodation,151.6,E1067,Paid
EXP-010493,E1152,Facilities,2025-09-23,Meals,633.35,E1121,Paid
EXP-010743,E1195,Facilities,2025-09-23,Accommodation,29.03,E1121,Paid
EXP-000373,E0069,Finance,2025-09-24,Travel,138.44,E0207,Paid
EXP-001076,E0194,Finance,2025-09-24,Client entertainment,136.97,E0200,Paid
EXP-001507,E0278,Procurement,2025-09-24,Meals,665.88,E0276,Paid
EXP-001647,E0302,Human Resources,2025-09-24,Supplies,256.93,E0377,Paid
EXP-001747,E0322,Human Resources,2025-09-24,Client entertainment,25.38,E0347,Paid
EXP-001939,E0355,Human Resources,2025-09-24,Supplies,15.69,E0347,Paid
EXP-002143,E0392,IT,2025-09-24,Meals,76.19,E0379,Paid
EXP-002213,E0405,IT,2025-09-24,Meals,248.37,E0379,Paid
EXP-002562,E0472,IT,2025-09-24,Training,27.39,E0379,Paid
EXP-002617,E0480,Operations,2025-09-24,Supplies,50.74,E0903,Paid
EXP-002730,E0487,Operations,2025-09-24,Training,57.68,E0937,Paid
EXP-002910,E0501,Operations,2025-09-24,Meals,144.6,E0903,Paid
EXP-002929,E0502,Operations,2025-09-24,Supplies,175.82,E0901,Paid
EXP-002943,E0504,Operations,2025-09-24,Meals,107.23,E0933,Paid
EXP-004286,E0617,Operations,2025-09-24,Travel,69.85,E0933,Paid
EXP-004627,E0644,Operations,2025-09-24,Meals,91.58,E0911,Paid
EXP-004920,E0672,Operations,2025-09-24,Training,366.17,E0918,Paid
EXP-004977,E0677,Operations,2025-09-24,Meals,54.84,E0914,Paid
EXP-005199,E0694,Operations,2025-09-24,Supplies,31.57,E0932,Paid
EXP-005482,E0721,Operations,2025-09-24,Travel,358.83,E0914,Paid
EXP-005512,E0724,Operations,2025-09-24,Travel,97.43,E0925,Paid
EXP-005707,E0739,Operations,2025-09-24,Client entertainment,81.89,E0930,Paid
EXP-005760,E0745,Operations,2025-09-24,Supplies,133.79,E0938,Paid
EXP-005966,E0764,Operations,2025-09-24,Meals,776.39,E0934,Paid
EXP-006154,E0778,Operations,2025-09-24,Accommodation,35.43,E0906,Paid
EXP-006452,E0802,Operations,2025-09-24,Meals,91.62,E0923,Paid
EXP-006757,E0828,Operations,2025-09-24,Training,166.61,E0921,Paid
EXP-006807,E0832,Operations,2025-09-24,Meals,59.72,E0904,Paid
EXP-006857,E0834,Operations,2025-09-24,Training,122.41,E0933,Paid
EXP-007031,E0849,Operations,2025-09-24,Accommodation,145.97,E0932,Paid
EXP-007408,E0882,Operations,2025-09-24,Supplies,147.43,E0935,Paid
EXP-007548,E0891,Operations,2025-09-24,Accommodation,239.65,E0912,Paid
EXP-008269,E0947,Sales,2025-09-24,Accommodation,197.09,E1033,Paid
EXP-008377,E0957,Sales,2025-09-24,Accommodation,1240.51,E1032,Paid
EXP-008866,E0994,Sales,2025-09-24,Client entertainment,75.59,E0970,Paid
EXP-010120,E1097,Sales,2025-09-24,Client entertainment,107.62,E1030,Paid
EXP-010262,E1106,Sales,2025-09-24,Meals,59.31,E1040,Paid
EXP-010633,E1175,Facilities,2025-09-24,Training,302.21,E1121,Paid
EXP-010699,E1187,Facilities,2025-09-24,Training,138.73,E1121,Paid
EXP-000094,E0019,Finance,2025-09-25,Travel,426.59,E0197,Paid
EXP-000539,E0100,Finance,2025-09-25,Accommodation,111.7,E0207,Paid
EXP-001204,E0222,Procurement,2025-09-25,Client entertainment,114.73,E0273,Paid
EXP-001215,E0226,Procurement,2025-09-25,Meals,57.09,E0268,Paid
EXP-001610,E0294,Procurement,2025-09-25,Supplies,79.49,E0277,Paid
EXP-001697,E0312,Human Resources,2025-09-25,Meals,18.75,E0378,Paid
EXP-002101,E0385,IT,2025-09-25,Client entertainment,116.21,E0379,Paid
EXP-002382,E0438,IT,2025-09-25,Accommodation,177.45,E0379,Paid
EXP-002448,E0450,IT,2025-09-25,Meals,67.86,E0379,Paid
EXP-002645,E0481,Operations,2025-09-25,Training,291.45,E0927,Paid
EXP-002833,E0495,Operations,2025-09-25,Meals,33.37,E0900,Paid
EXP-002970,E0506,Operations,2025-09-25,Accommodation,42.57,E0899,Paid
EXP-003006,E0510,Operations,2025-09-25,Accommodation,526.92,E0920,Paid
EXP-003520,E0550,Operations,2025-09-25,Supplies,141.56,E0912,Paid
EXP-003735,E0567,Operations,2025-09-25,Supplies,105.38,E0905,Paid
EXP-004109,E0602,Operations,2025-09-25,Meals,423.57,E0919,Paid
EXP-004197,E0612,Operations,2025-09-25,Client entertainment,309.66,E0922,Paid
EXP-004441,E0628,Operations,2025-09-25,Meals,56.25,E0912,Paid
EXP-005094,E0685,Operations,2025-09-25,Travel,62.3,E0907,Paid
EXP-005132,E0689,Operations,2025-09-25,Training,23.68,E0904,Paid
EXP-005308,E0703,Operations,2025-09-25,Client entertainment,130.82,E0900,Paid
EXP-005327,E0705,Operations,2025-09-25,Training,182.44,E0936,Paid
EXP-005669,E0737,Operations,2025-09-25,Client entertainment,62.38,E0915,Paid
EXP-006138,E0777,Operations,2025-09-25,Training,32.68,E0907,Paid
EXP-006249,E0787,Operations,2025-09-25,Meals,145.1,E0915,Paid
EXP-006506,E0807,Operations,2025-09-25,Meals,95.05,E0907,Paid
EXP-007030,E0849,Operations,2025-09-25,Travel,43.64,E0932,Paid
EXP-007221,E0864,Operations,2025-09-25,Accommodation,199.31,E0912,Paid
EXP-007619,E0899,Operations,2025-09-25,Supplies,103.04,E0903,Paid
EXP-007650,E0901,Operations,2025-09-25,Supplies,64.48,E0934,Paid
EXP-007711,E0906,Operations,2025-09-25,Supplies,157.48,E0937,Paid
EXP-008514,E0967,Sales,2025-09-25,Accommodation,82.22,E1012,Paid
EXP-008981,E1005,Sales,2025-09-25,Travel,109.34,E1068,Paid
EXP-009088,E1013,Sales,2025-09-25,Supplies,191.6,E1032,Paid
EXP-009209,E1024,Sales,2025-09-25,Client entertainment,328.87,E1074,Paid
EXP-009465,E1044,Sales,2025-09-25,Meals,23.32,E1072,Paid
EXP-010223,E1104,Sales,2025-09-25,Meals,116.28,E1056,Paid
EXP-010763,E1197,Facilities,2025-09-25,Supplies,127.82,E1121,Paid
EXP-010876,E1033,Sales,2025-09-25,Client entertainment,900.02,E1044,Paid
EXP-000323,E0060,Finance,2025-09-26,Client entertainment,85.22,E0190,Paid
EXP-000333,E0063,Finance,2025-09-26,Travel,20.1,E0199,Paid
EXP-000441,E0084,Finance,2025-09-26,Training,13.72,E0207,Paid
EXP-001002,E0184,Finance,2025-09-26,Supplies,246.88,E0205,Paid
EXP-001253,E0234,Procurement,2025-09-26,Accommodation,349.87,E0268,Paid
EXP-001561,E0286,Procurement,2025-09-26,Accommodation,149.69,E0279,Paid
EXP-001587,E0290,Procurement,2025-09-26,Supplies,94.82,E0272,Paid
EXP-001742,E0321,Human Resources,2025-09-26,Client entertainment,73.66,E0344,Paid
EXP-001843,E0338,Human Resources,2025-09-26,Travel,140.85,E0339,Paid
EXP-001896,E0348,Human Resources,2025-09-26,Meals,202.01,E0345,Paid
EXP-001898,E0350,Human Resources,2025-09-26,Accommodation,67.8,E0348,Paid
EXP-003058,E0514,Operations,2025-09-26,Client entertainment,68.58,E0907,Paid
EXP-003452,E0546,Operations,2025-09-26,Travel,26.79,E0933,Paid
EXP-004121,E0603,Operations,2025-09-26,Meals,27.88,E0904,Paid
EXP-004241,E0614,Operations,2025-09-26,Travel,167.91,E0932,Paid
EXP-004612,E0643,Operations,2025-09-26,Travel,122.76,E0921,Paid
EXP-004618,E0643,Operations,2025-09-26,Meals,88.48,E0921,Paid
EXP-005127,E0689,Operations,2025-09-26,Travel,64.65,E0904,Paid
EXP-005598,E0730,Operations,2025-09-26,Client entertainment,338.57,E0900,Paid
EXP-006178,E0781,Operations,2025-09-26,Training,92.72,E0936,Paid
EXP-007540,E0891,Operations,2025-09-26,Training,57.89,E0912,Paid
EXP-007690,E0904,Operations,2025-09-26,Accommodation,262.75,E0915,Paid
EXP-007763,E0909,Operations,2025-09-26,Meals,481.4,E0922,Paid
EXP-007829,E0913,Operations,2025-09-26,Client entertainment,26.34,E0927,Paid
EXP-008468,E0963,Sales,2025-09-26,Travel,64.38,E0952,Paid
EXP-008748,E0984,Sales,2025-09-26,Travel,30.66,E1104,Paid
EXP-009228,E1025,Sales,2025-09-26,Travel,114.18,E0983,Paid
EXP-009270,E1029,Sales,2025-09-26,Accommodation,676.08,E1099,Paid
EXP-009311,E1032,Sales,2025-09-26,Supplies,30.44,E1066,Paid
EXP-009506,E1048,Sales,2025-09-26,Travel,40.88,E1026,Paid
EXP-010061,E1093,Sales,2025-09-26,Accommodation,351.15,E1087,Paid
EXP-000081,E0018,Finance,2025-09-27,Meals,248.75,E0210,Paid
EXP-000624,E0114,Finance,2025-09-27,Client entertainment,145.85,E0196,Paid
EXP-001203,E0222,Procurement,2025-09-27,Accommodation,175.36,E0273,Paid
EXP-001965,E0362,Human Resources,2025-09-27,Client entertainment,228.46,E0340,Paid
EXP-002005,E0368,Human Resources,2025-09-27,Travel,411.86,E0346,Paid
EXP-002285,E0418,IT,2025-09-27,Client entertainment,60.64,E0379,Paid
EXP-002290,E0419,IT,2025-09-27,Travel,103.99,E0379,Paid
EXP-002875,E0498,Operations,2025-09-27,Supplies,122.14,E0934,Paid
EXP-002942,E0504,Operations,2025-09-27,Travel,101.68,E0933,Paid
EXP-002991,E0508,Operations,2025-09-27,Travel,89.66,E0929,Paid
EXP-004140,E0608,Operations,2025-09-27,Travel,106.04,E0929,Paid
EXP-004160,E0609,Operations,2025-09-27,Supplies,48.34,E0913,Paid
EXP-004414,E0627,Operations,2025-09-27,Client entertainment,25.6,E0918,Paid
EXP-004705,E0651,Operations,2025-09-27,Meals,238.66,E0917,Paid
EXP-005583,E0729,Operations,2025-09-27,Training,69.43,E0906,Paid
EXP-006654,E0819,Operations,2025-09-27,Training,67.74,E0929,Paid
EXP-007392,E0881,Operations,2025-09-27,Supplies,346.48,E0910,Paid
EXP-007481,E0886,Operations,2025-09-27,Accommodation,170.89,E0914,Paid
EXP-007730,E0907,Operations,2025-09-27,Supplies,254.3,E0938,Paid
EXP-008657,E0978,Sales,2025-09-27,Accommodation,207.94,E1024,Paid
EXP-008973,E1004,Sales,2025-09-27,Training,101.43,E0946,Paid
EXP-009646,E1060,Sales,2025-09-27,Training,43.69,E1069,Paid
EXP-010044,E1092,Sales,2025-09-27,Meals,22.87,E1057,Paid
EXP-010522,E1156,Facilities,2025-09-27,Training,58.02,E1121,Paid
EXP-010826,E0965,Sales,2025-09-27,Client entertainment,930.53,E0976,Paid
EXP-000105,E0022,Finance,2025-09-28,Accommodation,116.64,E0197,Paid
EXP-000695,E0125,Finance,2025-09-28,Meals,307.44,E0196,Paid
EXP-001384,E0257,Procurement,2025-09-28,Accommodation,51.96,E0279,Paid
EXP-001884,E0347,Human Resources,2025-09-28,Training,243.66,E0345,Paid
EXP-001927,E0354,Human Resources,2025-09-28,Accommodation,63.67,E0337,Paid
EXP-002396,E0442,IT,2025-09-28,Client entertainment,45.92,E0379,Paid
EXP-002744,E0488,Operations,2025-09-28,Travel,190.38,E0901,Paid
EXP-002818,E0495,Operations,2025-09-28,Supplies,508.97,E0900,Paid
EXP-003244,E0528,Operations,2025-09-28,Client entertainment,115.92,E0930,Paid
EXP-003609,E0558,Operations,2025-09-28,Supplies,18.5,E0906,Paid
EXP-003920,E0583,Operations,2025-09-28,Training,144.33,E0907,Paid
EXP-004313,E0619,Operations,2025-09-28,Client entertainment,244.01,E0910,Paid
EXP-005042,E0681,Operations,2025-09-28,Accommodation,33.63,E0911,Paid
EXP-005105,E0687,Operations,2025-09-28,Supplies,130.88,E0900,Paid
EXP-006823,E0833,Operations,2025-09-28,Meals,100.58,E0925,Paid
EXP-007121,E0857,Operations,2025-09-28,Client entertainment,132.6,E0937,Paid
EXP-007931,E0922,Operations,2025-09-28,Travel,134.22,E0936,Paid
EXP-008396,E0958,Sales,2025-09-28,Supplies,194.48,E1057,Paid
EXP-008892,E0996,Sales,2025-09-28,Meals,160.46,E1083,Paid
EXP-008921,E0999,Sales,2025-09-28,Travel,33.72,E0992,Paid
EXP-009722,E1065,Sales,2025-09-28,Client entertainment,14.74,E1029,Paid
EXP-010309,E1113,Legal,2025-09-28,Meals,216.84,E1120,Paid
EXP-010515,E1155,Facilities,2025-09-28,Training,104.76,E1121,Paid
EXP-000456,E0086,Finance,2025-09-29,Supplies,403.22,E0199,Paid
EXP-001139,E0211,Procurement,2025-09-29,Meals,57.31,E0280,Paid
EXP-001638,E0301,Human Resources,2025-09-29,Client entertainment,77.18,E0343,Paid
EXP-001706,E0314,Human Resources,2025-09-29,Accommodation,92.38,E0342,Paid
EXP-002115,E0386,IT,2025-09-29,Supplies,581.68,E0379,Paid
EXP-003008,E0510,Operations,2025-09-29,Accommodation,244.54,E0920,Paid
EXP-003084,E0516,Operations,2025-09-29,Travel,150.44,E0934,Paid
EXP-003389,E0542,Operations,2025-09-29,Training,169.83,E0898,Paid
EXP-003427,E0544,Operations,2025-09-29,Meals,72.09,E0901,Paid
EXP-003494,E0548,Operations,2025-09-29,Client entertainment,240.49,E0909,Paid
EXP-003515,E0549,Operations,2025-09-29,Supplies,217.29,E0923,Paid
EXP-003739,E0567,Operations,2025-09-29,Supplies,50.79,E0905,Paid
EXP-003886,E0581,Operations,2025-09-29,Client entertainment,328.66,E0915,Paid
EXP-004058,E0595,Operations,2025-09-29,Training,72.78,E0935,Paid
EXP-004327,E0621,Operations,2025-09-29,Client entertainment,412.62,E0922,Paid
EXP-004482,E0632,Operations,2025-09-29,Accommodation,235.64,E0911,Paid
EXP-005505,E0723,Operations,2025-09-29,Travel,149.75,E0919,Paid
EXP-005962,E0763,Operations,2025-09-29,Meals,153.72,E0914,Paid
EXP-006337,E0793,Operations,2025-09-29,Accommodation,55.33,E0899,Paid
EXP-006445,E0801,Operations,2025-09-29,Client entertainment,63.45,E0903,Paid
EXP-006480,E0803,Operations,2025-09-29,Accommodation,295.64,E0930,Paid
EXP-007377,E0879,Operations,2025-09-29,Client entertainment,191.0,E0899,Paid
EXP-008027,E0928,Operations,2025-09-29,Travel,99.65,E0929,Paid
EXP-008398,E0958,Sales,2025-09-29,Supplies,54.27,E1057,Paid
EXP-008711,E0982,Sales,2025-09-29,Client entertainment,204.73,E0956,Paid
EXP-008883,E0995,Sales,2025-09-29,Supplies,107.62,E0997,Paid
EXP-009253,E1028,Sales,2025-09-29,Client entertainment,102.74,E1026,Paid
EXP-009357,E1035,Sales,2025-09-29,Travel,103.96,E0967,Paid
EXP-009539,E1051,Sales,2025-09-29,Client entertainment,324.65,E1084,Paid
EXP-009563,E1053,Sales,2025-09-29,Meals,63.64,E0987,Paid
EXP-009583,E1056,Sales,2025-09-29,Training,114.98,E1074,Paid
EXP-009885,E1079,Sales,2025-09-29,Supplies,206.87,E0958,Paid
EXP-009960,E1084,Sales,2025-09-29,Meals,104.66,E1041,Paid
EXP-010510,E1154,Facilities,2025-09-29,Accommodation,46.09,E1121,Paid
EXP-010781,E1200,Facilities,2025-09-29,Supplies,64.12,E1121,Paid
EXP-000257,E0047,Finance,2025-09-30,Training,493.81,E0195,Paid
EXP-001132,E0206,Finance,2025-09-30,Supplies,92.34,E0203,Paid
EXP-001346,E0251,Procurement,2025-09-30,Travel,40.99,E0277,Paid
EXP-001476,E0273,Procurement,2025-09-30,Client entertainment,13.91,E0278,Paid
EXP-002273,E0416,IT,2025-09-30,Accommodation,46.16,E0379,Paid
EXP-002284,E0418,IT,2025-09-30,Meals,39.59,E0379,Paid
EXP-002972,E0506,Operations,2025-09-30,Accommodation,196.23,E0899,Paid
EXP-003489,E0548,Operations,2025-09-30,Supplies,23.21,E0909,Paid
EXP-003668,E0561,Operations,2025-09-30,Meals,152.94,E0914,Paid
EXP-003675,E0563,Operations,2025-09-30,Supplies,165.56,E0916,Paid
EXP-003710,E0565,Operations,2025-09-30,Accommodation,354.14,E0917,Paid
EXP-003927,E0583,Operations,2025-09-30,Accommodation,137.57,E0907,Paid
EXP-004002,E0591,Operations,2025-09-30,Accommodation,18.86,E0908,Paid
EXP-004322,E0620,Operations,2025-09-30,Travel,36.06,E0921,Paid
EXP-004684,E0650,Operations,2025-09-30,Supplies,47.91,E0925,Paid
EXP-004854,E0665,Operations,2025-09-30,Supplies,271.11,E0922,Paid
EXP-006456,E0802,Operations,2025-09-30,Training,133.9,E0923,Paid
EXP-006525,E0808,Operations,2025-09-30,Meals,61.99,E0898,Paid
EXP-006591,E0813,Operations,2025-09-30,Meals,106.62,E0901,Paid
EXP-007161,E0860,Operations,2025-09-30,Travel,295.28,E0904,Paid
EXP-007162,E0860,Operations,2025-09-30,Accommodation,55.15,E0904,Paid
EXP-007610,E0898,Operations,2025-09-30,Training,165.08,E0903,Paid
EXP-007864,E0916,Operations,2025-09-30,Client entertainment,46.36,E0001,Paid
EXP-008463,E0963,Sales,2025-09-30,Accommodation,33.57,E0952,Paid
EXP-008503,E0966,Sales,2025-09-30,Accommodation,20.87,E1012,Paid
EXP-008663,E0979,Sales,2025-09-30,Travel,117.36,E0960,Paid
EXP-008976,E1004,Sales,2025-09-30,Meals,124.53,E0946,Paid
EXP-009837,E1076,Sales,2025-09-30,Meals,177.6,E1047,Paid
EXP-010277,E1108,Legal,2025-09-30,Supplies,312.98,E1110,Paid
EXP-010464,E1147,Facilities,2025-09-30,Training,347.44,E1121,Paid
EXP-010742,E1195,Facilities,2025-09-30,Training,384.99,E1121,Paid
EXP-010800,E1203,Facilities,2025-09-30,Travel,185.96,E1121,Paid
EXP-000160,E0033,Finance,2025-10-01,Accommodation,116.56,E0199,Paid
EXP-000253,E0046,Finance,2025-10-01,Supplies,111.96,E0210,Paid
EXP-000475,E0088,Finance,2025-10-01,Accommodation,147.54,E0191,Paid
EXP-000800,E0146,Finance,2025-10-01,Supplies,224.6,E0192,Paid
EXP-001145,E0212,Procurement,2025-10-01,Client entertainment,123.5,E0269,Paid
EXP-001146,E0212,Procurement,2025-10-01,Supplies,196.87,E0269,Paid
EXP-001378,E0255,Procurement,2025-10-01,Supplies,65.91,E0269,Paid
EXP-001605,E0293,Procurement,2025-10-01,Travel,117.24,E0275,Paid
EXP-001848,E0338,Human Resources,2025-10-01,Travel,36.99,E0339,Paid
EXP-002173,E0399,IT,2025-10-01,Client entertainment,132.58,E0379,Paid
EXP-002386,E0438,IT,2025-10-01,Client entertainment,83.51,E0379,Paid
EXP-002566,E0472,IT,2025-10-01,Supplies,68.49,E0379,Paid
EXP-003077,E0516,Operations,2025-10-01,Supplies,63.12,E0934,Paid
EXP-003453,E0546,Operations,2025-10-01,Supplies,32.02,E0933,Paid
EXP-003541,E0553,Operations,2025-10-01,Accommodation,281.79,E0919,Paid
EXP-003610,E0558,Operations,2025-10-01,Meals,115.21,E0906,Paid
EXP-004075,E0596,Operations,2025-10-01,Meals,16.4,E0908,Paid
EXP-004156,E0609,Operations,2025-10-01,Meals,78.62,E0913,Paid
EXP-004275,E0617,Operations,2025-10-01,Supplies,35.54,E0933,Paid
EXP-004559,E0639,Operations,2025-10-01,Training,156.61,E0921,Paid
EXP-004736,E0654,Operations,2025-10-01,Accommodation,57.91,E0930,Paid
EXP-005316,E0704,Operations,2025-10-01,Training,95.02,E0924,Paid
EXP-005621,E0733,Operations,2025-10-01,Meals,68.54,E0919,Paid
EXP-005724,E0742,Operations,2025-10-01,Travel,25.86,E0938,Paid
EXP-005820,E0751,Operations,2025-10-01,Meals,105.79,E0912,Paid
EXP-006103,E0773,Operations,2025-10-01,Training,124.04,E0936,Paid
EXP-007509,E0888,Operations,2025-10-01,Meals,71.52,E0905,Paid
EXP-007941,E0922,Operations,2025-10-01,Meals,111.8,E0936,Paid
EXP-008043,E0930,Operations,2025-10-01,Meals,49.15,E0899,Paid
EXP-008120,E0936,Operations,2025-10-01,Accommodation,245.55,E0920,Paid
EXP-009648,E1060,Sales,2025-10-01,Accommodation,225.27,E1069,Paid
EXP-009856,E1076,Sales,2025-10-01,Meals,310.33,E1047,Paid
EXP-009978,E1086,Sales,2025-10-01,Client entertainment,20.85,E0959,Paid
EXP-010724,E1190,Facilities,2025-10-01,Supplies,119.66,E1121,Paid
EXP-000101,E0022,Finance,2025-10-02,Travel,153.33,E0197,Paid
EXP-000151,E0032,Finance,2025-10-02,Meals,18.48,E0194,Paid
EXP-000324,E0060,Finance,2025-10-02,Client entertainment,168.16,E0190,Paid
EXP-001387,E0258,Procurement,2025-10-02,Travel,219.32,E0270,Paid
EXP-001841,E0337,Human Resources,2025-10-02,Client entertainment,248.6,E0340,Paid
EXP-002046,E0375,Human Resources,2025-10-02,Training,103.1,E0378,Paid
EXP-002187,E0402,IT,2025-10-02,Supplies,107.7,E0379,Paid
EXP-002478,E0456,IT,2025-10-02,Training,237.04,E0379,Paid
EXP-002533,E0466,IT,2025-10-02,Accommodation,54.1,E0379,Paid
EXP-002649,E0481,Operations,2025-10-02,Supplies,32.0,E0927,Paid
EXP-002789,E0493,Operations,2025-10-02,Accommodation,144.23,E0932,Paid
EXP-003623,E0559,Operations,2025-10-02,Accommodation,78.78,E0917,Paid
EXP-003628,E0559,Operations,2025-10-02,Supplies,275.12,E0917,Paid
EXP-003778,E0571,Operations,2025-10-02,Client entertainment,84.7,E0906,Paid
EXP-004326,E0620,Operations,2025-10-02,Travel,491.88,E0921,Paid
EXP-004386,E0625,Operations,2025-10-02,Client entertainment,225.17,E0926,Paid
EXP-005366,E0711,Operations,2025-10-02,Supplies,51.76,E0916,Paid
EXP-005457,E0720,Operations,2025-10-02,Supplies,197.34,E0920,Paid
EXP-005750,E0745,Operations,2025-10-02,Accommodation,130.23,E0938,Paid
EXP-006386,E0798,Operations,2025-10-02,Training,149.09,E0932,Paid
EXP-006577,E0812,Operations,2025-10-02,Client entertainment,45.06,E0908,Paid
EXP-006643,E0818,Operations,2025-10-02,Supplies,43.35,E0931,Paid
EXP-006995,E0846,Operations,2025-10-02,Supplies,96.64,E0938,Paid
EXP-007202,E0863,Operations,2025-10-02,Meals,82.54,E0929,Paid
EXP-007518,E0890,Operations,2025-10-02,Accommodation,84.88,E0901,Paid
EXP-007920,E0921,Operations,2025-10-02,Training,154.63,E0916,Paid
EXP-007949,E0923,Operations,2025-10-02,Accommodation,186.65,E0914,Paid
EXP-008018,E0928,Operations,2025-10-02,Supplies,89.98,E0929,Paid
EXP-008098,E0934,Operations,2025-10-02,Client entertainment,399.77,E0916,Paid
EXP-008511,E0967,Sales,2025-10-02,Accommodation,112.67,E1012,Paid
EXP-008565,E0971,Sales,2025-10-02,Accommodation,257.78,E1063,Paid
EXP-009487,E1045,Sales,2025-10-02,Supplies,89.29,E0986,Paid
EXP-009729,E1065,Sales,2025-10-02,Meals,62.69,E1029,Paid
EXP-009767,E1068,Sales,2025-10-02,Meals,197.59,E1071,Paid
EXP-010039,E1091,Sales,2025-10-02,Meals,44.81,E1063,Paid
EXP-010312,E1113,Legal,2025-10-02,Supplies,671.04,E1120,Paid
EXP-010376,E1124,Facilities,2025-10-02,Client entertainment,60.96,E1121,Paid
EXP-010447,E1142,Facilities,2025-10-02,Travel,265.91,E1121,Paid
EXP-010571,E1165,Facilities,2025-10-02,Client entertainment,231.06,E1121,Paid
EXP-010729,E1191,Facilities,2025-10-02,Meals,43.75,E1121,Paid
EXP-010839,E0965,Sales,2025-10-02,Client entertainment,958.7,E0976,Paid
EXP-010958,E0641,Operations,2025-10-02,Supplies,250.0,E0912,Paid
EXP-000442,E0084,Finance,2025-10-03,Client entertainment,94.41,E0207,Paid
EXP-000524,E0096,Finance,2025-10-03,Accommodation,17.82,E0190,Paid
EXP-000540,E0100,Finance,2025-10-03,Supplies,72.95,E0207,Paid
EXP-000590,E0109,Finance,2025-10-03,Accommodation,64.51,E0197,Paid
EXP-000598,E0110,Finance,2025-10-03,Training,156.39,E0202,Paid
EXP-000850,E0160,Finance,2025-10-03,Accommodation,127.17,E0203,Paid
EXP-000979,E0181,Finance,2025-10-03,Travel,381.3,E0198,Paid
EXP-001000,E0183,Finance,2025-10-03,Meals,57.01,E0198,Paid
EXP-001009,E0185,Finance,2025-10-03,Training,214.53,E0205,Paid
EXP-001092,E0196,Finance,2025-10-03,Accommodation,233.54,E0001,Paid
EXP-001141,E0211,Procurement,2025-10-03,Training,30.11,E0280,Paid
EXP-001745,E0322,Human Resources,2025-10-03,Training,42.37,E0347,Paid
EXP-002184,E0401,IT,2025-10-03,Accommodation,42.74,E0379,Paid
EXP-002414,E0444,IT,2025-10-03,Meals,42.96,E0379,Paid
EXP-002604,E0479,Operations,2025-10-03,Meals,66.52,E0925,Paid
EXP-002655,E0482,Operations,2025-10-03,Travel,481.26,E0919,Paid
EXP-002843,E0496,Operations,2025-10-03,Supplies,115.49,E0899,Paid
EXP-002864,E0498,Operations,2025-10-03,Client entertainment,30.7,E0934,Paid
EXP-003000,E0509,Operations,2025-10-03,Training,100.16,E0911,Paid
EXP-003406,E0543,Operations,2025-10-03,Supplies,171.54,E0914,Paid
EXP-003645,E0560,Operations,2025-10-03,Client entertainment,140.95,E0907,Paid
EXP-004984,E0677,Operations,2025-10-03,Travel,93.31,E0914,Paid
EXP-005220,E0696,Operations,2025-10-03,Training,34.15,E0925,Paid
EXP-005444,E0719,Operations,2025-10-03,Supplies,190.85,E0914,Paid
EXP-005757,E0745,Operations,2025-10-03,Travel,77.88,E0938,Paid
EXP-006084,E0772,Operations,2025-10-03,Client entertainment,152.17,E0910,Paid
EXP-006438,E0801,Operations,2025-10-03,Travel,168.18,E0903,Paid
EXP-006869,E0837,Operations,2025-10-03,Meals,188.44,E0936,Paid
EXP-008006,E0927,Operations,2025-10-03,Training,145.11,E0907,Paid
EXP-008479,E0964,Sales,2025-10-03,Supplies,341.97,E1105,Paid
EXP-008572,E0971,Sales,2025-10-03,Training,105.88,E1063,Paid
EXP-008705,E0982,Sales,2025-10-03,Meals,79.41,E0956,Paid
EXP-009240,E1027,Sales,2025-10-03,Accommodation,44.88,E0988,Paid
EXP-009391,E1037,Sales,2025-10-03,Supplies,67.87,E0993,Paid
EXP-009471,E1044,Sales,2025-10-03,Client entertainment,249.47,E1072,Paid
EXP-009601,E1056,Sales,2025-10-03,Travel,233.76,E1074,Paid
EXP-009867,E1077,Sales,2025-10-03,Travel,523.43,E1064,Paid
EXP-010193,E1103,Sales,2025-10-03,Meals,39.77,E0975,Paid
EXP-010538,E1158,Facilities,2025-10-03,Client entertainment,153.33,E1121,Paid
EXP-010582,E1166,Facilities,2025-10-03,Client entertainment,33.76,E1121,Paid
EXP-010762,E1197,Facilities,2025-10-03,Meals,111.7,E1121,Paid
EXP-010821,E0965,Sales,2025-10-03,Client entertainment,944.6,E0976,Paid
EXP-010911,E1043,Sales,2025-10-03,Client entertainment,973.16,E1099,Paid
EXP-000568,E0105,Finance,2025-10-04,Training,31.99,E0199,Paid
EXP-001350,E0251,Procurement,2025-10-04,Accommodation,96.35,E0277,Paid
EXP-002400,E0442,IT,2025-10-04,Client entertainment,152.72,E0379,Paid
EXP-002722,E0486,Operations,2025-10-04,Accommodation,60.92,E0912,Paid
EXP-003370,E0539,Operations,2025-10-04,Travel,64.41,E0912,Paid
EXP-003607,E0558,Operations,2025-10-04,Meals,10.18,E0906,Paid
EXP-003638,E0560,Operations,2025-10-04,Training,47.53,E0907,Paid
EXP-003846,E0578,Operations,2025-10-04,Accommodation,216.89,E0901,Paid
EXP-004336,E0621,Operations,2025-10-04,Client entertainment,288.61,E0922,Paid
EXP-004678,E0649,Operations,2025-10-04,Accommodation,514.03,E0901,Paid
EXP-005296,E0702,Operations,2025-10-04,Supplies,62.46,E0897,Paid
EXP-005530,E0725,Operations,2025-10-04,Accommodation,173.55,E0917,Paid
EXP-006686,E0821,Operations,2025-10-04,Training,24.81,E0920,Paid
EXP-006999,E0846,Operations,2025-10-04,Accommodation,63.68,E0938,Paid
EXP-007099,E0855,Operations,2025-10-04,Training,11.61,E0925,Paid
EXP-007271,E0870,Operations,2025-10-04,Training,285.08,E0936,Paid
EXP-008737,E0984,Sales,2025-10-04,Travel,162.8,E1104,Paid
EXP-008970,E1004,Sales,2025-10-04,Meals,416.06,E0946,Paid
EXP-009757,E1067,Sales,2025-10-04,Client entertainment,144.41,E0955,Paid
EXP-010324,E1116,Legal,2025-10-04,Client entertainment,217.87,E1110,Paid
EXP-000028,E0007,Finance,2025-10-05,Training,227.73,E0208,Paid
EXP-000410,E0077,Finance,2025-10-05,Client entertainment,154.15,E0202,Paid
EXP-000594,E0109,Finance,2025-10-05,Meals,35.39,E0197,Paid
EXP-000616,E0113,Finance,2025-10-05,Supplies,405.53,E0191,Paid
EXP-001206,E0224,Procurement,2025-10-05,Travel,255.69,E0270,Paid
EXP-001388,E0258,Procurement,2025-10-05,Accommodation,53.28,E0270,Paid
EXP-001904,E0350,Human Resources,2025-10-05,Client entertainment,88.34,E0348,Paid
EXP-001952,E0359,Human Resources,2025-10-05,Accommodation,60.74,E0346,Paid
EXP-002067,E0379,IT,2025-10-05,Supplies,128.23,E0001,Paid
EXP-002595,E0477,Operations,2025-10-05,Accommodation,72.23,E0906,Paid
EXP-003184,E0524,Operations,2025-10-05,Client entertainment,193.46,E0903,Paid
EXP-004617,E0643,Operations,2025-10-05,Accommodation,266.33,E0921,Paid
EXP-004944,E0673,Operations,2025-10-05,Training,295.49,E0909,Paid
EXP-005089,E0685,Operations,2025-10-05,Accommodation,132.36,E0907,Paid
EXP-005133,E0689,Operations,2025-10-05,Supplies,102.63,E0904,Paid
EXP-005281,E0700,Operations,2025-10-05,Accommodation,43.49,E0902,Paid
EXP-005549,E0727,Operations,2025-10-05,Meals,223.09,E0906,Paid
EXP-005654,E0736,Operations,2025-10-05,Client entertainment,124.54,E0902,Paid
EXP-005666,E0737,Operations,2025-10-05,Accommodation,639.44,E0915,Paid
EXP-006523,E0808,Operations,2025-10-05,Client entertainment,68.43,E0898,Paid
EXP-006798,E0831,Operations,2025-10-05,Client entertainment,151.95,E0907,Paid
EXP-006803,E0832,Operations,2025-10-05,Training,33.26,E0904,Paid
EXP-007026,E0849,Operations,2025-10-05,Meals,270.64,E0932,Paid
EXP-007053,E0851,Operations,2025-10-05,Supplies,248.94,E0932,Paid
EXP-007410,E0882,Operations,2025-10-05,Client entertainment,135.1,E0935,Paid
EXP-007928,E0922,Operations,2025-10-05,Client entertainment,150.25,E0936,Paid
EXP-008245,E0946,Sales,2025-10-05,Travel,178.14,E0992,Paid
EXP-008797,E0989,Sales,2025-10-05,Supplies,30.15,E0977,Paid
EXP-008834,E0992,Sales,2025-10-05,Client entertainment,50.2,E1060,Paid
EXP-009430,E1042,Sales,2025-10-05,Supplies,44.52,E0965,Paid
EXP-009967,E1085,Sales,2025-10-05,Training,522.68,E0939,Paid
EXP-010213,E1104,Sales,2025-10-05,Client entertainment,125.3,E1056,Paid
EXP-000995,E0183,Finance,2025-10-06,Training,21.88,E0198,Paid
EXP-001577,E0288,Procurement,2025-10-06,Client entertainment,112.3,E0280,Paid
EXP-001613,E0297,Human Resources,2025-10-06,Training,105.85,E0372,Paid
EXP-001650,E0302,Human Resources,2025-10-06,Meals,21.67,E0377,Paid
EXP-002224,E0407,IT,2025-10-06,Client entertainment,1086.61,E0379,Paid
EXP-002237,E0409,IT,2025-10-06,Supplies,62.14,E0379,Paid
EXP-002823,E0495,Operations,2025-10-06,Training,60.24,E0900,Paid
EXP-003358,E0539,Operations,2025-10-06,Training,470.76,E0912,Paid
EXP-003359,E0539,Operations,2025-10-06,Accommodation,93.79,E0912,Paid
EXP-003838,E0577,Operations,2025-10-06,Supplies,153.39,E0933,Paid
EXP-004100,E0599,Operations,2025-10-06,Training,47.92,E0909,Paid
EXP-004227,E0613,Operations,2025-10-06,Client entertainment,156.68,E0929,Paid
EXP-004346,E0623,Operations,2025-10-06,Training,236.25,E0909,Paid
EXP-005293,E0702,Operations,2025-10-06,Client entertainment,156.88,E0897,Paid
EXP-006501,E0805,Operations,2025-10-06,Supplies,110.75,E0900,Paid
EXP-007326,E0876,Operations,2025-10-06,Meals,80.28,E0911,Paid
EXP-007594,E0897,Operations,2025-10-06,Client entertainment,733.38,E0935,Paid
EXP-007631,E0900,Operations,2025-10-06,Client entertainment,142.64,E0935,Paid
EXP-007907,E0920,Operations,2025-10-06,Supplies,58.17,E0914,Paid
EXP-007936,E0922,Operations,2025-10-06,Client entertainment,188.12,E0936,Paid
EXP-008131,E0937,Operations,2025-10-06,Meals,60.33,E0910,Paid
EXP-008156,E0939,Sales,2025-10-06,Accommodation,20.1,E1055,Paid
EXP-008337,E0954,Sales,2025-10-06,Meals,54.89,E1085,Paid
EXP-009117,E1017,Sales,2025-10-06,Supplies,143.63,E1065,Paid
EXP-009135,E1019,Sales,2025-10-06,Accommodation,14.23,E0984,Paid
EXP-009514,E1050,Sales,2025-10-06,Accommodation,34.97,E1011,Paid
EXP-009553,E1053,Sales,2025-10-06,Training,68.01,E0987,Paid
EXP-009800,E1072,Sales,2025-10-06,Training,77.71,E0973,Paid
EXP-009951,E1084,Sales,2025-10-06,Accommodation,53.12,E1041,Paid
EXP-010643,E1176,Facilities,2025-10-06,Meals,40.56,E1121,Paid
EXP-010842,E0965,Sales,2025-10-06,Client entertainment,951.26,E0976,Paid
EXP-000600,E0110,Finance,2025-10-07,Travel,108.15,E0202,Paid
EXP-000642,E0117,Finance,2025-10-07,Training,223.69,E0190,Paid
EXP-000953,E0176,Finance,2025-10-07,Training,307.93,E0193,Paid
EXP-001447,E0269,Procurement,2025-10-07,Meals,188.06,E0278,Paid
EXP-001973,E0363,Human Resources,2025-10-07,Travel,21.34,E0350,Paid
EXP-002606,E0479,Operations,2025-10-07,Client entertainment,104.89,E0925,Paid
EXP-003146,E0521,Operations,2025-10-07,Training,250.53,E0917,Paid
EXP-003354,E0539,Operations,2025-10-07,Supplies,220.81,E0912,Paid
EXP-003543,E0553,Operations,2025-10-07,Supplies,78.44,E0919,Paid
EXP-003799,E0573,Operations,2025-10-07,Meals,127.63,E0915,Paid
EXP-004025,E0593,Operations,2025-10-07,Meals,217.93,E0938,Paid
EXP-004035,E0594,Operations,2025-10-07,Client entertainment,72.28,E0908,Paid
EXP-004302,E0619,Operations,2025-10-07,Travel,5.52,E0910,Paid
EXP-004342,E0621,Operations,2025-10-07,Travel,79.26,E0922,Paid
EXP-004706,E0651,Operations,2025-10-07,Training,150.7,E0917,Paid
EXP-005181,E0692,Operations,2025-10-07,Training,46.85,E0930,Paid
EXP-005515,E0724,Operations,2025-10-07,Client entertainment,92.29,E0925,Paid
EXP-006188,E0783,Operations,2025-10-07,Supplies,367.83,E0918,Paid
EXP-006578,E0812,Operations,2025-10-07,Supplies,205.19,E0908,Paid
EXP-006870,E0837,Operations,2025-10-07,Supplies,112.42,E0936,Paid
EXP-006954,E0842,Operations,2025-10-07,Client entertainment,858.09,E0909,Paid
EXP-007142,E0858,Operations,2025-10-07,Supplies,35.71,E0917,Paid
EXP-007296,E0873,Operations,2025-10-07,Training,199.23,E0914,Paid
EXP-007609,E0898,Operations,2025-10-07,Supplies,462.34,E0903,Paid
EXP-007621,E0899,Operations,2025-10-07,Training,13.5,E0903,Paid
EXP-007682,E0904,Operations,2025-10-07,Meals,732.96,E0915,Paid
EXP-008286,E0948,Sales,2025-10-07,Training,124.1,E0976,Paid
EXP-008343,E0954,Sales,2025-10-07,Training,110.25,E1085,Paid
EXP-008379,E0957,Sales,2025-10-07,Client entertainment,26.69,E1032,Paid
EXP-008647,E0978,Sales,2025-10-07,Travel,201.91,E1024,Paid
EXP-008967,E1004,Sales,2025-10-07,Training,109.62,E0946,Paid
EXP-009022,E1008,Sales,2025-10-07,Client entertainment,45.13,E0986,Paid
EXP-009069,E1011,Sales,2025-10-07,Training,201.84,E1102,Paid
EXP-009977,E1086,Sales,2025-10-07,Client entertainment,134.6,E0959,Paid
EXP-010777,E1200,Facilities,2025-10-07,Training,59.62,E1121,Paid
EXP-000066,E0015,Finance,2025-10-08,Training,21.63,E0192,Paid
EXP-000114,E0025,Finance,2025-10-08,Travel,7.4,E0196,Paid
EXP-000621,E0113,Finance,2025-10-08,Meals,48.17,E0191,Paid
EXP-001061,E0192,Finance,2025-10-08,Supplies,408.54,E0205,Paid
EXP-001317,E0246,Procurement,2025-10-08,Client entertainment,171.4,E0267,Paid
EXP-001363,E0253,Procurement,2025-10-08,Training,41.72,E0272,Paid
EXP-001929,E0354,Human Resources,2025-10-08,Meals,200.83,E0337,Paid
EXP-002278,E0416,IT,2025-10-08,Client entertainment,916.72,E0379,Paid
EXP-002369,E0436,IT,2025-10-08,Travel,131.75,E0379,Paid
EXP-002748,E0488,Operations,2025-10-08,Meals,63.21,E0901,Paid
EXP-002998,E0509,Operations,2025-10-08,Client entertainment,159.06,E0911,Paid
EXP-003189,E0524,Operations,2025-10-08,Training,166.89,E0903,Paid
EXP-004040,E0594,Operations,2025-10-08,Travel,141.91,E0908,Paid
EXP-004564,E0639,Operations,2025-10-08,Client entertainment,128.77,E0921,Paid
EXP-004837,E0664,Operations,2025-10-08,Meals,38.13,E0932,Paid
EXP-008419,E0960,Sales,2025-10-08,Training,396.04,E1093,Paid
EXP-008952,E1003,Sales,2025-10-08,Training,208.26,E1102,Paid
EXP-009778,E1070,Sales,2025-10-08,Training,128.36,E1009,Paid
EXP-009784,E1070,Sales,2025-10-08,Accommodation,41.07,E1009,Paid
EXP-009944,E1082,Sales,2025-10-08,Client entertainment,115.09,E1002,Paid
EXP-010873,E1033,Sales,2025-10-08,Client entertainment,935.22,E1044,Paid
EXP-000243,E0044,Finance,2025-10-09,Accommodation,94.95,E0194,Paid
EXP-000304,E0057,Finance,2025-10-09,Travel,14.13,E0207,Paid
EXP-000349,E0066,Finance,2025-10-09,Supplies,39.8,E0194,Paid
EXP-000415,E0077,Finance,2025-10-09,Supplies,104.51,E0202,Paid
EXP-000843,E0159,Finance,2025-10-09,Client entertainment,142.88,E0202,Paid
EXP-000869,E0164,Finance,2025-10-09,Travel,61.67,E0190,Paid
EXP-000920,E0172,Finance,2025-10-09,Travel,61.36,E0208,Paid
EXP-000935,E0174,Finance,2025-10-09,Meals,27.51,E0201,Paid
EXP-000975,E0180,Finance,2025-10-09,Supplies,149.32,E0208,Paid
EXP-002245,E0410,IT,2025-10-09,Accommodation,131.52,E0379,Paid
EXP-002403,E0442,IT,2025-10-09,Client entertainment,35.93,E0379,Paid
EXP-002446,E0450,IT,2025-10-09,Accommodation,36.69,E0379,Paid
EXP-002773,E0490,Operations,2025-10-09,Training,37.06,E0923,Paid
EXP-002798,E0494,Operations,2025-10-09,Training,26.81,E0929,Paid
EXP-002898,E0500,Operations,2025-10-09,Training,69.22,E0919,Paid
EXP-003163,E0523,Operations,2025-10-09,Accommodation,83.41,E0920,Paid
EXP-003620,E0559,Operations,2025-10-09,Meals,281.87,E0917,Paid
EXP-003867,E0579,Operations,2025-10-09,Supplies,187.9,E0926,Paid
EXP-004243,E0614,Operations,2025-10-09,Meals,322.72,E0932,Paid
EXP-004456,E0629,Operations,2025-10-09,Travel,158.8,E0935,Paid
EXP-004590,E0641,Operations,2025-10-09,Training,66.91,E0912,Paid
EXP-004621,E0643,Operations,2025-10-09,Training,120.27,E0921,Paid
EXP-004931,E0673,Operations,2025-10-09,Supplies,1023.72,E0909,Paid
EXP-006335,E0793,Operations,2025-10-09,Accommodation,300.69,E0899,Paid
EXP-006502,E0807,Operations,2025-10-09,Supplies,235.87,E0907,Paid
EXP-006620,E0816,Operations,2025-10-09,Meals,95.64,E0917,Paid
EXP-007478,E0886,Operations,2025-10-09,Training,23.94,E0914,Paid
EXP-007508,E0888,Operations,2025-10-09,Client entertainment,71.5,E0905,Paid
EXP-008268,E0947,Sales,2025-10-09,Travel,127.82,E1033,Paid
EXP-008338,E0954,Sales,2025-10-09,Client entertainment,41.63,E1085,Paid
EXP-009458,E1043,Sales,2025-10-09,Supplies,259.94,E1099,Paid
EXP-009470,E1044,Sales,2025-10-09,Training,175.95,E1072,Paid
EXP-009491,E1047,Sales,2025-10-09,Supplies,240.7,E1071,Paid
EXP-009704,E1064,Sales,2025-10-09,Training,44.58,E1053,Paid
EXP-009812,E1074,Sales,2025-10-09,Meals,152.39,E1064,Paid
EXP-009868,E1077,Sales,2025-10-09,Accommodation,34.8,E1064,Paid
EXP-010025,E1090,Sales,2025-10-09,Accommodation,100.32,E0999,Paid
EXP-010283,E1108,Legal,2025-10-09,Client entertainment,118.29,E1110,Paid
EXP-001430,E0264,Procurement,2025-10-10,Supplies,189.46,E0275,Paid
EXP-001467,E0272,Procurement,2025-10-10,Client entertainment,83.21,E0280,Paid
EXP-001494,E0275,Procurement,2025-10-10,Supplies,42.8,E0268,Paid
EXP-002416,E0444,IT,2025-10-10,Supplies,327.57,E0379,Paid
EXP-003978,E0588,Operations,2025-10-10,Training,100.02,E0932,Paid
EXP-003983,E0588,Operations,2025-10-10,Accommodation,1045.43,E0932,Paid
EXP-004220,E0613,Operations,2025-10-10,Meals,84.05,E0929,Paid
EXP-004304,E0619,Operations,2025-10-10,Travel,135.71,E0910,Paid
EXP-004424,E0627,Operations,2025-10-10,Travel,125.39,E0918,Paid
EXP-004585,E0641,Operations,2025-10-10,Accommodation,52.26,E0912,Paid
EXP-004754,E0656,Operations,2025-10-10,Client entertainment,129.19,E0920,Paid
EXP-004779,E0659,Operations,2025-10-10,Accommodation,327.35,E0928,Paid
EXP-005088,E0685,Operations,2025-10-10,Client entertainment,240.18,E0907,Paid
EXP-005814,E0750,Operations,2025-10-10,Training,351.11,E0910,Paid
EXP-006212,E0785,Operations,2025-10-10,Accommodation,294.03,E0924,Paid
EXP-006582,E0813,Operations,2025-10-10,Supplies,163.37,E0901,Paid
EXP-006924,E0841,Operations,2025-10-10,Travel,86.3,E0919,Paid
EXP-007137,E0858,Operations,2025-10-10,Travel,82.85,E0917,Paid
EXP-007906,E0920,Operations,2025-10-10,Supplies,32.6,E0914,Paid
EXP-008224,E0944,Sales,2025-10-10,Travel,97.79,E0957,Paid
EXP-008425,E0961,Sales,2025-10-10,Training,89.15,E1097,Paid
EXP-008580,E0972,Sales,2025-10-10,Travel,175.87,E1087,Paid
EXP-008582,E0972,Sales,2025-10-10,Client entertainment,40.72,E1087,Paid
EXP-008667,E0979,Sales,2025-10-10,Travel,129.45,E0960,Paid
EXP-008863,E0994,Sales,2025-10-10,Accommodation,86.63,E0970,Paid
EXP-009242,E1027,Sales,2025-10-10,Supplies,28.53,E0988,Paid
EXP-009508,E1048,Sales,2025-10-10,Client entertainment,40.2,E1026,Paid
EXP-009859,E1077,Sales,2025-10-10,Meals,51.75,E1064,Paid
EXP-009956,E1084,Sales,2025-10-10,Client entertainment,113.31,E1041,Paid
EXP-010029,E1090,Sales,2025-10-10,Accommodation,58.23,E0999,Paid
EXP-010192,E1103,Sales,2025-10-10,Supplies,53.73,E0975,Paid
EXP-010688,E1185,Facilities,2025-10-10,Travel,169.51,E1121,Paid
EXP-010721,E1190,Facilities,2025-10-10,Client entertainment,257.1,E1121,Paid
EXP-010906,E1043,Sales,2025-10-10,Client entertainment,985.0,E1099,Paid
EXP-010938,E0641,Operations,2025-10-10,Accommodation,52.26,E0912,Paid
EXP-000390,E0072,Finance,2025-10-11,Meals,52.43,E0198,Paid
EXP-000994,E0182,Finance,2025-10-11,Meals,98.26,E0198,Paid
EXP-001309,E0244,Procurement,2025-10-11,Meals,59.79,E0268,Paid
EXP-001448,E0269,Procurement,2025-10-11,Training,106.45,E0278,Paid
EXP-002014,E0370,Human Resources,2025-10-11,Training,1226.26,E0349,Paid
EXP-002097,E0383,IT,2025-10-11,Accommodation,114.99,E0379,Paid
EXP-003405,E0543,Operations,2025-10-11,Client entertainment,50.8,E0914,Paid
EXP-003587,E0556,Operations,2025-10-11,Meals,200.37,E0909,Paid
EXP-004389,E0625,Operations,2025-10-11,Travel,22.78,E0926,Paid
EXP-004903,E0671,Operations,2025-10-11,Accommodation,25.83,E0910,Paid
EXP-005243,E0698,Operations,2025-10-11,Supplies,20.63,E0910,Paid
EXP-005496,E0722,Operations,2025-10-11,Meals,34.14,E0936,Paid
EXP-005950,E0762,Operations,2025-10-11,Client entertainment,62.97,E0912,Paid
EXP-006306,E0792,Operations,2025-10-11,Accommodation,13.49,E0916,Paid
EXP-006935,E0841,Operations,2025-10-11,Travel,126.42,E0919,Paid
EXP-007600,E0897,Operations,2025-10-11,Client entertainment,236.34,E0935,Paid
EXP-007840,E0914,Operations,2025-10-11,Training,99.08,E0001,Paid
EXP-008758,E0985,Sales,2025-10-11,Training,27.33,E0977,Paid
EXP-009389,E1037,Sales,2025-10-11,Accommodation,32.24,E0993,Paid
EXP-009678,E1062,Sales,2025-10-11,Meals,177.47,E0998,Paid
EXP-010304,E1111,Legal,2025-10-11,Training,40.38,E1118,Paid
EXP-001080,E0194,Finance,2025-10-12,Client entertainment,29.08,E0200,Paid
EXP-001864,E0342,Human Resources,2025-10-12,Travel,59.35,E0374,Paid
EXP-002247,E0411,IT,2025-10-12,Meals,14.66,E0379,Paid
EXP-002268,E0415,IT,2025-10-12,Meals,114.65,E0379,Paid
EXP-002354,E0432,IT,2025-10-12,Accommodation,696.59,E0379,Paid
EXP-002501,E0459,IT,2025-10-12,Supplies,26.15,E0379,Paid
EXP-003419,E0543,Operations,2025-10-12,Supplies,221.21,E0914,Paid
EXP-003533,E0552,Operations,2025-10-12,Accommodation,74.51,E0911,Paid
EXP-003738,E0567,Operations,2025-10-12,Meals,219.62,E0905,Paid
EXP-003773,E0571,Operations,2025-10-12,Client entertainment,40.95,E0906,Paid
EXP-003844,E0578,Operations,2025-10-12,Client entertainment,82.43,E0901,Paid
EXP-004214,E0613,Operations,2025-10-12,Client entertainment,42.16,E0929,Paid
EXP-004897,E0670,Operations,2025-10-12,Meals,73.86,E0913,Paid
EXP-005018,E0680,Operations,2025-10-12,Supplies,52.3,E0919,Paid
EXP-005034,E0681,Operations,2025-10-12,Travel,80.92,E0911,Paid
EXP-005106,E0687,Operations,2025-10-12,Travel,258.18,E0900,Paid
EXP-005246,E0698,Operations,2025-10-12,Meals,77.11,E0910,Paid
EXP-005448,E0719,Operations,2025-10-12,Training,66.61,E0914,Paid
EXP-005715,E0741,Operations,2025-10-12,Supplies,132.97,E0918,Paid
EXP-006056,E0770,Operations,2025-10-12,Meals,408.16,E0912,Paid
EXP-006144,E0777,Operations,2025-10-12,Training,153.12,E0907,Paid
EXP-006269,E0788,Operations,2025-10-12,Client entertainment,6.46,E0925,Paid
EXP-007925,E0922,Operations,2025-10-12,Training,266.28,E0936,Paid
EXP-007938,E0922,Operations,2025-10-12,Accommodation,76.83,E0936,Paid
EXP-008041,E0929,Operations,2025-10-12,Client entertainment,84.44,E0911,Paid
EXP-008752,E0985,Sales,2025-10-12,Travel,345.79,E0977,Paid
EXP-009096,E1015,Sales,2025-10-12,Client entertainment,266.82,E1034,Paid
EXP-009155,E1020,Sales,2025-10-12,Meals,311.46,E1081,Paid
EXP-010019,E1090,Sales,2025-10-12,Meals,43.73,E0999,Paid
EXP-010119,E1097,Sales,2025-10-12,Accommodation,105.49,E1030,Paid
EXP-010222,E1104,Sales,2025-10-12,Training,52.8,E1056,Paid
EXP-010961,E0641,Operations,2025-10-12,Supplies,150.0,E0912,Paid
EXP-000140,E0030,Finance,2025-10-13,Client entertainment,61.94,E0210,Paid
EXP-000816,E0154,Finance,2025-10-13,Travel,192.38,E0197,Paid
EXP-000932,E0174,Finance,2025-10-13,Meals,47.71,E0201,Paid
EXP-000947,E0175,Finance,2025-10-13,Travel,191.25,E0195,Paid
EXP-001167,E0214,Procurement,2025-10-13,Travel,497.02,E0279,Paid
EXP-001464,E0271,Procurement,2025-10-13,Training,28.88,E0267,Paid
EXP-001524,E0281,Procurement,2025-10-13,Supplies,300.19,E0268,Paid
EXP-002079,E0381,IT,2025-10-13,Meals,298.85,E0379,Paid
EXP-002150,E0393,IT,2025-10-13,Accommodation,52.84,E0379,Paid
EXP-002506,E0460,IT,2025-10-13,Training,68.68,E0379,Paid
EXP-002530,E0465,IT,2025-10-13,Accommodation,216.8,E0379,Paid
EXP-003476,E0547,Operations,2025-10-13,Travel,72.55,E0933,Paid
EXP-003899,E0581,Operations,2025-10-13,Supplies,101.31,E0915,Paid
EXP-004626,E0644,Operations,2025-10-13,Accommodation,66.7,E0911,Paid
EXP-004889,E0670,Operations,2025-10-13,Travel,165.98,E0913,Paid
EXP-005148,E0690,Operations,2025-10-13,Training,74.26,E0918,Paid
EXP-005149,E0690,Operations,2025-10-13,Travel,30.48,E0918,Paid
EXP-005780,E0748,Operations,2025-10-13,Travel,50.11,E0926,Paid
EXP-006215,E0785,Operations,2025-10-13,Supplies,155.56,E0924,Paid
EXP-006239,E0786,Operations,2025-10-13,Accommodation,324.23,E0901,Paid
EXP-006419,E0800,Operations,2025-10-13,Training,128.11,E0910,Paid
EXP-006575,E0812,Operations,2025-10-13,Supplies,105.05,E0908,Paid
EXP-007232,E0866,Operations,2025-10-13,Client entertainment,30.35,E0921,Paid
EXP-008968,E1004,Sales,2025-10-13,Travel,104.75,E0946,Paid
EXP-009724,E1065,Sales,2025-10-13,Meals,215.63,E1029,Paid
EXP-009801,E1072,Sales,2025-10-13,Client entertainment,290.94,E0973,Paid
EXP-009893,E1079,Sales,2025-10-13,Meals,441.12,E0958,Paid
EXP-010117,E1097,Sales,2025-10-13,Supplies,100.86,E1030,Paid
EXP-010653,E1178,Facilities,2025-10-13,Accommodation,17.43,E1121,Paid
EXP-010761,E1197,Facilities,2025-10-13,Supplies,124.88,E1121,Paid
EXP-000238,E0044,Finance,2025-10-14,Travel,486.46,E0194,Paid
EXP-001359,E0252,Procurement,2025-10-14,Training,987.73,E0280,Paid
EXP-001618,E0297,Human Resources,2025-10-14,Meals,137.7,E0372,Paid
EXP-001634,E0300,Human Resources,2025-10-14,Travel,68.3,E0344,Paid
EXP-001785,E0327,Human Resources,2025-10-14,Training,34.35,E0377,Paid
EXP-002681,E0484,Operations,2025-10-14,Meals,100.91,E0902,Paid
EXP-002868,E0498,Operations,2025-10-14,Meals,540.81,E0934,Paid
EXP-003067,E0515,Operations,2025-10-14,Travel,132.42,E0912,Paid
EXP-003242,E0528,Operations,2025-10-14,Supplies,200.2,E0930,Paid
EXP-003311,E0536,Operations,2025-10-14,Supplies,197.9,E0910,Paid
EXP-003579,E0556,Operations,2025-10-14,Training,56.13,E0909,Paid
EXP-004173,E0610,Operations,2025-10-14,Training,23.07,E0907,Paid
EXP-004207,E0612,Operations,2025-10-14,Supplies,17.08,E0922,Paid
EXP-004490,E0633,Operations,2025-10-14,Client entertainment,233.93,E0901,Paid
EXP-004660,E0648,Operations,2025-10-14,Client entertainment,38.72,E0909,Paid
EXP-004725,E0653,Operations,2025-10-14,Travel,117.95,E0936,Paid
EXP-005258,E0699,Operations,2025-10-14,Supplies,279.99,E0931,Paid
EXP-005458,E0720,Operations,2025-10-14,Supplies,125.24,E0920,Paid
EXP-005695,E0739,Operations,2025-10-14,Travel,117.71,E0930,Paid
EXP-005964,E0764,Operations,2025-10-14,Supplies,217.85,E0934,Paid
EXP-006092,E0773,Operations,2025-10-14,Supplies,45.07,E0936,Paid
EXP-007205,E0863,Operations,2025-10-14,Supplies,146.7,E0929,Paid
EXP-007488,E0887,Operations,2025-10-14,Supplies,38.79,E0926,Paid
EXP-008084,E0933,Operations,2025-10-14,Meals,70.45,E0899,Paid
EXP-008855,E0993,Sales,2025-10-14,Meals,131.87,E1048,Paid
EXP-010038,E1091,Sales,2025-10-14,Client entertainment,160.86,E1063,Paid
EXP-010104,E1096,Sales,2025-10-14,Accommodation,507.82,E0968,Paid
EXP-010197,E1103,Sales,2025-10-14,Client entertainment,33.64,E0975,Paid
EXP-010427,E1137,Facilities,2025-10-14,Training,29.11,E1121,Paid
EXP-010953,E0641,Operations,2025-10-14,Supplies,100.0,E0912,Paid
EXP-000903,E0170,Finance,2025-10-15,Travel,57.17,E0194,Paid
EXP-001379,E0256,Procurement,2025-10-15,Training,14.32,E0273,Paid
EXP-001537,E0284,Procurement,2025-10-15,Supplies,140.47,E0272,Paid
EXP-001820,E0334,Human Resources,2025-10-15,Travel,139.08,E0373,Paid
EXP-002633,E0480,Operations,2025-10-15,Accommodation,372.08,E0903,Paid
EXP-003235,E0528,Operations,2025-10-15,Accommodation,38.44,E0930,Paid
EXP-003506,E0549,Operations,2025-10-15,Training,77.33,E0923,Paid
EXP-003530,E0552,Operations,2025-10-15,Meals,37.56,E0911,Paid
EXP-003538,E0552,Operations,2025-10-15,Client entertainment,36.23,E0911,Paid
EXP-003746,E0567,Operations,2025-10-15,Training,272.49,E0905,Paid
EXP-003974,E0588,Operations,2025-10-15,Accommodation,162.89,E0932,Paid
EXP-003984,E0588,Operations,2025-10-15,Client entertainment,51.86,E0932,Paid
EXP-004228,E0613,Operations,2025-10-15,Accommodation,30.8,E0929,Paid
EXP-004300,E0619,Operations,2025-10-15,Supplies,197.46,E0910,Paid
EXP-004488,E0633,Operations,2025-10-15,Meals,145.96,E0901,Paid
EXP-004852,E0665,Operations,2025-10-15,Travel,39.19,E0922,Paid
EXP-006075,E0772,Operations,2025-10-15,Meals,23.49,E0910,Paid
EXP-006113,E0775,Operations,2025-10-15,Accommodation,433.12,E0907,Paid
EXP-006321,E0792,Operations,2025-10-15,Meals,129.46,E0916,Paid
EXP-007464,E0885,Operations,2025-10-15,Training,88.67,E0914,Paid
EXP-007950,E0923,Operations,2025-10-15,Meals,45.29,E0914,Paid
EXP-007987,E0925,Operations,2025-10-15,Meals,79.2,E0900,Paid
EXP-007990,E0926,Operations,2025-10-15,Travel,393.19,E0906,Paid
EXP-008129,E0937,Operations,2025-10-15,Supplies,89.03,E0910,Paid
EXP-008221,E0944,Sales,2025-10-15,Training,78.29,E0957,Paid
EXP-008980,E1005,Sales,2025-10-15,Client entertainment,105.93,E1068,Paid
EXP-010035,E1091,Sales,2025-10-15,Training,150.47,E1063,Paid
EXP-010139,E1098,Sales,2025-10-15,Travel,15.78,E1042,Paid
EXP-010744,E1195,Facilities,2025-10-15,Supplies,165.08,E1121,Paid
EXP-010971,E0641,Operations,2025-10-15,Supplies,500.0,E0912,Paid
EXP-000436,E0083,Finance,2025-10-16,Meals,331.48,E0199,Paid
EXP-000663,E0120,Finance,2025-10-16,Meals,86.85,E0203,Paid
EXP-000718,E0133,Finance,2025-10-16,Travel,312.76,E0195,Paid
EXP-000724,E0134,Finance,2025-10-16,Travel,174.41,E0206,Paid
EXP-000859,E0162,Finance,2025-10-16,Client entertainment,71.56,E0193,Paid
EXP-001408,E0260,Procurement,2025-10-16,Supplies,38.77,E0277,Paid
EXP-001786,E0327,Human Resources,2025-10-16,Meals,7.95,E0377,Paid
EXP-001835,E0336,Human Resources,2025-10-16,Training,123.84,E0378,Paid
EXP-001888,E0347,Human Resources,2025-10-16,Accommodation,116.52,E0345,Paid
EXP-002043,E0375,Human Resources,2025-10-16,Accommodation,187.35,E0378,Paid
EXP-002134,E0391,IT,2025-10-16,Supplies,45.77,E0379,Paid
EXP-002327,E0426,IT,2025-10-16,Accommodation,203.22,E0379,Paid
EXP-002635,E0480,Operations,2025-10-16,Travel,73.16,E0903,Paid
EXP-002969,E0506,Operations,2025-10-16,Supplies,225.95,E0899,Paid
EXP-003319,E0536,Operations,2025-10-16,Travel,631.23,E0910,Paid
EXP-003332,E0537,Operations,2025-10-16,Accommodation,14.45,E0914,Paid
EXP-003699,E0564,Operations,2025-10-16,Accommodation,54.97,E0913,Paid
EXP-003936,E0585,Operations,2025-10-16,Supplies,134.36,E0902,Paid
EXP-004595,E0642,Operations,2025-10-16,Training,40.66,E0901,Paid
EXP-004796,E0660,Operations,2025-10-16,Client entertainment,343.6,E0930,Paid
EXP-004956,E0674,Operations,2025-10-16,Training,38.46,E0928,Paid
EXP-005276,E0700,Operations,2025-10-16,Supplies,226.44,E0902,Paid
EXP-005610,E0732,Operations,2025-10-16,Meals,1148.16,E0923,Paid
EXP-005939,E0761,Operations,2025-10-16,Meals,177.95,E0907,Paid
EXP-006067,E0771,Operations,2025-10-16,Meals,59.32,E0933,Paid
EXP-006312,E0792,Operations,2025-10-16,Meals,188.05,E0916,Paid
EXP-006362,E0797,Operations,2025-10-16,Client entertainment,64.05,E0909,Paid
EXP-006423,E0800,Operations,2025-10-16,Travel,125.02,E0910,Paid
EXP-006695,E0824,Operations,2025-10-16,Supplies,64.56,E0930,Paid
EXP-007152,E0859,Operations,2025-10-16,Client entertainment,67.42,E0919,Paid
EXP-007530,E0890,Operations,2025-10-16,Training,114.85,E0901,Paid
EXP-007706,E0906,Operations,2025-10-16,Client entertainment,17.09,E0937,Paid
EXP-008189,E0942,Sales,2025-10-16,Supplies,179.26,E1075,Paid
EXP-009348,E1035,Sales,2025-10-16,Travel,117.31,E0967,Paid
EXP-009435,E1042,Sales,2025-10-16,Supplies,33.02,E0965,Paid
EXP-009957,E1084,Sales,2025-10-16,Travel,183.42,E1041,Paid
EXP-009976,E1085,Sales,2025-10-16,Client entertainment,370.06,E0939,Paid
EXP-010641,E1176,Facilities,2025-10-16,Meals,38.25,E1121,Paid
EXP-000123,E0027,Finance,2025-10-17,Travel,57.81,E0206,Paid
EXP-000378,E0069,Finance,2025-10-17,Meals,26.57,E0207,Paid
EXP-000451,E0085,Finance,2025-10-17,Accommodation,69.46,E0206,Paid
EXP-000474,E0088,Finance,2025-10-17,Supplies,214.19,E0191,Paid
EXP-000873,E0164,Finance,2025-10-17,Client entertainment,50.71,E0190,Paid
EXP-001036,E0189,Finance,2025-10-17,Client entertainment,68.42,E0198,Paid
EXP-001179,E0219,Procurement,2025-10-17,Client entertainment,35.42,E0269,Paid
EXP-001207,E0224,Procurement,2025-10-17,Travel,41.99,E0270,Paid
EXP-001608,E0294,Procurement,2025-10-17,Accommodation,36.5,E0277,Paid
EXP-001719,E0316,Human Resources,2025-10-17,Accommodation,42.6,E0348,Paid
EXP-002291,E0419,IT,2025-10-17,Meals,134.33,E0379,Paid
EXP-003019,E0510,Operations,2025-10-17,Client entertainment,197.94,E0920,Paid
EXP-003040,E0512,Operations,2025-10-17,Travel,66.63,E0903,Paid
EXP-003165,E0523,Operations,2025-10-17,Meals,66.85,E0920,Paid
EXP-003329,E0537,Operations,2025-10-17,Client entertainment,43.19,E0914,Paid
EXP-003574,E0556,Operations,2025-10-17,Supplies,160.53,E0909,Paid
EXP-003884,E0581,Operations,2025-10-17,Travel,199.35,E0915,Paid
EXP-003894,E0581,Operations,2025-10-17,Meals,39.77,E0915,Paid
EXP-003937,E0585,Operations,2025-10-17,Training,65.84,E0902,Paid
EXP-004454,E0629,Operations,2025-10-17,Training,109.4,E0935,Paid
EXP-004857,E0668,Operations,2025-10-17,Accommodation,498.03,E0913,Paid
EXP-004872,E0669,Operations,2025-10-17,Supplies,225.88,E0900,Paid
EXP-004904,E0671,Operations,2025-10-17,Travel,28.48,E0910,Paid
EXP-005973,E0764,Operations,2025-10-17,Meals,62.14,E0934,Paid
EXP-007176,E0861,Operations,2025-10-17,Meals,59.37,E0908,Paid
EXP-007391,E0881,Operations,2025-10-17,Client entertainment,200.75,E0910,Paid
EXP-007476,E0886,Operations,2025-10-17,Training,162.13,E0914,Paid
EXP-007815,E0913,Operations,2025-10-17,Supplies,99.86,E0927,Paid
EXP-007854,E0915,Operations,2025-10-17,Travel,104.75,E0911,Paid
EXP-007869,E0916,Operations,2025-10-17,Travel,60.54,E0001,Paid
EXP-007893,E0919,Operations,2025-10-17,Client entertainment,59.57,E0898,Paid
EXP-008393,E0958,Sales,2025-10-17,Training,152.65,E1057,Paid
EXP-008616,E0975,Sales,2025-10-17,Meals,57.17,E1046,Paid
EXP-009043,E1009,Sales,2025-10-17,Travel,183.83,E1040,Paid
EXP-009313,E1032,Sales,2025-10-17,Meals,114.9,E1066,Paid
EXP-009953,E1084,Sales,2025-10-17,Travel,91.22,E1041,Paid
EXP-010662,E1179,Facilities,2025-10-17,Client entertainment,82.68,E1121,Paid
EXP-010827,E0965,Sales,2025-10-17,Client entertainment,985.05,E0976,Paid
EXP-000652,E0119,Finance,2025-10-18,Supplies,282.61,E0210,Paid
EXP-000754,E0139,Finance,2025-10-18,Meals,71.85,E0209,Paid
EXP-000886,E0167,Finance,2025-10-18,Client entertainment,52.46,E0190,Paid
EXP-001030,E0188,Finance,2025-10-18,Travel,96.41,E0196,Paid
EXP-001055,E0191,Finance,2025-10-18,Meals,37.82,E0204,Paid
EXP-001084,E0195,Finance,2025-10-18,Supplies,78.41,E0204,Paid
EXP-001825,E0334,Human Resources,2025-10-18,Supplies,257.54,E0373,Paid
EXP-001969,E0362,Human Resources,2025-10-18,Client entertainment,244.15,E0340,Paid
EXP-002190,E0402,IT,2025-10-18,Accommodation,33.34,E0379,Paid
EXP-002476,E0456,IT,2025-10-18,Travel,34.49,E0379,Paid
EXP-002776,E0492,Operations,2025-10-18,Supplies,379.51,E0900,Paid
EXP-003021,E0511,Operations,2025-10-18,Accommodation,90.72,E0898,Paid
EXP-003411,E0543,Operations,2025-10-18,Travel,308.68,E0914,Paid
EXP-003568,E0555,Operations,2025-10-18,Meals,254.67,E0934,Paid
EXP-004095,E0599,Operations,2025-10-18,Travel,714.44,E0909,Paid
EXP-004216,E0613,Operations,2025-10-18,Client entertainment,119.98,E0929,Paid
EXP-004453,E0629,Operations,2025-10-18,Meals,448.52,E0935,Paid
EXP-004866,E0668,Operations,2025-10-18,Meals,30.61,E0913,Paid
EXP-005210,E0696,Operations,2025-10-18,Meals,233.81,E0925,Paid
EXP-005426,E0718,Operations,2025-10-18,Training,39.09,E0913,Paid
EXP-005595,E0730,Operations,2025-10-18,Client entertainment,16.63,E0900,Paid
EXP-005800,E0750,Operations,2025-10-18,Client entertainment,26.45,E0910,Paid
EXP-006370,E0797,Operations,2025-10-18,Travel,215.19,E0909,Paid
EXP-006483,E0805,Operations,2025-10-18,Meals,211.31,E0900,Paid
EXP-007193,E0862,Operations,2025-10-18,Accommodation,19.15,E0924,Paid
EXP-007253,E0868,Operations,2025-10-18,Accommodation,91.6,E0906,Paid
EXP-007853,E0915,Operations,2025-10-18,Meals,65.54,E0911,Paid
EXP-007892,E0919,Operations,2025-10-18,Travel,106.58,E0898,Paid
EXP-008225,E0944,Sales,2025-10-18,Travel,220.71,E0957,Paid
EXP-008459,E0963,Sales,2025-10-18,Meals,99.04,E0952,Paid
EXP-008779,E0987,Sales,2025-10-18,Travel,53.7,E1001,Paid
EXP-008798,E0989,Sales,2025-10-18,Client entertainment,176.8,E0977,Paid
EXP-009509,E1048,Sales,2025-10-18,Meals,161.24,E1026,Paid
EXP-000726,E0134,Finance,2025-10-19,Client entertainment,1094.27,E0206,Paid
EXP-001255,E0235,Procurement,2025-10-19,Travel,167.95,E0274,Paid
EXP-001627,E0299,Human Resources,2025-10-19,Training,95.84,E0376,Paid
EXP-001690,E0311,Human Resources,2025-10-19,Travel,89.88,E0377,Paid
EXP-001715,E0315,Human Resources,2025-10-19,Supplies,199.16,E0343,Paid
EXP-001832,E0336,Human Resources,2025-10-19,Meals,204.19,E0378,Paid
EXP-001842,E0338,Human Resources,2025-10-19,Training,105.8,E0339,Paid
EXP-002204,E0405,IT,2025-10-19,Client entertainment,532.04,E0379,Paid
EXP-002808,E0494,Operations,2025-10-19,Training,166.97,E0929,Paid
EXP-002856,E0497,Operations,2025-10-19,Travel,50.89,E0909,Paid
EXP-003033,E0512,Operations,2025-10-19,Travel,39.75,E0903,Paid
EXP-003276,E0533,Operations,2025-10-19,Accommodation,97.13,E0918,Paid
EXP-003388,E0542,Operations,2025-10-19,Travel,89.85,E0898,Paid
EXP-003473,E0547,Operations,2025-10-19,Training,98.27,E0933,Paid
EXP-003893,E0581,Operations,2025-10-19,Travel,372.08,E0915,Paid
EXP-003908,E0582,Operations,2025-10-19,Training,78.3,E0898,Paid
EXP-003972,E0588,Operations,2025-10-19,Meals,78.51,E0932,Paid
EXP-003998,E0590,Operations,2025-10-19,Meals,5.42,E0926,Paid
EXP-004116,E0602,Operations,2025-10-19,Supplies,77.18,E0919,Paid
EXP-004205,E0612,Operations,2025-10-19,Meals,256.23,E0922,Paid
EXP-004288,E0618,Operations,2025-10-19,Accommodation,174.43,E0906,Paid
EXP-005195,E0694,Operations,2025-10-19,Supplies,229.57,E0932,Paid
EXP-005282,E0700,Operations,2025-10-19,Supplies,74.02,E0902,Paid
EXP-005521,E0724,Operations,2025-10-19,Supplies,188.89,E0925,Paid
EXP-006155,E0778,Operations,2025-10-19,Meals,57.67,E0906,Paid
EXP-006315,E0792,Operations,2025-10-19,Travel,93.69,E0916,Paid
EXP-006586,E0813,Operations,2025-10-19,Supplies,171.21,E0901,Paid
EXP-006661,E0819,Operations,2025-10-19,Accommodation,655.4,E0929,Paid
EXP-007003,E0846,Operations,2025-10-19,Training,54.5,E0938,Paid
EXP-007976,E0925,Operations,2025-10-19,Client entertainment,249.09,E0900,Paid
EXP-008263,E0946,Sales,2025-10-19,Accommodation,237.21,E0992,Paid
EXP-008426,E0961,Sales,2025-10-19,Supplies,57.38,E1097,Paid
EXP-009384,E1037,Sales,2025-10-19,Client entertainment,784.62,E0993,Paid
EXP-010011,E1090,Sales,2025-10-19,Accommodation,40.42,E0999,Paid
EXP-010191,E1102,Sales,2025-10-19,Meals,23.74,E1067,Paid
EXP-010274,E1107,Legal,2025-10-19,Accommodation,464.55,E1119,Paid
EXP-010574,E1165,Facilities,2025-10-19,Travel,51.94,E1121,Paid
EXP-000197,E0039,Finance,2025-10-20,Accommodation,42.9,E0190,Paid
EXP-000406,E0076,Finance,2025-10-20,Training,48.09,E0208,Paid
EXP-000853,E0160,Finance,2025-10-20,Training,40.58,E0203,Paid
EXP-001057,E0191,Finance,2025-10-20,Accommodation,32.82,E0204,Paid
EXP-001158,E0213,Procurement,2025-10-20,Client entertainment,20.86,E0273,Paid
EXP-001224,E0228,Procurement,2025-10-20,Accommodation,136.66,E0271,Paid
EXP-001428,E0264,Procurement,2025-10-20,Client entertainment,130.47,E0275,Paid
EXP-001598,E0291,Procurement,2025-10-20,Client entertainment,97.72,E0269,Paid
EXP-001767,E0325,Human Resources,2025-10-20,Client entertainment,193.82,E0344,Paid
EXP-001853,E0339,Human Resources,2025-10-20,Accommodation,40.17,E0341,Paid
EXP-002296,E0421,IT,2025-10-20,Travel,126.68,E0379,Paid
EXP-003521,E0550,Operations,2025-10-20,Training,78.76,E0912,Paid
EXP-003604,E0558,Operations,2025-10-20,Accommodation,269.12,E0906,Paid
EXP-003796,E0573,Operations,2025-10-20,Meals,24.12,E0915,Paid
EXP-003815,E0574,Operations,2025-10-20,Supplies,398.79,E0927,Paid
EXP-004975,E0677,Operations,2025-10-20,Training,200.52,E0914,Paid
EXP-005115,E0688,Operations,2025-10-20,Training,48.33,E0916,Paid
EXP-005627,E0734,Operations,2025-10-20,Meals,115.44,E0921,Paid
EXP-005713,E0741,Operations,2025-10-20,Accommodation,237.93,E0918,Paid
EXP-006023,E0768,Operations,2025-10-20,Meals,20.98,E0912,Paid
EXP-006427,E0800,Operations,2025-10-20,Accommodation,70.5,E0910,Paid
EXP-006455,E0802,Operations,2025-10-20,Client entertainment,10.39,E0923,Paid
EXP-006724,E0826,Operations,2025-10-20,Accommodation,92.65,E0934,Paid
EXP-008991,E1006,Sales,2025-10-20,Accommodation,92.57,E0948,Paid
EXP-009289,E1031,Sales,2025-10-20,Training,84.09,E0961,Paid
EXP-009315,E1033,Sales,2025-10-20,Accommodation,97.82,E1044,Paid
EXP-009337,E1034,Sales,2025-10-20,Meals,199.81,E0973,Paid
EXP-009429,E1042,Sales,2025-10-20,Training,152.58,E0965,Paid
EXP-009547,E1052,Sales,2025-10-20,Supplies,186.97,E0987,Paid
EXP-009843,E1076,Sales,2025-10-20,Supplies,391.02,E1047,Paid
EXP-009871,E1077,Sales,2025-10-20,Meals,102.66,E1064,Paid
EXP-010417,E1136,Facilities,2025-10-20,Training,125.66,E1121,Paid
EXP-010541,E1158,Facilities,2025-10-20,Supplies,143.37,E1121,Paid
EXP-010705,E1188,Facilities,2025-10-20,Client entertainment,272.02,E1121,Paid
EXP-000233,E0043,Finance,2025-10-21,Client entertainment,59.6,E0207,Paid
EXP-000446,E0085,Finance,2025-10-21,Accommodation,161.3,E0206,Paid
EXP-001429,E0264,Procurement,2025-10-21,Client entertainment,460.0,E0275,Paid
EXP-002069,E0380,IT,2025-10-21,Accommodation,25.4,E0379,Paid
EXP-002179,E0400,IT,2025-10-21,Supplies,133.13,E0400,Paid
EXP-002353,E0432,IT,2025-10-21,Accommodation,51.53,E0379,Paid
EXP-002759,E0489,Operations,2025-10-21,Travel,337.18,E0930,Paid
EXP-005430,E0718,Operations,2025-10-21,Client entertainment,27.5,E0913,Paid
EXP-005504,E0723,Operations,2025-10-21,Supplies,86.11,E0919,Paid
EXP-005974,E0764,Operations,2025-10-21,Meals,63.29,E0934,Paid
EXP-006533,E0808,Operations,2025-10-21,Meals,60.62,E0898,Paid
EXP-007222,E0864,Operations,2025-10-21,Accommodation,29.06,E0912,Paid
EXP-007483,E0887,Operations,2025-10-21,Client entertainment,139.03,E0926,Paid
EXP-007675,E0903,Operations,2025-10-21,Client entertainment,61.7,E0931,Paid
EXP-007689,E0904,Operations,2025-10-21,Client entertainment,38.42,E0915,Paid
EXP-008016,E0927,Operations,2025-10-21,Accommodation,199.28,E0907,Paid
EXP-008023,E0928,Operations,2025-10-21,Meals,211.7,E0929,Paid
EXP-008114,E0935,Operations,2025-10-21,Accommodation,83.08,E0900,Paid
EXP-008536,E0969,Sales,2025-10-21,Meals,286.13,E1033,Paid
EXP-008738,E0984,Sales,2025-10-21,Training,20.86,E1104,Paid
EXP-008899,E0998,Sales,2025-10-21,Training,91.85,E1081,Paid
EXP-008936,E1000,Sales,2025-10-21,Training,230.41,E0989,Paid
EXP-009291,E1031,Sales,2025-10-21,Travel,92.46,E0961,Paid
EXP-009385,E1037,Sales,2025-10-21,Client entertainment,277.93,E0993,Paid
EXP-009834,E1075,Sales,2025-10-21,Training,175.45,E1072,Paid
EXP-000234,E0043,Finance,2025-10-22,Meals,41.26,E0207,Paid
EXP-000413,E0077,Finance,2025-10-22,Training,80.65,E0202,Paid
EXP-000512,E0095,Finance,2025-10-22,Supplies,74.45,E0208,Paid
EXP-001121,E0204,Finance,2025-10-22,Travel,10.4,E0196,Paid
EXP-002863,E0498,Operations,2025-10-22,Client entertainment,259.66,E0934,Paid
EXP-003272,E0533,Operations,2025-10-22,Accommodation,28.33,E0918,Paid
EXP-003375,E0541,Operations,2025-10-22,Accommodation,77.95,E0930,Paid
EXP-003714,E0565,Operations,2025-10-22,Client entertainment,152.17,E0917,Paid
EXP-003997,E0590,Operations,2025-10-22,Client entertainment,72.53,E0926,Paid
EXP-004347,E0623,Operations,2025-10-22,Client entertainment,166.51,E0909,Paid
EXP-004662,E0648,Operations,2025-10-22,Meals,45.63,E0909,Paid
EXP-005036,E0681,Operations,2025-10-22,Training,77.68,E0911,Paid
EXP-005663,E0737,Operations,2025-10-22,Supplies,178.27,E0915,Paid
EXP-005699,E0739,Operations,2025-10-22,Training,32.87,E0930,Paid
EXP-005790,E0749,Operations,2025-10-22,Client entertainment,541.8,E0918,Paid
EXP-006444,E0801,Operations,2025-10-22,Client entertainment,544.01,E0903,Paid
EXP-006766,E0829,Operations,2025-10-22,Training,547.6,E0924,Paid
EXP-007251,E0868,Operations,2025-10-22,Accommodation,36.84,E0906,Paid
EXP-007588,E0895,Operations,2025-10-22,Training,325.23,E0900,Paid
EXP-007753,E0909,Operations,2025-10-22,Accommodation,44.09,E0922,Paid
EXP-008093,E0934,Operations,2025-10-22,Accommodation,152.21,E0916,Paid
EXP-009292,E1031,Sales,2025-10-22,Accommodation,29.2,E0961,Paid
EXP-009680,E1062,Sales,2025-10-22,Supplies,27.64,E0998,Paid
EXP-009929,E1081,Sales,2025-10-22,Meals,57.89,E1047,Paid
EXP-009972,E1085,Sales,2025-10-22,Accommodation,151.08,E0939,Paid
EXP-000073,E0016,Finance,2025-10-23,Accommodation,70.98,E0199,Paid
EXP-000186,E0036,Finance,2025-10-23,Training,96.78,E0199,Paid
EXP-000453,E0085,Finance,2025-10-23,Accommodation,43.41,E0206,Paid
EXP-000578,E0107,Finance,2025-10-23,Accommodation,64.74,E0199,Paid
EXP-001892,E0348,Human Resources,2025-10-23,Training,38.64,E0345,Paid
EXP-002047,E0375,Human Resources,2025-10-23,Accommodation,160.99,E0378,Paid
EXP-002623,E0480,Operations,2025-10-23,Travel,44.5,E0903,Paid
EXP-002713,E0486,Operations,2025-10-23,Meals,160.9,E0912,Paid
EXP-003897,E0581,Operations,2025-10-23,Client entertainment,40.59,E0915,Paid
EXP-004041,E0594,Operations,2025-10-23,Meals,28.23,E0908,Paid
EXP-004673,E0648,Operations,2025-10-23,Meals,182.87,E0909,Paid
EXP-005762,E0745,Operations,2025-10-23,Meals,73.04,E0938,Paid
EXP-005904,E0759,Operations,2025-10-23,Client entertainment,120.63,E0904,Paid
EXP-006843,E0834,Operations,2025-10-23,Client entertainment,62.05,E0933,Paid
EXP-007362,E0878,Operations,2025-10-23,Training,181.49,E0923,Paid
EXP-007458,E0885,Operations,2025-10-23,Accommodation,38.6,E0914,Paid
EXP-007674,E0903,Operations,2025-10-23,Accommodation,84.92,E0931,Paid
EXP-007683,E0904,Operations,2025-10-23,Supplies,78.03,E0915,Paid
EXP-008238,E0945,Sales,2025-10-23,Travel,139.84,E1064,Paid
EXP-008339,E0954,Sales,2025-10-23,Training,207.14,E1085,Paid
EXP-008644,E0977,Sales,2025-10-23,Training,89.32,E0995,Paid
EXP-008836,E0992,Sales,2025-10-23,Training,74.8,E1060,Paid
EXP-009353,E1035,Sales,2025-10-23,Client entertainment,37.81,E0967,Paid
EXP-009644,E1060,Sales,2025-10-23,Accommodation,82.55,E1069,Paid
EXP-009721,E1065,Sales,2025-10-23,Accommodation,291.78,E1029,Paid
EXP-010176,E1101,Sales,2025-10-23,Client entertainment,61.66,E1039,Paid
EXP-010496,E1153,Facilities,2025-10-23,Meals,25.67,E1121,Paid
EXP-010828,E0965,Sales,2025-10-23,Client entertainment,972.78,E0976,Paid
EXP-000095,E0019,Finance,2025-10-24,Travel,111.67,E0197,Paid
EXP-000181,E0035,Finance,2025-10-24,Supplies,36.46,E0190,Paid
EXP-000325,E0062,Finance,2025-10-24,Training,20.05,E0202,Paid
EXP-000396,E0074,Finance,2025-10-24,Client entertainment,104.87,E0193,Paid
EXP-000462,E0086,Finance,2025-10-24,Travel,292.85,E0199,Paid
EXP-000654,E0119,Finance,2025-10-24,Meals,51.94,E0210,Paid
EXP-001041,E0190,Finance,2025-10-24,Client entertainment,346.44,E0196,Paid
EXP-001596,E0291,Procurement,2025-10-24,Client entertainment,273.56,E0269,Paid
EXP-001614,E0297,Human Resources,2025-10-24,Training,253.17,E0372,Paid
EXP-001746,E0322,Human Resources,2025-10-24,Travel,24.55,E0347,Paid
EXP-001979,E0364,Human Resources,2025-10-24,Supplies,33.93,E0376,Paid
EXP-002574,E0474,IT,2025-10-24,Training,218.33,E0379,Paid
EXP-002783,E0492,Operations,2025-10-24,Travel,429.22,E0900,Paid
EXP-003023,E0511,Operations,2025-10-24,Client entertainment,50.51,E0898,Paid
EXP-003201,E0526,Operations,2025-10-24,Training,116.97,E0914,Paid
EXP-003361,E0539,Operations,2025-10-24,Accommodation,21.16,E0912,Paid
EXP-003536,E0552,Operations,2025-10-24,Training,99.21,E0911,Paid
EXP-003586,E0556,Operations,2025-10-24,Accommodation,71.72,E0909,Paid
EXP-004150,E0608,Operations,2025-10-24,Accommodation,76.86,E0929,Paid
EXP-004491,E0633,Operations,2025-10-24,Training,253.01,E0901,Paid
EXP-004494,E0633,Operations,2025-10-24,Travel,388.2,E0901,Paid
EXP-004604,E0642,Operations,2025-10-24,Travel,62.07,E0901,Paid
EXP-005137,E0690,Operations,2025-10-24,Accommodation,221.53,E0918,Paid
EXP-005422,E0718,Operations,2025-10-24,Accommodation,618.31,E0913,Paid
EXP-005765,E0745,Operations,2025-10-24,Training,54.6,E0938,Paid
EXP-006219,E0785,Operations,2025-10-24,Travel,71.12,E0924,Paid
EXP-006784,E0830,Operations,2025-10-24,Meals,76.91,E0917,Paid
EXP-007181,E0861,Operations,2025-10-24,Client entertainment,126.55,E0908,Paid
EXP-007320,E0874,Operations,2025-10-24,Client entertainment,238.43,E0908,Paid
EXP-008139,E0939,Sales,2025-10-24,Supplies,134.58,E1055,Paid
EXP-008877,E0995,Sales,2025-10-24,Accommodation,65.48,E0997,Paid
EXP-009207,E1024,Sales,2025-10-24,Supplies,101.0,E1074,Paid
EXP-009277,E1030,Sales,2025-10-24,Meals,147.62,E0977,Paid
EXP-009497,E1047,Sales,2025-10-24,Supplies,124.71,E1071,Paid
EXP-009552,E1052,Sales,2025-10-24,Training,175.87,E0987,Paid
EXP-010121,E1097,Sales,2025-10-24,Travel,98.4,E1030,Paid
EXP-010273,E1107,Legal,2025-10-24,Travel,18.08,E1119,Paid
EXP-010446,E1142,Facilities,2025-10-24,Meals,63.01,E1121,Paid
EXP-010921,E1043,Sales,2025-10-24,Client entertainment,945.66,E1099,Paid
EXP-000147,E0031,Finance,2025-10-25,Client entertainment,87.98,E0201,Paid
EXP-000414,E0077,Finance,2025-10-25,Accommodation,38.9,E0202,Paid
EXP-000505,E0094,Finance,2025-10-25,Meals,59.38,E0202,Paid
EXP-000712,E0131,Finance,2025-10-25,Client entertainment,52.76,E0200,Paid
EXP-000841,E0159,Finance,2025-10-25,Meals,60.26,E0202,Paid
EXP-000923,E0173,Finance,2025-10-25,Travel,246.62,E0202,Paid
EXP-001262,E0236,Procurement,2025-10-25,Supplies,41.46,E0275,Paid
EXP-001480,E0273,Procurement,2025-10-25,Training,275.83,E0278,Paid
EXP-001818,E0334,Human Resources,2025-10-25,Accommodation,99.02,E0373,Paid
EXP-001889,E0347,Human Resources,2025-10-25,Client entertainment,111.18,E0345,Paid
EXP-002049,E0376,Human Resources,2025-10-25,Client entertainment,80.69,E0378,Paid
EXP-002119,E0387,IT,2025-10-25,Accommodation,115.49,E0379,Paid
EXP-002306,E0422,IT,2025-10-25,Travel,55.89,E0379,Paid
EXP-002778,E0492,Operations,2025-10-25,Meals,92.65,E0900,Paid
EXP-002791,E0493,Operations,2025-10-25,Supplies,89.3,E0932,Paid
EXP-002829,E0495,Operations,2025-10-25,Client entertainment,80.79,E0900,Paid
EXP-003143,E0521,Operations,2025-10-25,Meals,91.67,E0917,Paid
EXP-003234,E0528,Operations,2025-10-25,Training,135.92,E0930,Paid
EXP-003493,E0548,Operations,2025-10-25,Supplies,82.2,E0909,Paid
EXP-003557,E0554,Operations,2025-10-25,Meals,25.84,E0918,Paid
EXP-003723,E0566,Operations,2025-10-25,Training,115.17,E0935,Paid
EXP-003800,E0573,Operations,2025-10-25,Meals,112.55,E0915,Paid
EXP-003924,E0583,Operations,2025-10-25,Client entertainment,14.11,E0907,Paid
EXP-004340,E0621,Operations,2025-10-25,Meals,35.43,E0922,Paid
EXP-005404,E0716,Operations,2025-10-25,Meals,104.05,E0937,Paid
EXP-005676,E0737,Operations,2025-10-25,Meals,159.72,E0915,Paid
EXP-005683,E0738,Operations,2025-10-25,Training,165.45,E0903,Paid
EXP-005720,E0741,Operations,2025-10-25,Meals,126.24,E0918,Paid
EXP-005983,E0765,Operations,2025-10-25,Travel,86.46,E0912,Paid
EXP-006006,E0767,Operations,2025-10-25,Client entertainment,88.2,E0920,Paid
EXP-006317,E0792,Operations,2025-10-25,Accommodation,100.91,E0916,Paid
EXP-006689,E0821,Operations,2025-10-25,Client entertainment,234.51,E0920,Paid
EXP-007001,E0846,Operations,2025-10-25,Training,97.77,E0938,Paid
EXP-007116,E0857,Operations,2025-10-25,Meals,20.47,E0937,Paid
EXP-007169,E0860,Operations,2025-10-25,Meals,500.87,E0904,Paid
EXP-007788,E0911,Operations,2025-10-25,Meals,244.35,E0922,Paid
EXP-008063,E0931,Operations,2025-10-25,Client entertainment,61.53,E0929,Paid
EXP-008327,E0953,Sales,2025-10-25,Supplies,414.01,E0987,Paid
EXP-008553,E0970,Sales,2025-10-25,Travel,230.13,E1021,Paid
EXP-009027,E1008,Sales,2025-10-25,Training,215.46,E0986,Paid
EXP-009692,E1063,Sales,2025-10-25,Client entertainment,53.43,E1050,Paid
EXP-010701,E1187,Facilities,2025-10-25,Client entertainment,559.18,E1121,Paid
EXP-010943,E0376,Human Resources,2025-10-25,Client entertainment,80.69,E0378,Paid
EXP-001153,E0213,Procurement,2025-10-26,Accommodation,105.93,E0273,Paid
EXP-001331,E0249,Procurement,2025-10-26,Supplies,114.76,E0268,Paid
EXP-001340,E0250,Procurement,2025-10-26,Client entertainment,240.08,E0279,Paid
EXP-002347,E0429,IT,2025-10-26,Supplies,111.37,E0379,Paid
EXP-002554,E0470,IT,2025-10-26,Accommodation,55.87,E0379,Paid
EXP-003018,E0510,Operations,2025-10-26,Meals,169.87,E0920,Paid
EXP-004115,E0602,Operations,2025-10-26,Meals,226.41,E0919,Paid
EXP-004262,E0616,Operations,2025-10-26,Meals,97.35,E0926,Paid
EXP-004289,E0618,Operations,2025-10-26,Training,277.45,E0906,Paid
EXP-004532,E0637,Operations,2025-10-26,Meals,40.57,E0933,Paid
EXP-004795,E0660,Operations,2025-10-26,Supplies,83.73,E0930,Paid
EXP-005017,E0680,Operations,2025-10-26,Accommodation,77.17,E0919,Paid
EXP-005249,E0698,Operations,2025-10-26,Supplies,30.29,E0910,Paid
EXP-005826,E0753,Operations,2025-10-26,Client entertainment,23.31,E0932,Paid
EXP-005879,E0756,Operations,2025-10-26,Accommodation,166.37,E0932,Paid
EXP-005937,E0761,Operations,2025-10-26,Travel,32.83,E0907,Paid
EXP-006152,E0778,Operations,2025-10-26,Supplies,196.31,E0906,Paid
EXP-006453,E0802,Operations,2025-10-26,Meals,87.56,E0923,Paid
EXP-006781,E0830,Operations,2025-10-26,Travel,105.51,E0917,Paid
EXP-007413,E0882,Operations,2025-10-26,Meals,94.99,E0935,Paid
EXP-008091,E0933,Operations,2025-10-26,Accommodation,19.4,E0899,Paid
EXP-008149,E0939,Sales,2025-10-26,Supplies,151.98,E1055,Paid
EXP-008205,E0943,Sales,2025-10-26,Supplies,105.16,E0972,Paid
EXP-008754,E0985,Sales,2025-10-26,Client entertainment,92.02,E0977,Paid
EXP-008803,E0989,Sales,2025-10-26,Supplies,63.67,E0977,Paid
EXP-009283,E1031,Sales,2025-10-26,Meals,134.29,E0961,Paid
EXP-009407,E1039,Sales,2025-10-26,Travel,8.78,E0988,Paid
EXP-009786,E1071,Sales,2025-10-26,Client entertainment,70.79,E0953,Paid
EXP-010027,E1090,Sales,2025-10-26,Meals,39.25,E0999,Paid
EXP-010116,E1097,Sales,2025-10-26,Supplies,89.45,E1030,Paid
EXP-000822,E0155,Finance,2025-10-27,Training,65.34,E0198,Paid
EXP-001323,E0248,Procurement,2025-10-27,Meals,58.46,E0270,Paid
EXP-002799,E0494,Operations,2025-10-27,Accommodation,130.38,E0929,Paid
EXP-002804,E0494,Operations,2025-10-27,Meals,274.55,E0929,Paid
EXP-003696,E0564,Operations,2025-10-27,Meals,240.17,E0913,Paid
EXP-003826,E0575,Operations,2025-10-27,Accommodation,71.26,E0904,Paid
EXP-003903,E0582,Operations,2025-10-27,Travel,112.61,E0898,Paid
EXP-004266,E0616,Operations,2025-10-27,Meals,748.52,E0926,Paid
EXP-004384,E0625,Operations,2025-10-27,Training,41.9,E0926,Paid
EXP-004461,E0631,Operations,2025-10-27,Supplies,288.24,E0917,Paid
EXP-004588,E0641,Operations,2025-10-27,Accommodation,299.97,E0912,Paid
EXP-004767,E0657,Operations,2025-10-27,Supplies,60.15,E0905,Paid
EXP-004953,E0674,Operations,2025-10-27,Meals,513.64,E0928,Paid
EXP-005059,E0683,Operations,2025-10-27,Supplies,138.93,E0910,Paid
EXP-005364,E0711,Operations,2025-10-27,Supplies,87.04,E0916,Paid
EXP-005441,E0719,Operations,2025-10-27,Travel,499.49,E0914,Paid
EXP-005661,E0736,Operations,2025-10-27,Meals,22.46,E0902,Paid
EXP-006921,E0841,Operations,2025-10-27,Supplies,117.61,E0919,Paid
EXP-006971,E0844,Operations,2025-10-27,Training,682.55,E0914,Paid
EXP-007750,E0909,Operations,2025-10-27,Travel,71.31,E0922,Paid
EXP-007984,E0925,Operations,2025-10-27,Travel,78.47,E0900,Paid
EXP-008852,E0993,Sales,2025-10-27,Accommodation,232.91,E1048,Paid
EXP-008947,E1001,Sales,2025-10-27,Supplies,21.85,E0992,Paid
EXP-008994,E1006,Sales,2025-10-27,Client entertainment,68.53,E0948,Paid
EXP-009182,E1022,Sales,2025-10-27,Training,200.16,E0970,Paid
EXP-009993,E1087,Sales,2025-10-27,Supplies,202.04,E0942,Paid
EXP-000427,E0079,Finance,2025-10-28,Travel,381.58,E0201,Paid
EXP-001074,E0193,Finance,2025-10-28,Training,99.87,E0192,Paid
EXP-001202,E0222,Procurement,2025-10-28,Training,116.92,E0273,Paid
EXP-001397,E0259,Procurement,2025-10-28,Accommodation,54.82,E0277,Paid
EXP-002092,E0383,IT,2025-10-28,Training,67.63,E0379,Paid
EXP-002824,E0495,Operations,2025-10-28,Training,16.56,E0900,Paid
EXP-003350,E0538,Operations,2025-10-28,Accommodation,285.46,E0919,Paid
EXP-003458,E0546,Operations,2025-10-28,Accommodation,43.88,E0933,Paid
EXP-003468,E0546,Operations,2025-10-28,Supplies,62.72,E0933,Paid
EXP-004050,E0594,Operations,2025-10-28,Travel,17.38,E0908,Paid
EXP-004215,E0613,Operations,2025-10-28,Supplies,57.12,E0929,Paid
EXP-004645,E0646,Operations,2025-10-28,Travel,52.31,E0923,Paid
EXP-005277,E0700,Operations,2025-10-28,Meals,325.53,E0902,Paid
EXP-006123,E0776,Operations,2025-10-28,Accommodation,46.95,E0926,Paid
EXP-006563,E0811,Operations,2025-10-28,Supplies,19.2,E0926,Paid
EXP-006717,E0826,Operations,2025-10-28,Meals,19.23,E0934,Paid
EXP-007224,E0864,Operations,2025-10-28,Travel,412.9,E0912,Paid
EXP-007738,E0908,Operations,2025-10-28,Training,158.3,E0914,Paid
EXP-007835,E0914,Operations,2025-10-28,Supplies,153.52,E0001,Paid
EXP-008255,E0946,Sales,2025-10-28,Travel,58.38,E0992,Paid
EXP-008389,E0957,Sales,2025-10-28,Client entertainment,289.99,E1032,Paid
EXP-008684,E0981,Sales,2025-10-28,Meals,208.81,E0992,Paid
EXP-008771,E0986,Sales,2025-10-28,Accommodation,43.38,E1055,Paid
EXP-008805,E0989,Sales,2025-10-28,Client entertainment,205.1,E0977,Paid
EXP-009238,E1027,Sales,2025-10-28,Training,130.1,E0988,Paid
EXP-010682,E1183,Facilities,2025-10-28,Training,168.52,E1121,Paid
EXP-010769,E1198,Facilities,2025-10-28,Travel,48.42,E1121,Paid
EXP-010924,E1043,Sales,2025-10-28,Client entertainment,968.46,E1099,Paid
EXP-001164,E0214,Procurement,2025-10-29,Travel,169.43,E0279,Paid
EXP-001629,E0299,Human Resources,2025-10-29,Accommodation,329.83,E0376,Paid
EXP-001966,E0362,Human Resources,2025-10-29,Training,21.77,E0340,Paid
EXP-002336,E0427,IT,2025-10-29,Accommodation,65.59,E0379,Paid
EXP-002621,E0480,Operations,2025-10-29,Supplies,482.13,E0903,Paid
EXP-002930,E0502,Operations,2025-10-29,Travel,42.85,E0901,Paid
EXP-003202,E0526,Operations,2025-10-29,Client entertainment,85.46,E0914,Paid
EXP-003987,E0590,Operations,2025-10-29,Client entertainment,158.62,E0926,Paid
EXP-004010,E0591,Operations,2025-10-29,Client entertainment,63.77,E0908,Paid
EXP-004315,E0620,Operations,2025-10-29,Supplies,41.16,E0921,Paid
EXP-004460,E0631,Operations,2025-10-29,Accommodation,51.41,E0917,Paid
EXP-004884,E0669,Operations,2025-10-29,Accommodation,77.92,E0900,Paid
EXP-005205,E0696,Operations,2025-10-29,Supplies,63.08,E0925,Paid
EXP-005533,E0725,Operations,2025-10-29,Meals,35.62,E0917,Paid
EXP-006060,E0770,Operations,2025-10-29,Supplies,123.88,E0912,Paid
EXP-006241,E0786,Operations,2025-10-29,Accommodation,104.15,E0901,Paid
EXP-006323,E0793,Operations,2025-10-29,Supplies,64.75,E0899,Paid
EXP-007435,E0883,Operations,2025-10-29,Accommodation,57.79,E0898,Paid
EXP-007581,E0895,Operations,2025-10-29,Accommodation,38.01,E0900,Paid
EXP-007757,E0909,Operations,2025-10-29,Client entertainment,223.29,E0922,Paid
EXP-008066,E0931,Operations,2025-10-29,Meals,59.25,E0929,Paid
EXP-008403,E0958,Sales,2025-10-29,Client entertainment,32.06,E1057,Paid
EXP-009482,E1045,Sales,2025-10-29,Travel,11.57,E0986,Paid
EXP-009726,E1065,Sales,2025-10-29,Client entertainment,20.06,E1029,Paid
EXP-009821,E1074,Sales,2025-10-29,Supplies,57.42,E1064,Paid
EXP-010269,E1107,Legal,2025-10-29,Travel,95.58,E1119,Paid
EXP-000698,E0126,Finance,2025-10-30,Accommodation,449.72,E0205,Paid
EXP-001418,E0262,Procurement,2025-10-30,Travel,207.22,E0269,Paid
EXP-002901,E0500,Operations,2025-10-30,Travel,199.24,E0919,Paid
EXP-002907,E0500,Operations,2025-10-30,Accommodation,22.48,E0919,Paid
EXP-002961,E0505,Operations,2025-10-30,Meals,103.04,E0912,Paid
EXP-003085,E0516,Operations,2025-10-30,Travel,23.1,E0934,Paid
EXP-003273,E0533,Operations,2025-10-30,Travel,27.4,E0918,Paid
EXP-003669,E0561,Operations,2025-10-30,Supplies,131.32,E0914,Paid
EXP-004521,E0637,Operations,2025-10-30,Training,72.8,E0933,Paid
EXP-004835,E0664,Operations,2025-10-30,Client entertainment,154.62,E0932,Paid
EXP-005809,E0750,Operations,2025-10-30,Travel,476.89,E0910,Paid
EXP-006310,E0792,Operations,2025-10-30,Supplies,209.93,E0916,Paid
EXP-006568,E0812,Operations,2025-10-30,Meals,14.73,E0908,Paid
EXP-006638,E0818,Operations,2025-10-30,Supplies,45.77,E0931,Paid
EXP-006652,E0819,Operations,2025-10-30,Supplies,111.71,E0929,Paid
EXP-006882,E0838,Operations,2025-10-30,Accommodation,213.58,E0921,Paid
EXP-006946,E0842,Operations,2025-10-30,Accommodation,97.15,E0909,Paid
EXP-007347,E0877,Operations,2025-10-30,Travel,77.39,E0909,Paid
EXP-007433,E0883,Operations,2025-10-30,Supplies,132.29,E0898,Paid
EXP-007596,E0897,Operations,2025-10-30,Travel,13.39,E0935,Paid
EXP-008022,E0928,Operations,2025-10-30,Travel,81.62,E0929,Paid
EXP-008175,E0941,Sales,2025-10-30,Travel,253.62,E1024,Paid
EXP-008194,E0942,Sales,2025-10-30,Client entertainment,8.67,E1075,Paid
EXP-008301,E0949,Sales,2025-10-30,Accommodation,132.55,E0955,Paid
EXP-008950,E1003,Sales,2025-10-30,Training,33.44,E1102,Paid
EXP-008982,E1005,Sales,2025-10-30,Training,63.08,E1068,Paid
EXP-009002,E1006,Sales,2025-10-30,Client entertainment,79.94,E0948,Paid
EXP-009696,E1064,Sales,2025-10-30,Travel,333.09,E1053,Paid
EXP-009746,E1066,Sales,2025-10-30,Travel,66.23,E1052,Paid
EXP-009895,E1079,Sales,2025-10-30,Training,30.36,E0958,Paid
EXP-010056,E1093,Sales,2025-10-30,Training,108.24,E1087,Paid
EXP-010335,E1117,Legal,2025-10-30,Supplies,63.18,E1111,Paid
EXP-010861,E1033,Sales,2025-10-30,Client entertainment,950.07,E1044,Paid
EXP-000049,E0013,Finance,2025-10-31,Client entertainment,59.92,E0192,Paid
EXP-000457,E0086,Finance,2025-10-31,Meals,373.42,E0199,Paid
EXP-000870,E0164,Finance,2025-10-31,Accommodation,167.95,E0190,Paid
EXP-001239,E0230,Procurement,2025-10-31,Supplies,179.03,E0274,Paid
EXP-001565,E0286,Procurement,2025-10-31,Accommodation,56.16,E0279,Paid
EXP-001871,E0343,Human Resources,2025-10-31,Meals,25.66,E0339,Paid
EXP-002385,E0438,IT,2025-10-31,Accommodation,61.53,E0379,Paid
EXP-002768,E0490,Operations,2025-10-31,Training,45.01,E0923,Paid
EXP-002945,E0504,Operations,2025-10-31,Accommodation,503.39,E0933,Paid
EXP-003053,E0514,Operations,2025-10-31,Meals,138.66,E0907,Paid
EXP-003294,E0534,Operations,2025-10-31,Accommodation,381.16,E0925,Paid
EXP-003433,E0544,Operations,2025-10-31,Accommodation,226.25,E0901,Paid
EXP-004450,E0629,Operations,2025-10-31,Accommodation,193.65,E0935,Paid
EXP-004492,E0633,Operations,2025-10-31,Accommodation,69.99,E0901,Paid
EXP-004664,E0648,Operations,2025-10-31,Accommodation,211.43,E0909,Paid
EXP-005439,E0719,Operations,2025-10-31,Client entertainment,260.99,E0914,Paid
EXP-006985,E0845,Operations,2025-10-31,Accommodation,695.59,E0916,Paid
EXP-007370,E0879,Operations,2025-10-31,Supplies,205.96,E0899,Paid
EXP-007967,E0924,Operations,2025-10-31,Meals,127.72,E0914,Paid
EXP-007981,E0925,Operations,2025-10-31,Travel,192.22,E0900,Paid
EXP-008219,E0944,Sales,2025-10-31,Accommodation,128.41,E0957,Paid
EXP-008568,E0971,Sales,2025-10-31,Client entertainment,65.94,E1063,Paid
EXP-009220,E1024,Sales,2025-10-31,Travel,81.08,E1074,Paid
EXP-009249,E1028,Sales,2025-10-31,Travel,54.07,E1026,Paid
EXP-009265,E1029,Sales,2025-10-31,Travel,32.41,E1099,Paid
EXP-009934,E1081,Sales,2025-10-31,Meals,834.96,E1047,Paid
EXP-010606,E1172,Facilities,2025-10-31,Client entertainment,198.38,E1121,Paid
EXP-000163,E0033,Finance,2025-11-01,Supplies,77.14,E0199,Paid
EXP-000226,E0043,Finance,2025-11-01,Supplies,163.25,E0207,Paid
EXP-000553,E0103,Finance,2025-11-01,Training,54.12,E0192,Paid
EXP-001521,E0280,Procurement,2025-11-01,Accommodation,297.8,E0270,Paid
EXP-003172,E0523,Operations,2025-11-01,Client entertainment,39.51,E0920,Paid
EXP-003692,E0564,Operations,2025-11-01,Accommodation,80.24,E0913,Paid
EXP-003842,E0578,Operations,2025-11-01,Meals,21.45,E0901,Paid
EXP-003963,E0587,Operations,2025-11-01,Meals,33.48,E0906,Paid
EXP-004970,E0675,Operations,2025-11-01,Supplies,292.67,E0938,Paid
EXP-004990,E0678,Operations,2025-11-01,Meals,448.9,E0918,Paid
EXP-005012,E0680,Operations,2025-11-01,Training,212.78,E0919,Paid
EXP-005037,E0681,Operations,2025-11-01,Meals,236.86,E0911,Paid
EXP-005480,E0721,Operations,2025-11-01,Supplies,76.41,E0914,Paid
EXP-005552,E0727,Operations,2025-11-01,Supplies,37.33,E0906,Paid
EXP-005692,E0738,Operations,2025-11-01,Training,200.5,E0903,Paid
EXP-006069,E0771,Operations,2025-11-01,Supplies,337.23,E0933,Paid
EXP-006280,E0789,Operations,2025-11-01,Supplies,41.32,E0897,Paid
EXP-006467,E0802,Operations,2025-11-01,Client entertainment,41.58,E0923,Paid
EXP-007038,E0850,Operations,2025-11-01,Accommodation,145.1,E0918,Paid
EXP-007073,E0852,Operations,2025-11-01,Client entertainment,126.42,E0914,Paid
EXP-007354,E0878,Operations,2025-11-01,Training,98.49,E0923,Paid
EXP-007480,E0886,Operations,2025-11-01,Accommodation,140.69,E0914,Paid
EXP-007995,E0926,Operations,2025-11-01,Supplies,26.13,E0906,Paid
EXP-008256,E0946,Sales,2025-11-01,Client entertainment,66.2,E0992,Paid
EXP-008655,E0978,Sales,2025-11-01,Travel,179.91,E1024,Paid
EXP-008874,E0994,Sales,2025-11-01,Training,26.52,E0970,Paid
EXP-010096,E1096,Sales,2025-11-01,Travel,333.97,E0968,Paid
EXP-010326,E1116,Legal,2025-11-01,Training,203.69,E1110,Paid
EXP-000263,E0048,Finance,2025-11-02,Supplies,78.92,E0196,Paid
EXP-000318,E0060,Finance,2025-11-02,Client entertainment,192.63,E0190,Paid
EXP-000352,E0066,Finance,2025-11-02,Client entertainment,46.31,E0194,Paid
EXP-000584,E0108,Finance,2025-11-02,Travel,141.36,E0210,Paid
EXP-000821,E0155,Finance,2025-11-02,Supplies,92.04,E0198,Paid
EXP-000851,E0160,Finance,2025-11-02,Accommodation,350.32,E0203,Paid
EXP-000867,E0163,Finance,2025-11-02,Client entertainment,47.5,E0192,Paid
EXP-001990,E0366,Human Resources,2025-11-02,Meals,84.68,E0372,Paid
EXP-002168,E0397,IT,2025-11-02,Accommodation,162.31,E0379,Paid
EXP-002379,E0437,IT,2025-11-02,Training,82.0,E0379,Paid
EXP-002710,E0486,Operations,2025-11-02,Accommodation,89.82,E0912,Paid
EXP-003363,E0539,Operations,2025-11-02,Meals,238.05,E0912,Paid
EXP-003410,E0543,Operations,2025-11-02,Training,327.66,E0914,Paid
EXP-004269,E0616,Operations,2025-11-02,Meals,69.11,E0926,Paid
EXP-004277,E0617,Operations,2025-11-02,Supplies,87.53,E0933,Paid
EXP-004377,E0624,Operations,2025-11-02,Travel,468.39,E0913,Paid
EXP-004542,E0638,Operations,2025-11-02,Meals,155.01,E0916,Paid
EXP-004611,E0643,Operations,2025-11-02,Supplies,70.64,E0921,Paid
EXP-004786,E0660,Operations,2025-11-02,Supplies,64.86,E0930,Paid
EXP-005026,E0681,Operations,2025-11-02,Supplies,65.29,E0911,Paid
EXP-007084,E0853,Operations,2025-11-02,Travel,155.33,E0930,Paid
EXP-007167,E0860,Operations,2025-11-02,Training,62.35,E0904,Paid
EXP-007283,E0871,Operations,2025-11-02,Supplies,251.01,E0899,Paid
EXP-007645,E0900,Operations,2025-11-02,Client entertainment,157.46,E0935,Paid
EXP-008083,E0933,Operations,2025-11-02,Supplies,94.91,E0899,Paid
EXP-008984,E1005,Sales,2025-11-02,Training,41.63,E1068,Paid
EXP-009229,E1025,Sales,2025-11-02,Client entertainment,238.35,E0983,Paid
EXP-009409,E1039,Sales,2025-11-02,Meals,877.84,E0988,Paid
EXP-009437,E1042,Sales,2025-11-02,Training,228.7,E0965,Paid
EXP-009468,E1044,Sales,2025-11-02,Client entertainment,122.19,E1072,Paid
EXP-010221,E1104,Sales,2025-11-02,Travel,73.34,E1056,Paid
EXP-010258,E1106,Sales,2025-11-02,Training,15.62,E1040,Paid
EXP-010393,E1128,Facilities,2025-11-02,Client entertainment,98.57,E1121,Paid
EXP-010492,E1152,Facilities,2025-11-02,Travel,83.51,E1121,Paid
EXP-000298,E0056,Finance,2025-11-03,Meals,64.01,E0210,Paid
EXP-001032,E0188,Finance,2025-11-03,Travel,415.5,E0196,Paid
EXP-001934,E0355,Human Resources,2025-11-03,Meals,11.99,E0347,Paid
EXP-003160,E0522,Operations,2025-11-03,Supplies,78.08,E0916,Paid
EXP-003910,E0582,Operations,2025-11-03,Accommodation,116.05,E0898,Paid
EXP-004170,E0610,Operations,2025-11-03,Client entertainment,80.65,E0907,Paid
EXP-004253,E0615,Operations,2025-11-03,Client entertainment,81.2,E0937,Paid
EXP-004449,E0629,Operations,2025-11-03,Accommodation,216.46,E0935,Paid
EXP-004549,E0639,Operations,2025-11-03,Training,10.55,E0921,Paid
EXP-005101,E0686,Operations,2025-11-03,Meals,3.45,E0909,Paid
EXP-005725,E0742,Operations,2025-11-03,Travel,38.24,E0938,Paid
EXP-005880,E0756,Operations,2025-11-03,Training,74.9,E0932,Paid
EXP-006008,E0767,Operations,2025-11-03,Supplies,106.65,E0920,Paid
EXP-006974,E0844,Operations,2025-11-03,Training,50.62,E0914,Paid
EXP-007254,E0868,Operations,2025-11-03,Training,151.37,E0906,Paid
EXP-007393,E0881,Operations,2025-11-03,Accommodation,199.83,E0910,Paid
EXP-008242,E0946,Sales,2025-11-03,Training,54.18,E0992,Paid
EXP-009091,E1015,Sales,2025-11-03,Accommodation,291.9,E1034,Paid
EXP-009131,E1018,Sales,2025-11-03,Client entertainment,41.62,E1019,Paid
EXP-009371,E1036,Sales,2025-11-03,Accommodation,190.49,E1092,Paid
EXP-010142,E1099,Sales,2025-11-03,Training,89.74,E1097,Paid
EXP-010319,E1114,Legal,2025-11-03,Accommodation,25.67,E1110,Paid
EXP-010529,E1158,Facilities,2025-11-03,Accommodation,84.36,E1121,Paid
EXP-010851,E0965,Sales,2025-11-03,Client entertainment,949.67,E0976,Paid
EXP-001263,E0236,Procurement,2025-11-04,Training,103.73,E0275,Paid
EXP-001341,E0250,Procurement,2025-11-04,Supplies,257.38,E0279,Paid
EXP-001351,E0251,Procurement,2025-11-04,Travel,92.69,E0277,Paid
EXP-001433,E0265,Procurement,2025-11-04,Accommodation,223.48,E0278,Paid
EXP-002085,E0382,IT,2025-11-04,Travel,104.05,E0379,Paid
EXP-002114,E0386,IT,2025-11-04,Training,56.63,E0379,Paid
EXP-002227,E0407,IT,2025-11-04,Supplies,190.49,E0379,Paid
EXP-002809,E0494,Operations,2025-11-04,Travel,77.26,E0929,Paid
EXP-003525,E0550,Operations,2025-11-04,Meals,33.32,E0912,Paid
EXP-003805,E0574,Operations,2025-11-04,Training,124.48,E0927,Paid
EXP-003851,E0578,Operations,2025-11-04,Travel,25.97,E0901,Paid
EXP-003881,E0580,Operations,2025-11-04,Accommodation,98.78,E0912,Paid
EXP-004083,E0597,Operations,2025-11-04,Training,466.99,E0910,Paid
EXP-005010,E0679,Operations,2025-11-04,Meals,52.94,E0914,Paid
EXP-005612,E0732,Operations,2025-11-04,Accommodation,328.39,E0923,Paid
EXP-005687,E0738,Operations,2025-11-04,Training,84.09,E0903,Paid
EXP-005688,E0738,Operations,2025-11-04,Meals,97.29,E0903,Paid
EXP-006459,E0802,Operations,2025-11-04,Accommodation,62.75,E0923,Paid
EXP-006730,E0827,Operations,2025-11-04,Supplies,311.11,E0915,Paid
EXP-007847,E0915,Operations,2025-11-04,Supplies,300.23,E0911,Paid
EXP-008115,E0935,Operations,2025-11-04,Supplies,57.84,E0900,Paid
EXP-008857,E0993,Sales,2025-11-04,Travel,49.9,E1048,Paid
EXP-008858,E0993,Sales,2025-11-04,Training,496.83,E1048,Paid
EXP-009390,E1037,Sales,2025-11-04,Travel,34.94,E0993,Paid
EXP-009831,E1075,Sales,2025-11-04,Meals,57.39,E1072,Paid
EXP-009935,E1081,Sales,2025-11-04,Accommodation,81.51,E1047,Paid
EXP-010071,E1094,Sales,2025-11-04,Meals,80.79,E0945,Paid
EXP-010759,E1197,Facilities,2025-11-04,Meals,134.64,E1121,Paid
EXP-000193,E0038,Finance,2025-11-05,Training,191.29,E0208,Paid
EXP-000279,E0051,Finance,2025-11-05,Accommodation,52.5,E0193,Paid
EXP-000500,E0093,Finance,2025-11-05,Accommodation,919.08,E0202,Paid
EXP-000691,E0125,Finance,2025-11-05,Travel,100.4,E0196,Paid
EXP-001160,E0214,Procurement,2025-11-05,Meals,41.38,E0279,Paid
EXP-001519,E0280,Procurement,2025-11-05,Meals,94.73,E0270,Paid
EXP-002032,E0373,Human Resources,2025-11-05,Accommodation,225.61,E0378,Paid
EXP-002066,E0379,IT,2025-11-05,Accommodation,98.87,E0001,Paid
EXP-002135,E0391,IT,2025-11-05,Travel,297.05,E0379,Paid
EXP-002232,E0408,IT,2025-11-05,Training,106.2,E0379,Paid
EXP-002389,E0440,IT,2025-11-05,Travel,108.21,E0379,Paid
EXP-003073,E0515,Operations,2025-11-05,Accommodation,82.24,E0912,Paid
EXP-003245,E0529,Operations,2025-11-05,Accommodation,37.38,E0913,Paid
EXP-004332,E0621,Operations,2025-11-05,Meals,215.12,E0922,Paid
EXP-004504,E0635,Operations,2025-11-05,Travel,49.55,E0928,Paid
EXP-004654,E0647,Operations,2025-11-05,Client entertainment,12.45,E0934,Paid
EXP-005122,E0688,Operations,2025-11-05,Accommodation,51.87,E0916,Paid
EXP-005405,E0716,Operations,2025-11-05,Supplies,34.58,E0937,Paid
EXP-005423,E0718,Operations,2025-11-05,Training,119.24,E0913,Paid
EXP-005502,E0723,Operations,2025-11-05,Supplies,115.62,E0919,Paid
EXP-006085,E0772,Operations,2025-11-05,Travel,108.86,E0910,Paid
EXP-006450,E0802,Operations,2025-11-05,Supplies,134.52,E0923,Paid
EXP-006475,E0803,Operations,2025-11-05,Client entertainment,10.04,E0930,Paid
EXP-006588,E0813,Operations,2025-11-05,Training,69.74,E0901,Paid
EXP-008144,E0939,Sales,2025-11-05,Supplies,116.8,E1055,Paid
EXP-008200,E0943,Sales,2025-11-05,Travel,19.5,E0972,Paid
EXP-008315,E0951,Sales,2025-11-05,Training,30.36,E0984,Paid
EXP-008552,E0970,Sales,2025-11-05,Meals,173.5,E1021,Paid
EXP-009224,E1024,Sales,2025-11-05,Accommodation,213.43,E1074,Paid
EXP-009343,E1035,Sales,2025-11-05,Training,71.67,E0967,Paid
EXP-009392,E1037,Sales,2025-11-05,Supplies,22.09,E0993,Paid
EXP-009412,E1039,Sales,2025-11-05,Travel,70.17,E0988,Paid
EXP-010716,E1189,Facilities,2025-11-05,Supplies,274.23,E1121,Paid
EXP-010877,E1033,Sales,2025-11-05,Client entertainment,914.79,E1044,Paid
EXP-000205,E0040,Finance,2025-11-06,Training,97.42,E0200,Paid
EXP-000246,E0045,Finance,2025-11-06,Accommodation,160.31,E0203,Paid
EXP-000316,E0059,Finance,2025-11-06,Travel,173.28,E0198,Paid
EXP-000760,E0139,Finance,2025-11-06,Client entertainment,170.87,E0209,Paid
EXP-000832,E0158,Finance,2025-11-06,Accommodation,80.47,E0202,Paid
EXP-001096,E0198,Finance,2025-11-06,Supplies,421.06,E0200,Paid
EXP-001285,E0240,Procurement,2025-11-06,Accommodation,141.49,E0272,Paid
EXP-001903,E0350,Human Resources,2025-11-06,Meals,41.61,E0348,Paid
EXP-002090,E0382,IT,2025-11-06,Client entertainment,27.73,E0379,Paid
EXP-002120,E0389,IT,2025-11-06,Supplies,199.46,E0379,Paid
EXP-002352,E0432,IT,2025-11-06,Meals,152.65,E0379,Paid
EXP-002420,E0445,IT,2025-11-06,Accommodation,24.12,E0379,Paid
EXP-002890,E0499,Operations,2025-11-06,Training,126.03,E0900,Paid
EXP-003309,E0535,Operations,2025-11-06,Training,219.05,E0897,Paid
EXP-004072,E0596,Operations,2025-11-06,Accommodation,70.91,E0908,Paid
EXP-004359,E0623,Operations,2025-11-06,Client entertainment,196.31,E0909,Paid
EXP-004475,E0631,Operations,2025-11-06,Training,56.46,E0917,Paid
EXP-004952,E0674,Operations,2025-11-06,Accommodation,58.08,E0928,Paid
EXP-005103,E0686,Operations,2025-11-06,Meals,50.96,E0909,Paid
EXP-005322,E0705,Operations,2025-11-06,Training,83.18,E0936,Paid
EXP-006223,E0785,Operations,2025-11-06,Meals,102.6,E0924,Paid
EXP-006264,E0788,Operations,2025-11-06,Accommodation,106.12,E0925,Paid
EXP-006391,E0798,Operations,2025-11-06,Training,118.28,E0932,Paid
EXP-006440,E0801,Operations,2025-11-06,Supplies,204.27,E0903,Paid
EXP-006552,E0810,Operations,2025-11-06,Client entertainment,62.61,E0937,Paid
EXP-008047,E0930,Operations,2025-11-06,Meals,207.55,E0899,Paid
EXP-008165,E0940,Sales,2025-11-06,Accommodation,103.88,E0955,Paid
EXP-008442,E0961,Sales,2025-11-06,Client entertainment,83.54,E1097,Paid
EXP-008944,E1001,Sales,2025-11-06,Client entertainment,11.16,E0992,Paid
EXP-008948,E1001,Sales,2025-11-06,Supplies,120.8,E0992,Paid
EXP-009349,E1035,Sales,2025-11-06,Accommodation,230.56,E0967,Paid
EXP-009447,E1043,Sales,2025-11-06,Travel,48.68,E1099,Paid
EXP-010656,E1178,Facilities,2025-11-06,Training,25.46,E1121,Paid
EXP-010736,E1192,Facilities,2025-11-06,Supplies,37.49,E1121,Paid
EXP-010965,E0641,Operations,2025-11-06,Supplies,300.0,E0912,Paid
EXP-000222,E0042,Finance,2025-11-07,Training,394.39,E0193,Paid
EXP-001539,E0284,Procurement,2025-11-07,Meals,39.37,E0272,Paid
EXP-001970,E0363,Human Resources,2025-11-07,Meals,132.3,E0350,Paid
EXP-002038,E0374,Human Resources,2025-11-07,Supplies,248.04,E0376,Paid
EXP-002060,E0378,Human Resources,2025-11-07,Accommodation,66.42,E0342,Paid
EXP-002482,E0457,IT,2025-11-07,Training,21.66,E0379,Paid
EXP-002827,E0495,Operations,2025-11-07,Accommodation,151.41,E0900,Paid
EXP-002918,E0501,Operations,2025-11-07,Training,14.05,E0903,Paid
EXP-002955,E0505,Operations,2025-11-07,Training,377.19,E0912,Paid
EXP-003183,E0524,Operations,2025-11-07,Travel,59.85,E0903,Paid
EXP-003225,E0527,Operations,2025-11-07,Travel,86.29,E0916,Paid
EXP-003337,E0537,Operations,2025-11-07,Accommodation,157.76,E0914,Paid
EXP-004375,E0624,Operations,2025-11-07,Accommodation,51.46,E0913,Paid
EXP-004534,E0638,Operations,2025-11-07,Accommodation,105.34,E0916,Paid
EXP-004543,E0638,Operations,2025-11-07,Client entertainment,287.03,E0916,Paid
EXP-004813,E0661,Operations,2025-11-07,Accommodation,216.2,E0916,Paid
EXP-004819,E0663,Operations,2025-11-07,Accommodation,544.43,E0922,Paid
EXP-004863,E0668,Operations,2025-11-07,Accommodation,36.69,E0913,Paid
EXP-004945,E0674,Operations,2025-11-07,Meals,93.98,E0928,Paid
EXP-004998,E0678,Operations,2025-11-07,Accommodation,90.22,E0918,Paid
EXP-005118,E0688,Operations,2025-11-07,Supplies,140.48,E0916,Paid
EXP-005319,E0704,Operations,2025-11-07,Training,113.17,E0924,Paid
EXP-005516,E0724,Operations,2025-11-07,Travel,30.47,E0925,Paid
EXP-005519,E0724,Operations,2025-11-07,Client entertainment,52.0,E0925,Paid
EXP-006131,E0776,Operations,2025-11-07,Training,69.15,E0926,Paid
EXP-006430,E0800,Operations,2025-11-07,Accommodation,133.21,E0910,Paid
EXP-007308,E0873,Operations,2025-11-07,Travel,134.97,E0914,Paid
EXP-007414,E0882,Operations,2025-11-07,Accommodation,126.8,E0935,Paid
EXP-007870,E0916,Operations,2025-11-07,Meals,23.52,E0001,Paid
EXP-008061,E0931,Operations,2025-11-07,Travel,294.52,E0929,Paid
EXP-008293,E0948,Sales,2025-11-07,Client entertainment,86.04,E0976,Paid
EXP-009743,E1066,Sales,2025-11-07,Meals,20.31,E1052,Paid
EXP-010009,E1090,Sales,2025-11-07,Client entertainment,219.01,E0999,Paid
EXP-010040,E1091,Sales,2025-11-07,Meals,75.22,E1063,Paid
EXP-010291,E1110,Legal,2025-11-07,Travel,126.65,E1117,Paid
EXP-010622,E1174,Facilities,2025-11-07,Travel,52.9,E1121,Paid
EXP-010846,E0965,Sales,2025-11-07,Client entertainment,937.95,E0976,Paid
EXP-000271,E0050,Finance,2025-11-08,Meals,97.46,E0190,Paid
EXP-000586,E0109,Finance,2025-11-08,Training,27.49,E0197,Paid
EXP-000668,E0121,Finance,2025-11-08,Travel,32.53,E0200,Paid
EXP-000676,E0122,Finance,2025-11-08,Accommodation,11.48,E0210,Paid
EXP-001043,E0190,Finance,2025-11-08,Training,106.35,E0196,Paid
EXP-001103,E0199,Finance,2025-11-08,Supplies,45.42,E0196,Paid
EXP-001487,E0274,Procurement,2025-11-08,Meals,189.14,E0276,Paid
EXP-001749,E0322,Human Resources,2025-11-08,Training,145.48,E0347,Paid
EXP-002035,E0373,Human Resources,2025-11-08,Training,92.39,E0378,Paid
EXP-002341,E0428,IT,2025-11-08,Travel,125.62,E0379,Paid
EXP-002372,E0436,IT,2025-11-08,Accommodation,453.13,E0379,Paid
EXP-002381,E0438,IT,2025-11-08,Meals,45.91,E0379,Paid
EXP-002426,E0446,IT,2025-11-08,Training,400.96,E0379,Paid
EXP-002481,E0457,IT,2025-11-08,Accommodation,24.55,E0379,Paid
EXP-003080,E0516,Operations,2025-11-08,Client entertainment,76.79,E0934,Paid
EXP-003152,E0522,Operations,2025-11-08,Accommodation,86.35,E0916,Paid
EXP-003637,E0560,Operations,2025-11-08,Training,52.26,E0907,Paid
EXP-004031,E0593,Operations,2025-11-08,Meals,47.22,E0938,Paid
EXP-004182,E0611,Operations,2025-11-08,Supplies,315.83,E0908,Paid
EXP-004936,E0673,Operations,2025-11-08,Meals,15.81,E0909,Paid
EXP-004954,E0674,Operations,2025-11-08,Travel,111.08,E0928,Paid
EXP-006165,E0779,Operations,2025-11-08,Travel,168.2,E0916,Paid
EXP-006607,E0816,Operations,2025-11-08,Client entertainment,113.2,E0917,Paid
EXP-006760,E0828,Operations,2025-11-08,Travel,67.22,E0921,Paid
EXP-007922,E0921,Operations,2025-11-08,Supplies,59.16,E0916,Paid
EXP-008449,E0962,Sales,2025-11-08,Supplies,209.61,E1028,Paid
EXP-008579,E0972,Sales,2025-11-08,Training,65.14,E1087,Paid
EXP-008893,E0996,Sales,2025-11-08,Supplies,41.43,E1083,Paid
EXP-008983,E1005,Sales,2025-11-08,Supplies,67.26,E1068,Paid
EXP-009032,E1008,Sales,2025-11-08,Meals,30.8,E0986,Paid
EXP-009262,E1028,Sales,2025-11-08,Travel,384.29,E1026,Paid
EXP-009268,E1029,Sales,2025-11-08,Meals,92.63,E1099,Paid
EXP-009558,E1053,Sales,2025-11-08,Travel,64.86,E0987,Paid
EXP-010428,E1137,Facilities,2025-11-08,Supplies,223.64,E1121,Paid
EXP-000042,E0010,Finance,2025-11-09,Travel,539.35,E0204,Paid
EXP-000076,E0017,Finance,2025-11-09,Accommodation,114.28,E0191,Paid
EXP-000082,E0018,Finance,2025-11-09,Accommodation,102.5,E0210,Paid
EXP-000085,E0018,Finance,2025-11-09,Supplies,54.09,E0210,Paid
EXP-000194,E0038,Finance,2025-11-09,Travel,238.72,E0208,Paid
EXP-000348,E0065,Finance,2025-11-09,Client entertainment,83.87,E0198,Paid
EXP-000438,E0083,Finance,2025-11-09,Travel,41.68,E0199,Paid
EXP-000684,E0124,Finance,2025-11-09,Training,138.49,E0195,Paid
EXP-002033,E0373,Human Resources,2025-11-09,Supplies,240.89,E0378,Paid
EXP-002211,E0405,IT,2025-11-09,Meals,24.09,E0379,Paid
EXP-003480,E0547,Operations,2025-11-09,Meals,35.62,E0933,Paid
EXP-004147,E0608,Operations,2025-11-09,Training,47.26,E0929,Paid
EXP-004237,E0614,Operations,2025-11-09,Meals,112.19,E0932,Paid
EXP-004405,E0626,Operations,2025-11-09,Meals,118.22,E0910,Paid
EXP-004552,E0639,Operations,2025-11-09,Training,328.82,E0921,Paid
EXP-005078,E0684,Operations,2025-11-09,Training,38.05,E0930,Paid
EXP-005568,E0728,Operations,2025-11-09,Supplies,16.91,E0900,Paid
EXP-006614,E0816,Operations,2025-11-09,Accommodation,114.22,E0917,Paid
EXP-008720,E0983,Sales,2025-11-09,Meals,34.11,E0942,Paid
EXP-008870,E0994,Sales,2025-11-09,Travel,172.5,E0970,Paid
EXP-008882,E0995,Sales,2025-11-09,Meals,237.31,E0997,Paid
EXP-009872,E1077,Sales,2025-11-09,Meals,112.4,E1064,Paid
EXP-010203,E1103,Sales,2025-11-09,Meals,447.92,E0975,Paid
EXP-010270,E1107,Legal,2025-11-09,Supplies,32.38,E1119,Paid
EXP-010773,E1199,Facilities,2025-11-09,Travel,41.9,E1121,Paid
EXP-010815,E0965,Sales,2025-11-09,Client entertainment,913.48,E0976,Paid
EXP-000460,E0086,Finance,2025-11-10,Travel,97.24,E0199,Paid
EXP-000625,E0114,Finance,2025-11-10,Training,113.49,E0196,Paid
EXP-000762,E0140,Finance,2025-11-10,Accommodation,88.72,E0199,Paid
EXP-001049,E0190,Finance,2025-11-10,Client entertainment,19.86,E0196,Paid
EXP-001718,E0316,Human Resources,2025-11-10,Travel,132.41,E0348,Paid
EXP-001815,E0333,Human Resources,2025-11-10,Accommodation,124.07,E0349,Paid
EXP-001948,E0358,Human Resources,2025-11-10,Accommodation,26.49,E0349,Paid
EXP-001972,E0363,Human Resources,2025-11-10,Supplies,120.67,E0350,Paid
EXP-002441,E0448,IT,2025-11-10,Meals,451.62,E0379,Paid
EXP-002745,E0488,Operations,2025-11-10,Accommodation,53.33,E0901,Paid
EXP-002762,E0489,Operations,2025-11-10,Supplies,147.4,E0930,Paid
EXP-003569,E0555,Operations,2025-11-10,Training,565.08,E0934,Paid
EXP-004338,E0621,Operations,2025-11-10,Travel,58.56,E0922,Paid
EXP-004368,E0624,Operations,2025-11-10,Travel,23.4,E0913,Paid
EXP-004659,E0648,Operations,2025-11-10,Supplies,76.27,E0909,Paid
EXP-005489,E0722,Operations,2025-11-10,Supplies,140.31,E0936,Paid
EXP-005769,E0746,Operations,2025-11-10,Training,150.39,E0930,Paid
EXP-006027,E0768,Operations,2025-11-10,Training,78.39,E0912,Paid
EXP-006520,E0807,Operations,2025-11-10,Travel,14.25,E0907,Paid
EXP-006810,E0832,Operations,2025-11-10,Client entertainment,48.9,E0904,Paid
EXP-007101,E0855,Operations,2025-11-10,Client entertainment,96.66,E0925,Paid
EXP-008188,E0942,Sales,2025-11-10,Meals,126.97,E1075,Paid
EXP-008296,E0949,Sales,2025-11-10,Travel,122.22,E0955,Paid
EXP-008298,E0949,Sales,2025-11-10,Training,199.56,E0955,Paid
EXP-009312,E1032,Sales,2025-11-10,Training,37.0,E1066,Paid
EXP-009373,E1036,Sales,2025-11-10,Supplies,168.67,E1092,Paid
EXP-009387,E1037,Sales,2025-11-10,Client entertainment,91.45,E0993,Paid
EXP-010363,E1122,Facilities,2025-11-10,Training,192.67,E1121,Paid
EXP-010598,E1171,Facilities,2025-11-10,Training,58.59,E1121,Paid
EXP-000077,E0017,Finance,2025-11-11,Accommodation,171.64,E0191,Paid
EXP-000610,E0112,Finance,2025-11-11,Travel,53.24,E0205,Paid
EXP-000671,E0121,Finance,2025-11-11,Client entertainment,210.09,E0200,Paid
EXP-000719,E0133,Finance,2025-11-11,Meals,129.32,E0195,Paid
EXP-000868,E0164,Finance,2025-11-11,Training,37.51,E0190,Paid
EXP-000926,E0173,Finance,2025-11-11,Meals,171.21,E0202,Paid
EXP-001764,E0325,Human Resources,2025-11-11,Accommodation,96.04,E0344,Paid
EXP-001932,E0354,Human Resources,2025-11-11,Travel,103.35,E0337,Paid
EXP-002129,E0391,IT,2025-11-11,Travel,169.22,E0379,Paid
EXP-002363,E0434,IT,2025-11-11,Training,45.35,E0379,Paid
EXP-002474,E0456,IT,2025-11-11,Client entertainment,77.73,E0379,Paid
EXP-002631,E0480,Operations,2025-11-11,Client entertainment,98.76,E0903,Paid
EXP-002931,E0502,Operations,2025-11-11,Client entertainment,55.25,E0901,Paid
EXP-003313,E0536,Operations,2025-11-11,Training,252.66,E0910,Paid
EXP-003355,E0539,Operations,2025-11-11,Travel,60.48,E0912,Paid
EXP-003461,E0546,Operations,2025-11-11,Supplies,97.61,E0933,Paid
EXP-003512,E0549,Operations,2025-11-11,Meals,57.09,E0923,Paid
EXP-003831,E0577,Operations,2025-11-11,Travel,192.19,E0933,Paid
EXP-003895,E0581,Operations,2025-11-11,Travel,44.96,E0915,Paid
EXP-004202,E0612,Operations,2025-11-11,Supplies,137.74,E0922,Paid
EXP-004242,E0614,Operations,2025-11-11,Accommodation,119.51,E0932,Paid
EXP-004772,E0657,Operations,2025-11-11,Travel,139.11,E0905,Paid
EXP-004810,E0661,Operations,2025-11-11,Meals,48.4,E0916,Paid
EXP-005478,E0721,Operations,2025-11-11,Training,176.35,E0914,Paid
EXP-006143,E0777,Operations,2025-11-11,Accommodation,263.91,E0907,Paid
EXP-006361,E0797,Operations,2025-11-11,Client entertainment,491.23,E0909,Paid
EXP-006715,E0826,Operations,2025-11-11,Travel,32.8,E0934,Paid
EXP-006716,E0826,Operations,2025-11-11,Client entertainment,141.34,E0934,Paid
EXP-006762,E0829,Operations,2025-11-11,Client entertainment,48.32,E0924,Paid
EXP-007108,E0855,Operations,2025-11-11,Supplies,38.49,E0925,Paid
EXP-007164,E0860,Operations,2025-11-11,Client entertainment,79.38,E0904,Paid
EXP-007552,E0892,Operations,2025-11-11,Accommodation,59.86,E0899,Paid
EXP-007684,E0904,Operations,2025-11-11,Training,68.09,E0915,Paid
EXP-007703,E0906,Operations,2025-11-11,Client entertainment,122.29,E0937,Paid
EXP-008122,E0936,Operations,2025-11-11,Travel,339.2,E0920,Paid
EXP-008135,E0937,Operations,2025-11-11,Supplies,21.7,E0910,Paid
EXP-008907,E0998,Sales,2025-11-11,Accommodation,96.33,E1081,Paid
EXP-008927,E1000,Sales,2025-11-11,Accommodation,105.33,E0989,Paid
EXP-009687,E1063,Sales,2025-11-11,Travel,374.26,E1050,Paid
EXP-009754,E1067,Sales,2025-11-11,Client entertainment,51.75,E0955,Paid
EXP-000463,E0086,Finance,2025-11-12,Meals,43.91,E0199,Paid
EXP-001107,E0200,Finance,2025-11-12,Meals,83.65,E0197,Paid
EXP-002234,E0408,IT,2025-11-12,Supplies,172.58,E0379,Paid
EXP-002447,E0450,IT,2025-11-12,Training,116.98,E0379,Paid
EXP-002796,E0493,Operations,2025-11-12,Client entertainment,120.51,E0932,Paid
EXP-002937,E0504,Operations,2025-11-12,Travel,244.9,E0933,Paid
EXP-003048,E0513,Operations,2025-11-12,Meals,459.79,E0918,Paid
EXP-003124,E0520,Operations,2025-11-12,Client entertainment,342.39,E0907,Paid
EXP-003277,E0533,Operations,2025-11-12,Training,90.3,E0918,Paid
EXP-003352,E0539,Operations,2025-11-12,Client entertainment,76.82,E0912,Paid
EXP-003365,E0539,Operations,2025-11-12,Client entertainment,238.74,E0912,Paid
EXP-003973,E0588,Operations,2025-11-12,Travel,72.63,E0932,Paid
EXP-004437,E0628,Operations,2025-11-12,Client entertainment,50.17,E0912,Paid
EXP-005074,E0684,Operations,2025-11-12,Travel,263.46,E0930,Paid
EXP-005161,E0691,Operations,2025-11-12,Accommodation,92.04,E0930,Paid
EXP-005247,E0698,Operations,2025-11-12,Supplies,255.4,E0910,Paid
EXP-005352,E0708,Operations,2025-11-12,Travel,174.34,E0907,Paid
EXP-005499,E0722,Operations,2025-11-12,Travel,376.88,E0936,Paid
EXP-005833,E0753,Operations,2025-11-12,Travel,169.79,E0932,Paid
EXP-006232,E0786,Operations,2025-11-12,Meals,363.68,E0901,Paid
EXP-006421,E0800,Operations,2025-11-12,Accommodation,39.45,E0910,Paid
EXP-006752,E0828,Operations,2025-11-12,Client entertainment,172.22,E0921,Paid
EXP-006890,E0838,Operations,2025-11-12,Accommodation,93.25,E0921,Paid
EXP-006919,E0840,Operations,2025-11-12,Travel,136.82,E0907,Paid
EXP-008288,E0948,Sales,2025-11-12,Supplies,71.49,E0976,Paid
EXP-008571,E0971,Sales,2025-11-12,Accommodation,116.98,E1063,Paid
EXP-008622,E0975,Sales,2025-11-12,Training,206.09,E1046,Paid
EXP-008760,E0985,Sales,2025-11-12,Accommodation,52.05,E0977,Paid
EXP-009503,E1047,Sales,2025-11-12,Client entertainment,113.81,E1071,Paid
EXP-009838,E1076,Sales,2025-11-12,Training,880.11,E1047,Paid
EXP-010916,E1043,Sales,2025-11-12,Client entertainment,908.61,E1099,Paid
EXP-000118,E0025,Finance,2025-11-13,Supplies,156.12,E0196,Paid
EXP-000184,E0036,Finance,2025-11-13,Meals,145.37,E0199,Paid
EXP-000248,E0045,Finance,2025-11-13,Training,28.61,E0203,Paid
EXP-000344,E0064,Finance,2025-11-13,Accommodation,310.34,E0210,Paid
EXP-001862,E0340,Human Resources,2025-11-13,Accommodation,113.83,E0337,Paid
EXP-002162,E0395,IT,2025-11-13,Supplies,173.52,E0379,Paid
EXP-004088,E0597,Operations,2025-11-13,Travel,63.26,E0910,Paid
EXP-005043,E0681,Operations,2025-11-13,Client entertainment,68.07,E0911,Paid
EXP-005104,E0687,Operations,2025-11-13,Meals,584.0,E0900,Paid
EXP-005182,E0693,Operations,2025-11-13,Training,387.4,E0938,Paid
EXP-005467,E0720,Operations,2025-11-13,Travel,48.68,E0920,Paid
EXP-006415,E0799,Operations,2025-11-13,Accommodation,84.38,E0914,Paid
EXP-006560,E0811,Operations,2025-11-13,Supplies,459.21,E0926,Paid
EXP-006581,E0813,Operations,2025-11-13,Accommodation,162.51,E0901,Paid
EXP-006925,E0841,Operations,2025-11-13,Meals,19.91,E0919,Paid
EXP-007027,E0849,Operations,2025-11-13,Supplies,112.73,E0932,Paid
EXP-007173,E0861,Operations,2025-11-13,Meals,29.37,E0908,Paid
EXP-007372,E0879,Operations,2025-11-13,Training,44.51,E0899,Paid
EXP-007863,E0916,Operations,2025-11-13,Meals,443.22,E0001,Paid
EXP-008033,E0929,Operations,2025-11-13,Supplies,171.53,E0911,Paid
EXP-008381,E0957,Sales,2025-11-13,Travel,122.29,E1032,Paid
EXP-008541,E0969,Sales,2025-11-13,Travel,61.69,E1033,Paid
EXP-009714,E1064,Sales,2025-11-13,Supplies,1063.4,E1053,Paid
EXP-010136,E1098,Sales,2025-11-13,Accommodation,63.38,E1042,Paid
EXP-010217,E1104,Sales,2025-11-13,Supplies,48.01,E1056,Paid
EXP-010361,E1121,Facilities,2025-11-13,Meals,198.39,E0001,Paid
EXP-010562,E1164,Facilities,2025-11-13,Client entertainment,89.28,E1121,Paid
EXP-000204,E0040,Finance,2025-11-14,Meals,25.9,E0200,Paid
EXP-000797,E0145,Finance,2025-11-14,Training,197.27,E0193,Paid
EXP-001670,E0308,Human Resources,2025-11-14,Travel,72.05,E0342,Paid
EXP-001728,E0318,Human Resources,2025-11-14,Travel,339.35,E0340,Paid
EXP-002132,E0391,IT,2025-11-14,Travel,159.16,E0379,Paid
EXP-002177,E0400,IT,2025-11-14,Training,407.38,E0379,Paid
EXP-002332,E0427,IT,2025-11-14,Accommodation,64.72,E0379,Paid
EXP-002552,E0470,IT,2025-11-14,Travel,8.6,E0379,Paid
EXP-002782,E0492,Operations,2025-11-14,Training,65.64,E0900,Paid
EXP-004078,E0597,Operations,2025-11-14,Supplies,258.85,E0910,Paid
EXP-004859,E0668,Operations,2025-11-14,Training,42.04,E0913,Paid
EXP-004973,E0677,Operations,2025-11-14,Client entertainment,85.97,E0914,Paid
EXP-005233,E0698,Operations,2025-11-14,Travel,111.68,E0910,Paid
EXP-006044,E0769,Operations,2025-11-14,Travel,65.67,E0928,Paid
EXP-006195,E0783,Operations,2025-11-14,Travel,62.64,E0918,Paid
EXP-006385,E0798,Operations,2025-11-14,Supplies,95.05,E0932,Paid
EXP-007954,E0923,Operations,2025-11-14,Supplies,89.97,E0914,Paid
EXP-007970,E0924,Operations,2025-11-14,Training,839.91,E0914,Paid
EXP-008378,E0957,Sales,2025-11-14,Training,34.21,E1032,Paid
EXP-008619,E0975,Sales,2025-11-14,Meals,51.93,E1046,Paid
EXP-009145,E1019,Sales,2025-11-14,Meals,150.29,E0984,Paid
EXP-009740,E1066,Sales,2025-11-14,Accommodation,412.73,E1052,Paid
EXP-009759,E1068,Sales,2025-11-14,Accommodation,60.07,E1071,Paid
EXP-009762,E1068,Sales,2025-11-14,Supplies,27.21,E1071,Paid
EXP-009766,E1068,Sales,2025-11-14,Training,65.88,E1071,Paid
EXP-009844,E1076,Sales,2025-11-14,Training,45.72,E1047,Paid
EXP-010214,E1104,Sales,2025-11-14,Travel,73.27,E1056,Paid
EXP-010328,E1116,Legal,2025-11-14,Travel,142.74,E1110,Paid
EXP-010384,E1125,Facilities,2025-11-14,Travel,97.16,E1121,Paid
EXP-010527,E1157,Facilities,2025-11-14,Travel,193.36,E1121,Paid
EXP-000312,E0059,Finance,2025-11-15,Meals,68.62,E0198,Paid
EXP-000619,E0113,Finance,2025-11-15,Travel,40.04,E0191,Paid
EXP-001135,E0208,Finance,2025-11-15,Meals,47.8,E0203,Paid
EXP-002076,E0380,IT,2025-11-15,Supplies,74.28,E0379,Paid
EXP-002588,E0476,IT,2025-11-15,Client entertainment,365.27,E0379,Paid
EXP-002700,E0485,Operations,2025-11-15,Travel,188.04,E0903,Paid
EXP-003200,E0526,Operations,2025-11-15,Supplies,223.75,E0914,Paid
EXP-003431,E0544,Operations,2025-11-15,Client entertainment,40.51,E0901,Paid
EXP-003676,E0563,Operations,2025-11-15,Client entertainment,92.81,E0916,Paid
EXP-003717,E0566,Operations,2025-11-15,Accommodation,48.12,E0935,Paid
EXP-003754,E0568,Operations,2025-11-15,Supplies,134.38,E0897,Paid
EXP-003808,E0574,Operations,2025-11-15,Supplies,58.19,E0927,Paid
EXP-003843,E0578,Operations,2025-11-15,Supplies,34.01,E0901,Paid
EXP-004915,E0672,Operations,2025-11-15,Training,36.25,E0918,Paid
EXP-005046,E0682,Operations,2025-11-15,Client entertainment,94.6,E0899,Paid
EXP-005077,E0684,Operations,2025-11-15,Meals,27.73,E0930,Paid
EXP-005173,E0692,Operations,2025-11-15,Meals,71.5,E0930,Paid
EXP-006354,E0796,Operations,2025-11-15,Training,91.33,E0937,Paid
EXP-006464,E0802,Operations,2025-11-15,Travel,114.02,E0923,Paid
EXP-006585,E0813,Operations,2025-11-15,Meals,63.36,E0901,Paid
EXP-007395,E0881,Operations,2025-11-15,Supplies,20.47,E0910,Paid
EXP-009101,E1016,Sales,2025-11-15,Meals,42.98,E1070,Paid
EXP-009980,E1086,Sales,2025-11-15,Meals,228.7,E0959,Paid
EXP-010006,E1089,Sales,2025-11-15,Training,328.88,E0959,Paid
EXP-010218,E1104,Sales,2025-11-15,Client entertainment,77.58,E1056,Paid
EXP-010783,E1201,Facilities,2025-11-15,Training,50.76,E1121,Paid
EXP-000311,E0058,Finance,2025-11-16,Supplies,87.94,E0207,Paid
EXP-000536,E0099,Finance,2025-11-16,Accommodation,179.37,E0191,Paid
EXP-000554,E0103,Finance,2025-11-16,Client entertainment,341.94,E0192,Paid
EXP-000809,E0151,Finance,2025-11-16,Training,187.61,E0196,Paid
EXP-001112,E0201,Finance,2025-11-16,Meals,78.51,E0203,Paid
EXP-002443,E0448,IT,2025-11-16,Supplies,20.01,E0379,Paid
EXP-002529,E0465,IT,2025-11-16,Travel,35.04,E0379,Paid
EXP-002687,E0484,Operations,2025-11-16,Client entertainment,168.54,E0902,Paid
EXP-002719,E0486,Operations,2025-11-16,Accommodation,127.99,E0912,Paid
EXP-004028,E0593,Operations,2025-11-16,Accommodation,39.22,E0938,Paid
EXP-004793,E0660,Operations,2025-11-16,Supplies,142.05,E0930,Paid
EXP-004948,E0674,Operations,2025-11-16,Supplies,94.88,E0928,Paid
EXP-005365,E0711,Operations,2025-11-16,Client entertainment,84.74,E0916,Paid
EXP-005958,E0763,Operations,2025-11-16,Accommodation,177.59,E0914,Paid
EXP-006206,E0784,Operations,2025-11-16,Accommodation,76.54,E0916,Paid
EXP-006208,E0784,Operations,2025-11-16,Accommodation,64.73,E0916,Paid
EXP-007068,E0852,Operations,2025-11-16,Client entertainment,866.62,E0914,Paid
EXP-007134,E0858,Operations,2025-11-16,Training,122.76,E0917,Paid
EXP-007290,E0872,Operations,2025-11-16,Supplies,25.41,E0937,Paid
EXP-007782,E0911,Operations,2025-11-16,Training,39.38,E0922,Paid
EXP-008051,E0930,Operations,2025-11-16,Client entertainment,70.97,E0899,Paid
EXP-008504,E0966,Sales,2025-11-16,Training,39.26,E1012,Paid
EXP-008809,E0991,Sales,2025-11-16,Training,166.62,E0958,Paid
EXP-008900,E0998,Sales,2025-11-16,Meals,86.55,E1081,Paid
EXP-010506,E1153,Facilities,2025-11-16,Client entertainment,27.08,E1121,Paid
EXP-010543,E1159,Facilities,2025-11-16,Accommodation,32.7,E1121,Paid
EXP-010725,E1190,Facilities,2025-11-16,Meals,417.96,E1121,Paid
EXP-000168,E0034,Finance,2025-11-17,Client entertainment,74.83,E0196,Paid
EXP-000272,E0050,Finance,2025-11-17,Training,228.84,E0190,Paid
EXP-000489,E0091,Finance,2025-11-17,Supplies,38.78,E0193,Paid
EXP-000597,E0110,Finance,2025-11-17,Supplies,294.76,E0202,Paid
EXP-000774,E0141,Finance,2025-11-17,Accommodation,907.45,E0192,Paid
EXP-001073,E0193,Finance,2025-11-17,Meals,212.38,E0192,Paid
EXP-002027,E0372,Human Resources,2025-11-17,Travel,38.54,E0374,Paid
EXP-002289,E0418,IT,2025-11-17,Supplies,307.59,E0379,Paid
EXP-002727,E0487,Operations,2025-11-17,Accommodation,30.12,E0937,Paid
EXP-003043,E0513,Operations,2025-11-17,Travel,89.76,E0918,Paid
EXP-003318,E0536,Operations,2025-11-17,Meals,140.49,E0910,Paid
EXP-003425,E0544,Operations,2025-11-17,Meals,345.68,E0901,Paid
EXP-003438,E0545,Operations,2025-11-17,Training,113.11,E0931,Paid
EXP-003488,E0548,Operations,2025-11-17,Client entertainment,34.17,E0909,Paid
EXP-003662,E0561,Operations,2025-11-17,Training,118.93,E0914,Paid
EXP-004417,E0627,Operations,2025-11-17,Supplies,81.05,E0918,Paid
EXP-005358,E0711,Operations,2025-11-17,Client entertainment,715.65,E0916,Paid
EXP-005435,E0718,Operations,2025-11-17,Client entertainment,119.61,E0913,Paid
EXP-006204,E0784,Operations,2025-11-17,Client entertainment,60.18,E0916,Paid
EXP-006339,E0794,Operations,2025-11-17,Supplies,18.6,E0924,Paid
EXP-008209,E0943,Sales,2025-11-17,Client entertainment,123.86,E0972,Paid
EXP-009012,E1007,Sales,2025-11-17,Accommodation,79.09,E1022,Paid
EXP-009756,E1067,Sales,2025-11-17,Client entertainment,282.3,E0955,Paid
EXP-009897,E1079,Sales,2025-11-17,Accommodation,79.68,E0958,Paid
EXP-010498,E1153,Facilities,2025-11-17,Supplies,146.53,E1121,Paid
EXP-010596,E1171,Facilities,2025-11-17,Training,326.41,E1121,Paid
EXP-010652,E1177,Facilities,2025-11-17,Accommodation,77.98,E1121,Paid
EXP-010853,E1033,Sales,2025-11-17,Client entertainment,905.05,E1044,Paid
EXP-000471,E0087,Finance,2025-11-18,Training,99.38,E0198,Paid
EXP-000570,E0105,Finance,2025-11-18,Client entertainment,49.16,E0199,Paid
EXP-000983,E0181,Finance,2025-11-18,Training,111.9,E0198,Paid
EXP-001182,E0219,Procurement,2025-11-18,Meals,57.63,E0269,Paid
EXP-001599,E0292,Procurement,2025-11-18,Accommodation,462.55,E0268,Paid
EXP-001840,E0337,Human Resources,2025-11-18,Meals,23.33,E0340,Paid
EXP-002012,E0370,Human Resources,2025-11-18,Client entertainment,40.64,E0349,Paid
EXP-002018,E0370,Human Resources,2025-11-18,Training,86.54,E0349,Paid
EXP-002742,E0488,Operations,2025-11-18,Meals,200.95,E0901,Paid
EXP-002912,E0501,Operations,2025-11-18,Travel,109.18,E0903,Paid
EXP-003926,E0583,Operations,2025-11-18,Supplies,97.32,E0907,Paid
EXP-004270,E0616,Operations,2025-11-18,Meals,102.09,E0926,Paid
EXP-004448,E0629,Operations,2025-11-18,Travel,153.54,E0935,Paid
EXP-004672,E0648,Operations,2025-11-18,Travel,104.1,E0909,Paid
EXP-005326,E0705,Operations,2025-11-18,Training,365.02,E0936,Paid
EXP-005356,E0708,Operations,2025-11-18,Training,158.9,E0907,Paid
EXP-005570,E0728,Operations,2025-11-18,Meals,501.07,E0900,Paid
EXP-005615,E0733,Operations,2025-11-18,Supplies,78.21,E0919,Paid
EXP-005706,E0739,Operations,2025-11-18,Accommodation,89.7,E0930,Paid
EXP-005816,E0751,Operations,2025-11-18,Accommodation,955.16,E0912,Paid
EXP-005947,E0762,Operations,2025-11-18,Accommodation,76.84,E0912,Paid
EXP-006381,E0798,Operations,2025-11-18,Supplies,303.09,E0932,Paid
EXP-006394,E0798,Operations,2025-11-18,Training,222.36,E0932,Paid
EXP-006433,E0801,Operations,2025-11-18,Travel,84.55,E0903,Paid
EXP-006611,E0816,Operations,2025-11-18,Supplies,56.1,E0917,Paid
EXP-007095,E0854,Operations,2025-11-18,Meals,69.55,E0919,Paid
EXP-007241,E0867,Operations,2025-11-18,Client entertainment,127.95,E0934,Paid
EXP-007346,E0877,Operations,2025-11-18,Accommodation,109.62,E0909,Paid
EXP-007556,E0892,Operations,2025-11-18,Meals,48.31,E0899,Paid
EXP-007923,E0921,Operations,2025-11-18,Travel,97.14,E0916,Paid
EXP-008311,E0951,Sales,2025-11-18,Travel,48.86,E0984,Paid
EXP-008558,E0970,Sales,2025-11-18,Client entertainment,36.32,E1021,Paid
EXP-008781,E0987,Sales,2025-11-18,Supplies,426.03,E1001,Paid
EXP-008926,E0999,Sales,2025-11-18,Supplies,371.25,E0992,Paid
EXP-009659,E1061,Sales,2025-11-18,Supplies,90.0,E1035,Paid
EXP-010311,E1113,Legal,2025-11-18,Training,65.14,E1120,Paid
EXP-010899,E1043,Sales,2025-11-18,Client entertainment,964.29,E1099,Paid
EXP-000281,E0051,Finance,2025-11-19,Meals,33.84,E0193,Paid
EXP-001123,E0205,Finance,2025-11-19,Training,120.33,E0197,Paid
EXP-001148,E0212,Procurement,2025-11-19,Meals,26.04,E0269,Paid
EXP-001734,E0319,Human Resources,2025-11-19,Meals,54.58,E0338,Paid
EXP-002908,E0500,Operations,2025-11-19,Supplies,75.07,E0919,Paid
EXP-003153,E0522,Operations,2025-11-19,Training,115.91,E0916,Paid
EXP-003445,E0545,Operations,2025-11-19,Supplies,127.27,E0931,Paid
EXP-003465,E0546,Operations,2025-11-19,Accommodation,272.98,E0933,Paid
EXP-003501,E0548,Operations,2025-11-19,Client entertainment,78.92,E0909,Paid
EXP-003980,E0588,Operations,2025-11-19,Client entertainment,46.56,E0932,Paid
EXP-004562,E0639,Operations,2025-11-19,Training,73.85,E0921,Paid
EXP-004826,E0663,Operations,2025-11-19,Accommodation,168.54,E0922,Paid
EXP-004848,E0665,Operations,2025-11-19,Travel,48.77,E0922,Paid
EXP-005116,E0688,Operations,2025-11-19,Accommodation,70.59,E0916,Paid
EXP-005219,E0696,Operations,2025-11-19,Training,286.56,E0925,Paid
EXP-005650,E0735,Operations,2025-11-19,Supplies,62.94,E0915,Paid
EXP-006291,E0791,Operations,2025-11-19,Meals,217.63,E0910,Paid
EXP-006521,E0807,Operations,2025-11-19,Meals,490.19,E0907,Paid
EXP-006553,E0811,Operations,2025-11-19,Client entertainment,196.31,E0926,Paid
EXP-006874,E0837,Operations,2025-11-19,Travel,12.56,E0936,Paid
EXP-006962,E0843,Operations,2025-11-19,Supplies,313.51,E0897,Paid
EXP-007348,E0877,Operations,2025-11-19,Travel,92.95,E0909,Paid
EXP-007652,E0901,Operations,2025-11-19,Travel,195.66,E0934,Paid
EXP-008187,E0942,Sales,2025-11-19,Training,109.59,E1075,Paid
EXP-008234,E0945,Sales,2025-11-19,Training,151.18,E1064,Paid
EXP-008577,E0972,Sales,2025-11-19,Travel,143.8,E1087,Paid
EXP-008815,E0991,Sales,2025-11-19,Accommodation,115.6,E0958,Paid
EXP-009741,E1066,Sales,2025-11-19,Meals,117.65,E1052,Paid
EXP-010179,E1102,Sales,2025-11-19,Accommodation,357.99,E1067,Paid
EXP-010340,E1118,Legal,2025-11-19,Accommodation,242.97,E1114,Paid
EXP-000522,E0096,Finance,2025-11-20,Supplies,528.05,E0190,Paid
EXP-001136,E0208,Finance,2025-11-20,Meals,150.44,E0203,Paid
EXP-001623,E0298,Human Resources,2025-11-20,Client entertainment,135.73,E0375,Paid
EXP-001845,E0338,Human Resources,2025-11-20,Training,41.62,E0339,Paid
EXP-001975,E0364,Human Resources,2025-11-20,Travel,291.02,E0376,Paid
EXP-001996,E0367,Human Resources,2025-11-20,Meals,457.43,E0343,Paid
EXP-002131,E0391,IT,2025-11-20,Client entertainment,56.68,E0379,Paid
EXP-002406,E0442,IT,2025-11-20,Accommodation,27.01,E0379,Paid
EXP-002693,E0485,Operations,2025-11-20,Supplies,221.71,E0903,Paid
EXP-002813,E0495,Operations,2025-11-20,Supplies,103.28,E0900,Paid
EXP-003065,E0514,Operations,2025-11-20,Accommodation,71.83,E0907,Paid
EXP-003114,E0519,Operations,2025-11-20,Travel,113.93,E0908,Paid
EXP-003640,E0560,Operations,2025-11-20,Accommodation,173.86,E0907,Paid
EXP-003904,E0582,Operations,2025-11-20,Accommodation,233.85,E0898,Paid
EXP-003948,E0586,Operations,2025-11-20,Accommodation,26.63,E0898,Paid
EXP-003960,E0587,Operations,2025-11-20,Client entertainment,150.61,E0906,Paid
EXP-004291,E0618,Operations,2025-11-20,Client entertainment,57.85,E0906,Paid
EXP-004755,E0656,Operations,2025-11-20,Meals,91.09,E0920,Paid
EXP-005324,E0705,Operations,2025-11-20,Travel,43.47,E0936,Paid
EXP-005557,E0727,Operations,2025-11-20,Travel,582.59,E0906,Paid
EXP-005717,E0741,Operations,2025-11-20,Accommodation,42.73,E0918,Paid
EXP-005723,E0742,Operations,2025-11-20,Client entertainment,139.48,E0938,Paid
EXP-006105,E0773,Operations,2025-11-20,Accommodation,57.53,E0936,Paid
EXP-006137,E0777,Operations,2025-11-20,Travel,121.08,E0907,Paid
EXP-006283,E0789,Operations,2025-11-20,Accommodation,44.04,E0897,Paid
EXP-006355,E0796,Operations,2025-11-20,Training,60.89,E0937,Paid
EXP-006382,E0798,Operations,2025-11-20,Client entertainment,24.57,E0932,Paid
EXP-006486,E0805,Operations,2025-11-20,Training,141.38,E0900,Paid
EXP-007825,E0913,Operations,2025-11-20,Supplies,538.88,E0927,Paid
EXP-008121,E0936,Operations,2025-11-20,Supplies,335.8,E0920,Paid
EXP-008172,E0941,Sales,2025-11-20,Meals,201.86,E1024,Paid
EXP-008433,E0961,Sales,2025-11-20,Meals,260.3,E1097,Paid
EXP-009269,E1029,Sales,2025-11-20,Travel,55.31,E1099,Paid
EXP-009287,E1031,Sales,2025-11-20,Travel,51.86,E0961,Paid
EXP-009299,E1031,Sales,2025-11-20,Training,234.37,E0961,Paid
EXP-009322,E1033,Sales,2025-11-20,Client entertainment,296.41,E1044,Paid
EXP-009587,E1056,Sales,2025-11-20,Meals,170.08,E1074,Paid
EXP-009593,E1056,Sales,2025-11-20,Meals,113.88,E1074,Paid
EXP-009789,E1071,Sales,2025-11-20,Travel,174.17,E0953,Paid
EXP-000084,E0018,Finance,2025-11-21,Supplies,274.4,E0210,Paid
EXP-000157,E0033,Finance,2025-11-21,Accommodation,215.72,E0199,Paid
EXP-000421,E0078,Finance,2025-11-21,Accommodation,129.87,E0205,Paid
EXP-000574,E0106,Finance,2025-11-21,Travel,56.8,E0201,Paid
EXP-001087,E0195,Finance,2025-11-21,Client entertainment,140.45,E0204,Paid
EXP-001185,E0220,Procurement,2025-11-21,Accommodation,104.45,E0268,Paid
EXP-001362,E0252,Procurement,2025-11-21,Meals,38.49,E0280,Paid
EXP-001502,E0276,Procurement,2025-11-21,Meals,266.15,E0001,Paid
EXP-001600,E0292,Procurement,2025-11-21,Meals,106.66,E0268,Paid
EXP-002121,E0389,IT,2025-11-21,Accommodation,54.3,E0379,Paid
EXP-003036,E0512,Operations,2025-11-21,Training,33.92,E0903,Paid
EXP-003258,E0529,Operations,2025-11-21,Supplies,32.74,E0913,Paid
EXP-003874,E0580,Operations,2025-11-21,Training,11.01,E0912,Paid
EXP-003955,E0587,Operations,2025-11-21,Meals,69.44,E0906,Paid
EXP-003979,E0588,Operations,2025-11-21,Accommodation,69.84,E0932,Paid
EXP-004061,E0595,Operations,2025-11-21,Supplies,49.42,E0935,Paid
EXP-004318,E0620,Operations,2025-11-21,Supplies,169.12,E0921,Paid
EXP-004505,E0635,Operations,2025-11-21,Accommodation,121.41,E0928,Paid
EXP-004674,E0648,Operations,2025-11-21,Meals,65.19,E0909,Paid
EXP-005608,E0732,Operations,2025-11-21,Training,40.51,E0923,Paid
EXP-006955,E0842,Operations,2025-11-21,Meals,208.6,E0909,Paid
EXP-006956,E0843,Operations,2025-11-21,Client entertainment,26.91,E0897,Paid
EXP-007238,E0867,Operations,2025-11-21,Meals,21.76,E0934,Paid
EXP-007375,E0879,Operations,2025-11-21,Training,38.48,E0899,Paid
EXP-007397,E0881,Operations,2025-11-21,Meals,43.75,E0910,Paid
EXP-007457,E0885,Operations,2025-11-21,Client entertainment,251.37,E0914,Paid
EXP-007677,E0903,Operations,2025-11-21,Client entertainment,1119.61,E0931,Paid
EXP-008271,E0947,Sales,2025-11-21,Client entertainment,74.3,E1033,Paid
EXP-008707,E0982,Sales,2025-11-21,Meals,35.03,E0956,Paid
EXP-010366,E1122,Facilities,2025-11-21,Travel,76.79,E1121,Paid
EXP-000529,E0098,Finance,2025-11-22,Training,107.88,E0204,Paid
EXP-001099,E0198,Finance,2025-11-22,Accommodation,96.41,E0200,Paid
EXP-001704,E0313,Human Resources,2025-11-22,Client entertainment,44.81,E0376,Paid
EXP-002226,E0407,IT,2025-11-22,Client entertainment,120.72,E0379,Paid
EXP-002277,E0416,IT,2025-11-22,Supplies,140.45,E0379,Paid
EXP-002342,E0428,IT,2025-11-22,Client entertainment,29.88,E0379,Paid
EXP-002826,E0495,Operations,2025-11-22,Training,78.75,E0900,Paid
EXP-003296,E0534,Operations,2025-11-22,Meals,17.39,E0925,Paid
EXP-003733,E0567,Operations,2025-11-22,Accommodation,183.94,E0905,Paid
EXP-003803,E0574,Operations,2025-11-22,Meals,5.42,E0927,Paid
EXP-003871,E0580,Operations,2025-11-22,Supplies,93.36,E0912,Paid
EXP-003919,E0583,Operations,2025-11-22,Travel,74.64,E0907,Paid
EXP-004580,E0640,Operations,2025-11-22,Travel,35.84,E0938,Paid
EXP-004682,E0649,Operations,2025-11-22,Client entertainment,249.91,E0901,Paid
EXP-004692,E0650,Operations,2025-11-22,Supplies,128.18,E0925,Paid
EXP-005183,E0693,Operations,2025-11-22,Travel,322.41,E0938,Paid
EXP-005382,E0713,Operations,2025-11-22,Meals,55.91,E0901,Paid
EXP-005395,E0715,Operations,2025-11-22,Meals,59.33,E0922,Paid
EXP-006222,E0785,Operations,2025-11-22,Meals,51.27,E0924,Paid
EXP-006504,E0807,Operations,2025-11-22,Training,38.21,E0907,Paid
EXP-006684,E0821,Operations,2025-11-22,Meals,123.13,E0920,Paid
EXP-006942,E0841,Operations,2025-11-22,Travel,202.52,E0919,Paid
EXP-007100,E0855,Operations,2025-11-22,Client entertainment,57.55,E0925,Paid
EXP-007128,E0858,Operations,2025-11-22,Client entertainment,101.05,E0917,Paid
EXP-007138,E0858,Operations,2025-11-22,Supplies,136.44,E0917,Paid
EXP-007157,E0860,Operations,2025-11-22,Accommodation,18.27,E0904,Paid
EXP-007583,E0895,Operations,2025-11-22,Accommodation,40.83,E0900,Paid
EXP-007653,E0901,Operations,2025-11-22,Travel,116.94,E0934,Paid
EXP-007837,E0914,Operations,2025-11-22,Training,126.95,E0001,Paid
EXP-007890,E0919,Operations,2025-11-22,Training,226.72,E0898,Paid
EXP-008035,E0929,Operations,2025-11-22,Meals,45.27,E0911,Paid
EXP-008668,E0979,Sales,2025-11-22,Training,213.54,E0960,Paid
EXP-009295,E1031,Sales,2025-11-22,Meals,107.56,E0961,Paid
EXP-009428,E1042,Sales,2025-11-22,Meals,63.86,E1042,Paid
EXP-009459,E1043,Sales,2025-11-22,Supplies,176.71,E1099,Paid
EXP-000033,E0008,Finance,2025-11-23,Meals,32.6,E0194,Paid
EXP-000195,E0039,Finance,2025-11-23,Client entertainment,28.05,E0190,Paid
EXP-000508,E0094,Finance,2025-11-23,Travel,207.63,E0202,Paid
EXP-000791,E0144,Finance,2025-11-23,Meals,24.8,E0203,Paid
EXP-001190,E0220,Procurement,2025-11-23,Supplies,80.47,E0268,Paid
EXP-001330,E0249,Procurement,2025-11-23,Accommodation,199.39,E0268,Paid
EXP-001637,E0300,Human Resources,2025-11-23,Training,71.27,E0344,Paid
EXP-001776,E0326,Human Resources,2025-11-23,Meals,115.73,E0339,Paid
EXP-002104,E0385,IT,2025-11-23,Supplies,37.7,E0379,Paid
EXP-002475,E0456,IT,2025-11-23,Travel,234.04,E0379,Paid
EXP-002714,E0486,Operations,2025-11-23,Training,78.71,E0912,Paid
EXP-002879,E0499,Operations,2025-11-23,Accommodation,261.79,E0900,Paid
EXP-003387,E0542,Operations,2025-11-23,Supplies,53.69,E0898,Paid
EXP-003475,E0547,Operations,2025-11-23,Meals,84.81,E0933,Paid
EXP-003859,E0579,Operations,2025-11-23,Meals,213.19,E0926,Paid
EXP-003946,E0586,Operations,2025-11-23,Training,204.65,E0898,Paid
EXP-003966,E0587,Operations,2025-11-23,Travel,68.17,E0906,Paid
EXP-004399,E0626,Operations,2025-11-23,Supplies,84.66,E0910,Paid
EXP-004606,E0642,Operations,2025-11-23,Supplies,24.62,E0901,Paid
EXP-004718,E0653,Operations,2025-11-23,Client entertainment,15.86,E0936,Paid
EXP-004753,E0656,Operations,2025-11-23,Supplies,204.54,E0920,Paid
EXP-004888,E0669,Operations,2025-11-23,Supplies,19.45,E0900,Paid
EXP-004982,E0677,Operations,2025-11-23,Client entertainment,49.13,E0914,Paid
EXP-005428,E0718,Operations,2025-11-23,Accommodation,118.83,E0913,Paid
EXP-006029,E0768,Operations,2025-11-23,Meals,208.58,E0912,Paid
EXP-006217,E0785,Operations,2025-11-23,Client entertainment,95.21,E0924,Paid
EXP-007044,E0850,Operations,2025-11-23,Supplies,136.0,E0918,Paid
EXP-007737,E0908,Operations,2025-11-23,Accommodation,93.51,E0914,Paid
EXP-008365,E0956,Sales,2025-11-23,Accommodation,85.88,E1104,Paid
EXP-008410,E0959,Sales,2025-11-23,Supplies,92.93,E1052,Paid
EXP-009254,E1028,Sales,2025-11-23,Travel,300.38,E1026,Paid
EXP-009695,E1064,Sales,2025-11-23,Meals,83.65,E1053,Paid
EXP-009883,E1078,Sales,2025-11-23,Client entertainment,51.88,E1102,Paid
EXP-000097,E0020,Finance,2025-11-24,Training,140.98,E0208,Paid
EXP-000296,E0056,Finance,2025-11-24,Meals,328.94,E0210,Paid
EXP-000646,E0118,Finance,2025-11-24,Supplies,70.2,E0210,Paid
EXP-001126,E0205,Finance,2025-11-24,Training,39.69,E0197,Paid
EXP-001217,E0226,Procurement,2025-11-24,Travel,33.11,E0268,Paid
EXP-001426,E0264,Procurement,2025-11-24,Meals,88.23,E0275,Paid
EXP-002253,E0413,IT,2025-11-24,Supplies,21.05,E0379,Paid
EXP-002418,E0444,IT,2025-11-24,Accommodation,242.43,E0379,Paid
EXP-002455,E0453,IT,2025-11-24,Client entertainment,36.01,E0379,Paid
EXP-002909,E0501,Operations,2025-11-24,Travel,32.26,E0903,Paid
EXP-002927,E0502,Operations,2025-11-24,Travel,61.32,E0901,Paid
EXP-003265,E0530,Operations,2025-11-24,Accommodation,70.88,E0919,Paid
EXP-003290,E0534,Operations,2025-11-24,Supplies,60.22,E0925,Paid
EXP-004067,E0596,Operations,2025-11-24,Travel,99.54,E0908,Paid
EXP-004248,E0615,Operations,2025-11-24,Training,51.21,E0937,Paid
EXP-004761,E0656,Operations,2025-11-24,Travel,59.67,E0920,Paid
EXP-005076,E0684,Operations,2025-11-24,Travel,39.25,E0930,Paid
EXP-005551,E0727,Operations,2025-11-24,Accommodation,129.05,E0906,Paid
EXP-005889,E0757,Operations,2025-11-24,Training,317.64,E0898,Paid
EXP-006248,E0787,Operations,2025-11-24,Travel,53.51,E0915,Paid
EXP-006350,E0796,Operations,2025-11-24,Travel,105.0,E0937,Paid
EXP-006828,E0833,Operations,2025-11-24,Supplies,53.17,E0925,Paid
EXP-006888,E0838,Operations,2025-11-24,Client entertainment,99.24,E0921,Paid
EXP-007912,E0921,Operations,2025-11-24,Accommodation,134.84,E0916,Paid
EXP-008142,E0939,Sales,2025-11-24,Meals,31.56,E1055,Paid
EXP-008557,E0970,Sales,2025-11-24,Travel,37.29,E1021,Paid
EXP-008763,E0986,Sales,2025-11-24,Accommodation,105.52,E1055,Paid
EXP-009496,E1047,Sales,2025-11-24,Meals,152.85,E1071,Paid
EXP-009619,E1057,Sales,2025-11-24,Training,439.2,E0958,Paid
EXP-009626,E1058,Sales,2025-11-24,Training,69.01,E1060,Paid
EXP-009631,E1059,Sales,2025-11-24,Meals,54.73,E1011,Paid
EXP-009694,E1063,Sales,2025-11-24,Meals,60.56,E1050,Paid
EXP-010162,E1100,Sales,2025-11-24,Supplies,45.02,E1058,Paid
EXP-010584,E1166,Facilities,2025-11-24,Travel,44.42,E1121,Paid
EXP-000409,E0077,Finance,2025-11-25,Training,300.72,E0202,Paid
EXP-001271,E0237,Procurement,2025-11-25,Client entertainment,51.47,E0267,Paid
EXP-002165,E0397,IT,2025-11-25,Client entertainment,116.01,E0379,Paid
EXP-002370,E0436,IT,2025-11-25,Supplies,235.96,E0379,Paid
EXP-002785,E0492,Operations,2025-11-25,Accommodation,33.01,E0900,Paid
EXP-003250,E0529,Operations,2025-11-25,Travel,136.29,E0913,Paid
EXP-003312,E0536,Operations,2025-11-25,Client entertainment,39.86,E0910,Paid
EXP-003954,E0587,Operations,2025-11-25,Travel,122.4,E0906,Paid
EXP-004314,E0619,Operations,2025-11-25,Training,249.97,E0910,Paid
EXP-004541,E0638,Operations,2025-11-25,Accommodation,268.73,E0916,Paid
EXP-005139,E0690,Operations,2025-11-25,Travel,76.45,E0918,Paid
EXP-005160,E0691,Operations,2025-11-25,Training,181.98,E0930,Paid
EXP-005667,E0737,Operations,2025-11-25,Training,278.94,E0915,Paid
EXP-005756,E0745,Operations,2025-11-25,Meals,29.48,E0938,Paid
EXP-006036,E0769,Operations,2025-11-25,Accommodation,41.71,E0928,Paid
EXP-006512,E0807,Operations,2025-11-25,Supplies,208.16,E0907,Paid
EXP-006797,E0831,Operations,2025-11-25,Travel,71.54,E0907,Paid
EXP-007010,E0846,Operations,2025-11-25,Training,366.15,E0938,Paid
EXP-007547,E0891,Operations,2025-11-25,Accommodation,422.25,E0912,Paid
EXP-008454,E0962,Sales,2025-11-25,Travel,51.88,E1028,Paid
EXP-008869,E0994,Sales,2025-11-25,Travel,113.53,E0970,Paid
EXP-008923,E0999,Sales,2025-11-25,Travel,102.69,E0992,Paid
EXP-009143,E1019,Sales,2025-11-25,Client entertainment,136.85,E0984,Paid
EXP-009618,E1057,Sales,2025-11-25,Training,278.19,E0958,Paid
EXP-009882,E1078,Sales,2025-11-25,Accommodation,131.49,E1102,Paid
EXP-009940,E1082,Sales,2025-11-25,Training,173.81,E1002,Paid
EXP-010106,E1096,Sales,2025-11-25,Supplies,92.62,E0968,Paid
EXP-010165,E1101,Sales,2025-11-25,Supplies,108.48,E1039,Paid
EXP-010237,E1105,Sales,2025-11-25,Training,26.03,E0953,Paid
EXP-010476,E1148,Facilities,2025-11-25,Client entertainment,156.75,E1121,Paid
EXP-010621,E1174,Facilities,2025-11-25,Client entertainment,69.09,E1121,Paid
EXP-000127,E0028,Finance,2025-11-26,Client entertainment,30.91,E0191,Paid
EXP-000158,E0033,Finance,2025-11-26,Training,198.72,E0199,Paid
EXP-000174,E0035,Finance,2025-11-26,Training,48.5,E0190,Paid
EXP-000543,E0101,Finance,2025-11-26,Client entertainment,41.83,E0208,Paid
EXP-000579,E0107,Finance,2025-11-26,Training,142.49,E0199,Paid
EXP-001410,E0260,Procurement,2025-11-26,Meals,427.84,E0277,Paid
EXP-002016,E0370,Human Resources,2025-11-26,Training,90.03,E0349,Paid
EXP-002246,E0410,IT,2025-11-26,Client entertainment,99.42,E0379,Paid
EXP-002564,E0472,IT,2025-11-26,Meals,219.15,E0379,Paid
EXP-002662,E0482,Operations,2025-11-26,Supplies,194.84,E0919,Paid
EXP-002949,E0504,Operations,2025-11-26,Accommodation,108.08,E0933,Paid
EXP-003249,E0529,Operations,2025-11-26,Training,189.22,E0913,Paid
EXP-004334,E0621,Operations,2025-11-26,Travel,54.95,E0922,Paid
EXP-004380,E0625,Operations,2025-11-26,Accommodation,49.98,E0926,Paid
EXP-005197,E0694,Operations,2025-11-26,Meals,90.9,E0932,Paid
EXP-005260,E0699,Operations,2025-11-26,Training,45.03,E0931,Paid
EXP-006186,E0783,Operations,2025-11-26,Travel,249.92,E0918,Paid
EXP-006398,E0798,Operations,2025-11-26,Training,162.15,E0932,Paid
EXP-006653,E0819,Operations,2025-11-26,Meals,125.25,E0929,Paid
EXP-006666,E0820,Operations,2025-11-26,Client entertainment,556.57,E0926,Paid
EXP-006886,E0838,Operations,2025-11-26,Supplies,766.22,E0921,Paid
EXP-007041,E0850,Operations,2025-11-26,Travel,41.56,E0918,Paid
EXP-007396,E0881,Operations,2025-11-26,Training,85.24,E0910,Paid
EXP-007519,E0890,Operations,2025-11-26,Travel,198.9,E0901,Paid
EXP-007665,E0903,Operations,2025-11-26,Meals,49.01,E0931,Paid
EXP-007807,E0912,Operations,2025-11-26,Accommodation,287.6,E0900,Paid
EXP-007823,E0913,Operations,2025-11-26,Client entertainment,107.76,E0927,Paid
EXP-007919,E0921,Operations,2025-11-26,Meals,82.04,E0916,Paid
EXP-008107,E0935,Operations,2025-11-26,Meals,90.55,E0900,Paid
EXP-009171,E1021,Sales,2025-11-26,Travel,107.82,E1010,Paid
EXP-009219,E1024,Sales,2025-11-26,Accommodation,199.52,E1074,Paid
EXP-009533,E1051,Sales,2025-11-26,Accommodation,313.05,E1084,Paid
EXP-009928,E1081,Sales,2025-11-26,Accommodation,291.21,E1047,Paid
EXP-010177,E1102,Sales,2025-11-26,Supplies,313.14,E1067,Paid
EXP-010358,E1121,Facilities,2025-11-26,Client entertainment,89.21,E0001,Paid
EXP-010401,E1129,Facilities,2025-11-26,Travel,242.06,E1121,Paid
EXP-010454,E1144,Facilities,2025-11-26,Meals,93.71,E1121,Paid
EXP-000685,E0124,Finance,2025-11-27,Accommodation,186.54,E0195,Paid
EXP-001318,E0246,Procurement,2025-11-27,Training,77.29,E0267,Paid
EXP-001716,E0315,Human Resources,2025-11-27,Training,60.38,E0343,Paid
EXP-002113,E0386,IT,2025-11-27,Travel,22.66,E0379,Paid
EXP-002198,E0403,IT,2025-11-27,Meals,106.78,E0379,Paid
EXP-002258,E0413,IT,2025-11-27,Travel,10.24,E0379,Paid
EXP-002348,E0430,IT,2025-11-27,Travel,38.74,E0379,Paid
EXP-003378,E0541,Operations,2025-11-27,Accommodation,99.78,E0930,Paid
EXP-003412,E0543,Operations,2025-11-27,Accommodation,29.48,E0914,Paid
EXP-004419,E0627,Operations,2025-11-27,Meals,15.19,E0918,Paid
EXP-004893,E0670,Operations,2025-11-27,Client entertainment,276.01,E0913,Paid
EXP-005146,E0690,Operations,2025-11-27,Training,914.19,E0918,Paid
EXP-005619,E0733,Operations,2025-11-27,Supplies,296.46,E0919,Paid
EXP-005693,E0738,Operations,2025-11-27,Client entertainment,372.32,E0903,Paid
EXP-005737,E0742,Operations,2025-11-27,Accommodation,112.22,E0938,Paid
EXP-006107,E0773,Operations,2025-11-27,Training,15.69,E0936,Paid
EXP-006156,E0778,Operations,2025-11-27,Travel,180.83,E0906,Paid
EXP-007642,E0900,Operations,2025-11-27,Training,111.16,E0935,Paid
EXP-007716,E0906,Operations,2025-11-27,Client entertainment,82.35,E0937,Paid
EXP-007803,E0912,Operations,2025-11-27,Meals,783.2,E0900,Paid
EXP-007858,E0916,Operations,2025-11-27,Training,355.21,E0001,Paid
EXP-008128,E0937,Operations,2025-11-27,Accommodation,108.43,E0910,Paid
EXP-008151,E0939,Sales,2025-11-27,Client entertainment,68.8,E1055,Paid
EXP-008332,E0953,Sales,2025-11-27,Accommodation,180.71,E0987,Paid
EXP-008456,E0963,Sales,2025-11-27,Training,102.41,E0952,Paid
EXP-008566,E0971,Sales,2025-11-27,Client entertainment,17.34,E1063,Paid
EXP-008957,E1003,Sales,2025-11-27,Meals,36.75,E1102,Paid
EXP-009809,E1072,Sales,2025-11-27,Travel,297.76,E0973,Paid
EXP-009917,E1080,Sales,2025-11-27,Meals,33.81,E1048,Paid
EXP-010288,E1109,Legal,2025-11-27,Client entertainment,44.06,E1120,Paid
EXP-000037,E0009,Finance,2025-11-28,Training,244.68,E0199,Paid
EXP-000326,E0062,Finance,2025-11-28,Travel,312.35,E0202,Paid
EXP-000916,E0172,Finance,2025-11-28,Supplies,62.84,E0208,Paid
EXP-001037,E0189,Finance,2025-11-28,Meals,129.88,E0198,Paid
EXP-001365,E0253,Procurement,2025-11-28,Accommodation,185.13,E0272,Paid
EXP-001419,E0263,Procurement,2025-11-28,Travel,37.71,E0275,Paid
EXP-001461,E0270,Procurement,2025-11-28,Accommodation,231.64,E0267,Paid
EXP-001814,E0333,Human Resources,2025-11-28,Supplies,86.8,E0349,Paid
EXP-002978,E0506,Operations,2025-11-28,Travel,174.99,E0899,Paid
EXP-003194,E0525,Operations,2025-11-28,Accommodation,424.92,E0908,Paid
EXP-004281,E0617,Operations,2025-11-28,Accommodation,83.19,E0933,Paid
EXP-004742,E0654,Operations,2025-11-28,Accommodation,638.2,E0930,Paid
EXP-005150,E0690,Operations,2025-11-28,Training,82.83,E0918,Paid
EXP-005170,E0692,Operations,2025-11-28,Meals,232.61,E0930,Paid
EXP-005380,E0713,Operations,2025-11-28,Supplies,36.64,E0901,Paid
EXP-005805,E0750,Operations,2025-11-28,Client entertainment,285.83,E0910,Paid
EXP-006059,E0770,Operations,2025-11-28,Supplies,148.37,E0912,Paid
EXP-006401,E0798,Operations,2025-11-28,Travel,218.66,E0932,Paid
EXP-007088,E0854,Operations,2025-11-28,Travel,279.19,E0919,Paid
EXP-007197,E0862,Operations,2025-11-28,Accommodation,144.79,E0924,Paid
EXP-007248,E0868,Operations,2025-11-28,Meals,89.19,E0906,Paid
EXP-007447,E0884,Operations,2025-11-28,Client entertainment,32.31,E0901,Paid
EXP-008138,E0937,Operations,2025-11-28,Supplies,45.75,E0910,Paid
EXP-008207,E0943,Sales,2025-11-28,Client entertainment,19.27,E0972,Paid
EXP-008515,E0967,Sales,2025-11-28,Training,258.42,E1012,Paid
EXP-008590,E0973,Sales,2025-11-28,Client entertainment,84.71,E0986,Paid
EXP-009047,E1009,Sales,2025-11-28,Accommodation,576.2,E1040,Paid
EXP-009178,E1022,Sales,2025-11-28,Training,72.27,E0970,Paid
EXP-009561,E1053,Sales,2025-11-28,Training,258.43,E0987,Paid
EXP-010438,E1141,Facilities,2025-11-28,Client entertainment,96.03,E1121,Paid
EXP-000480,E0089,Finance,2025-11-29,Travel,222.11,E0198,Paid
EXP-000551,E0102,Finance,2025-11-29,Client entertainment,34.78,E0198,Paid
EXP-000703,E0129,Finance,2025-11-29,Meals,113.74,E0205,Paid
EXP-000985,E0181,Finance,2025-11-29,Meals,126.38,E0198,Paid
EXP-001172,E0217,Procurement,2025-11-29,Travel,18.39,E0275,Paid
EXP-001391,E0258,Procurement,2025-11-29,Meals,94.89,E0270,Paid
EXP-001696,E0312,Human Resources,2025-11-29,Training,30.74,E0378,Paid
EXP-001802,E0331,Human Resources,2025-11-29,Supplies,108.56,E0377,Paid
EXP-001866,E0342,Human Resources,2025-11-29,Meals,20.47,E0374,Paid
EXP-002156,E0394,IT,2025-11-29,Travel,199.91,E0379,Paid
EXP-002320,E0424,IT,2025-11-29,Client entertainment,157.52,E0379,Paid
EXP-002548,E0469,IT,2025-11-29,Client entertainment,118.14,E0379,Paid
EXP-002860,E0498,Operations,2025-11-29,Supplies,134.01,E0934,Paid
EXP-003191,E0525,Operations,2025-11-29,Supplies,148.1,E0908,Paid
EXP-003345,E0538,Operations,2025-11-29,Training,141.58,E0919,Paid
EXP-003990,E0590,Operations,2025-11-29,Supplies,216.22,E0926,Paid
EXP-004379,E0625,Operations,2025-11-29,Client entertainment,69.77,E0926,Paid
EXP-004539,E0638,Operations,2025-11-29,Supplies,26.15,E0916,Paid
EXP-004631,E0644,Operations,2025-11-29,Client entertainment,31.25,E0911,Paid
EXP-005261,E0699,Operations,2025-11-29,Supplies,89.6,E0931,Paid
EXP-005312,E0704,Operations,2025-11-29,Client entertainment,40.57,E0924,Paid
EXP-005338,E0706,Operations,2025-11-29,Travel,35.04,E0918,Paid
EXP-006635,E0818,Operations,2025-11-29,Supplies,137.91,E0931,Paid
EXP-006650,E0819,Operations,2025-11-29,Meals,48.61,E0929,Paid
EXP-006852,E0834,Operations,2025-11-29,Travel,104.75,E0933,Paid
EXP-007156,E0860,Operations,2025-11-29,Supplies,298.04,E0904,Paid
EXP-007382,E0880,Operations,2025-11-29,Accommodation,334.99,E0914,Paid
EXP-007865,E0916,Operations,2025-11-29,Accommodation,21.79,E0001,Paid
EXP-008427,E0961,Sales,2025-11-29,Accommodation,78.04,E1097,Paid
EXP-008512,E0967,Sales,2025-11-29,Accommodation,72.76,E1012,Paid
EXP-008569,E0971,Sales,2025-11-29,Travel,76.79,E1063,Paid
EXP-008637,E0977,Sales,2025-11-29,Meals,130.2,E0995,Paid
EXP-009653,E1060,Sales,2025-11-29,Client entertainment,337.75,E1069,Paid
EXP-009751,E1067,Sales,2025-11-29,Supplies,162.04,E0955,Paid
EXP-010841,E0965,Sales,2025-11-29,Client entertainment,953.89,E0976,Paid
EXP-010905,E1043,Sales,2025-11-29,Client entertainment,973.23,E1099,Paid
EXP-000236,E0044,Finance,2025-11-30,Travel,136.49,E0194,Paid
EXP-000721,E0133,Finance,2025-11-30,Meals,537.75,E0195,Paid
EXP-000900,E0170,Finance,2025-11-30,Accommodation,27.39,E0194,Paid
EXP-001229,E0229,Procurement,2025-11-30,Accommodation,293.84,E0272,Paid
EXP-001440,E0267,Procurement,2025-11-30,Travel,493.41,E0270,Paid
EXP-001516,E0279,Procurement,2025-11-30,Client entertainment,116.03,E0268,Paid
EXP-001643,E0302,Human Resources,2025-11-30,Supplies,108.64,E0377,Paid
EXP-001721,E0317,Human Resources,2025-11-30,Accommodation,71.18,E0346,Paid
EXP-002109,E0386,IT,2025-11-30,Supplies,298.0,E0379,Paid
EXP-002164,E0397,IT,2025-11-30,Client entertainment,507.0,E0379,Paid
EXP-002323,E0425,IT,2025-11-30,Supplies,870.63,E0379,Paid
EXP-002889,E0499,Operations,2025-11-30,Meals,70.09,E0900,Paid
EXP-003247,E0529,Operations,2025-11-30,Training,71.02,E0913,Paid
EXP-003652,E0561,Operations,2025-11-30,Training,66.13,E0914,Paid
EXP-004139,E0608,Operations,2025-11-30,Travel,83.75,E0929,Paid
EXP-004572,E0640,Operations,2025-11-30,Travel,111.52,E0938,Paid
EXP-004892,E0670,Operations,2025-11-30,Supplies,65.09,E0913,Paid
EXP-004957,E0674,Operations,2025-11-30,Travel,191.82,E0928,Paid
EXP-005120,E0688,Operations,2025-11-30,Supplies,96.51,E0916,Paid
EXP-005510,E0724,Operations,2025-11-30,Training,25.21,E0925,Paid
EXP-006124,E0776,Operations,2025-11-30,Meals,57.88,E0926,Paid
EXP-006448,E0802,Operations,2025-11-30,Client entertainment,38.97,E0923,Paid
EXP-006866,E0837,Operations,2025-11-30,Training,120.4,E0936,Paid
EXP-007143,E0858,Operations,2025-11-30,Supplies,179.4,E0917,Paid
EXP-007351,E0878,Operations,2025-11-30,Supplies,43.05,E0923,Paid
EXP-007634,E0900,Operations,2025-11-30,Accommodation,83.4,E0935,Paid
EXP-007697,E0904,Operations,2025-11-30,Meals,1048.53,E0915,Paid
EXP-008146,E0939,Sales,2025-11-30,Supplies,83.64,E1055,Paid
EXP-009009,E1007,Sales,2025-11-30,Accommodation,183.14,E1022,Paid
EXP-009106,E1016,Sales,2025-11-30,Training,32.41,E1070,Paid
EXP-009246,E1027,Sales,2025-11-30,Accommodation,171.29,E0988,Paid
EXP-009271,E1030,Sales,2025-11-30,Supplies,212.41,E0977,Paid
EXP-009822,E1075,Sales,2025-11-30,Accommodation,162.69,E1072,Paid
EXP-009924,E1081,Sales,2025-11-30,Travel,1258.19,E1047,Paid
EXP-010391,E1126,Facilities,2025-11-30,Accommodation,125.48,E1121,Paid
EXP-010540,E1158,Facilities,2025-11-30,Travel,69.64,E1121,Paid
EXP-010718,E1189,Facilities,2025-11-30,Accommodation,96.54,E1121,Paid
EXP-010834,E0965,Sales,2025-11-30,Client entertainment,987.98,E0976,Paid
EXP-000190,E0038,Finance,2025-12-01,Client entertainment,290.31,E0208,Paid
EXP-000315,E0059,Finance,2025-12-01,Client entertainment,65.67,E0198,Paid
EXP-000741,E0137,Finance,2025-12-01,Client entertainment,47.56,E0205,Paid
EXP-000877,E0165,Finance,2025-12-01,Accommodation,319.54,E0208,Paid
EXP-001053,E0191,Finance,2025-12-01,Travel,29.67,E0204,Paid
EXP-001405,E0260,Procurement,2025-12-01,Travel,13.21,E0277,Paid
EXP-001703,E0313,Human Resources,2025-12-01,Supplies,110.93,E0376,Paid
EXP-002233,E0408,IT,2025-12-01,Accommodation,179.34,E0379,Paid
EXP-002490,E0458,IT,2025-12-01,Client entertainment,197.01,E0379,Paid
EXP-003051,E0513,Operations,2025-12-01,Travel,91.83,E0918,Paid
EXP-003109,E0519,Operations,2025-12-01,Meals,116.37,E0908,Paid
EXP-003485,E0547,Operations,2025-12-01,Client entertainment,190.53,E0933,Paid
EXP-004500,E0635,Operations,2025-12-01,Meals,59.87,E0928,Paid
EXP-004691,E0650,Operations,2025-12-01,Travel,144.02,E0925,Paid
EXP-005130,E0689,Operations,2025-12-01,Travel,104.32,E0904,Paid
EXP-006101,E0773,Operations,2025-12-01,Training,435.81,E0936,Paid
EXP-006104,E0773,Operations,2025-12-01,Supplies,28.95,E0936,Paid
EXP-006731,E0827,Operations,2025-12-01,Training,128.75,E0915,Paid
EXP-006764,E0829,Operations,2025-12-01,Meals,42.23,E0924,Paid
EXP-007076,E0853,Operations,2025-12-01,Travel,49.2,E0930,Paid
EXP-008099,E0934,Operations,2025-12-01,Travel,62.77,E0916,Paid
EXP-008598,E0973,Sales,2025-12-01,Meals,241.56,E0986,Paid
EXP-008654,E0978,Sales,2025-12-01,Meals,108.27,E1024,Paid
EXP-008812,E0991,Sales,2025-12-01,Training,281.02,E0958,Paid
EXP-009082,E1011,Sales,2025-12-01,Travel,114.88,E1102,Paid
EXP-009196,E1023,Sales,2025-12-01,Travel,19.65,E1042,Paid
EXP-009736,E1066,Sales,2025-12-01,Accommodation,27.72,E1052,Paid
EXP-010033,E1091,Sales,2025-12-01,Training,80.01,E1063,Paid
EXP-010486,E1151,Facilities,2025-12-01,Travel,167.43,E1121,Paid
EXP-010616,E1173,Facilities,2025-12-01,Accommodation,51.4,E1121,Paid
EXP-010810,E1204,Facilities,2025-12-01,Client entertainment,112.16,E1121,Paid
EXP-000372,E0068,Finance,2025-12-02,Travel,440.66,E0201,Paid
EXP-001083,E0195,Finance,2025-12-02,Accommodation,38.34,E0204,Paid
EXP-001116,E0203,Finance,2025-12-02,Meals,187.75,E0193,Paid
EXP-001291,E0241,Procurement,2025-12-02,Travel,172.58,E0278,Paid
EXP-001436,E0266,Procurement,2025-12-02,Meals,164.14,E0274,Paid
EXP-001686,E0311,Human Resources,2025-12-02,Travel,75.61,E0377,Paid
EXP-001700,E0313,Human Resources,2025-12-02,Meals,84.42,E0376,Paid
EXP-001899,E0350,Human Resources,2025-12-02,Client entertainment,76.24,E0348,Paid
EXP-002028,E0372,Human Resources,2025-12-02,Accommodation,103.48,E0374,Paid
EXP-002048,E0375,Human Resources,2025-12-02,Accommodation,96.57,E0378,Paid
EXP-002647,E0481,Operations,2025-12-02,Training,232.08,E0927,Paid
EXP-002767,E0490,Operations,2025-12-02,Training,90.49,E0923,Paid
EXP-002920,E0501,Operations,2025-12-02,Supplies,27.08,E0903,Paid
EXP-003281,E0533,Operations,2025-12-02,Travel,111.07,E0918,Paid
EXP-003379,E0541,Operations,2025-12-02,Meals,120.27,E0930,Paid
EXP-003492,E0548,Operations,2025-12-02,Training,51.4,E0909,Paid
EXP-004683,E0649,Operations,2025-12-02,Travel,102.01,E0901,Paid
EXP-005696,E0739,Operations,2025-12-02,Supplies,365.77,E0930,Paid
EXP-005838,E0753,Operations,2025-12-02,Supplies,56.87,E0932,Paid
EXP-006282,E0789,Operations,2025-12-02,Accommodation,36.17,E0897,Paid
EXP-006379,E0798,Operations,2025-12-02,Supplies,99.47,E0932,Paid
EXP-006594,E0813,Operations,2025-12-02,Meals,286.4,E0901,Paid
EXP-006911,E0840,Operations,2025-12-02,Accommodation,190.03,E0907,Paid
EXP-007233,E0866,Operations,2025-12-02,Client entertainment,202.49,E0921,Paid
EXP-009656,E1061,Sales,2025-12-02,Supplies,248.35,E1035,Paid
EXP-009855,E1076,Sales,2025-12-02,Supplies,44.09,E1047,Paid
EXP-001385,E0257,Procurement,2025-12-03,Training,193.32,E0279,Paid
EXP-001458,E0270,Procurement,2025-12-03,Training,241.73,E0267,Paid
EXP-001500,E0276,Procurement,2025-12-03,Supplies,89.06,E0001,Paid
EXP-001655,E0305,Human Resources,2025-12-03,Meals,64.76,E0348,Paid
EXP-002248,E0411,IT,2025-12-03,Supplies,130.49,E0379,Paid
EXP-002344,E0429,IT,2025-12-03,Travel,56.07,E0379,Paid
EXP-003123,E0520,Operations,2025-12-03,Training,78.36,E0907,Paid
EXP-003178,E0524,Operations,2025-12-03,Training,30.77,E0903,Paid
EXP-003220,E0527,Operations,2025-12-03,Training,36.85,E0916,Paid
EXP-003690,E0563,Operations,2025-12-03,Accommodation,153.64,E0916,Paid
EXP-004802,E0661,Operations,2025-12-03,Accommodation,285.13,E0916,Paid
EXP-004827,E0663,Operations,2025-12-03,Meals,35.66,E0922,Paid
EXP-004849,E0665,Operations,2025-12-03,Meals,155.04,E0922,Paid
EXP-005041,E0681,Operations,2025-12-03,Meals,250.35,E0911,Paid
EXP-005454,E0720,Operations,2025-12-03,Travel,73.78,E0920,Paid
EXP-005927,E0761,Operations,2025-12-03,Accommodation,492.68,E0907,Paid
EXP-006345,E0796,Operations,2025-12-03,Client entertainment,149.39,E0937,Paid
EXP-006587,E0813,Operations,2025-12-03,Accommodation,59.64,E0901,Paid
EXP-007049,E0851,Operations,2025-12-03,Meals,108.84,E0932,Paid
EXP-007212,E0863,Operations,2025-12-03,Training,59.35,E0929,Paid
EXP-008336,E0954,Sales,2025-12-03,Training,128.03,E1085,Paid
EXP-008602,E0973,Sales,2025-12-03,Client entertainment,101.05,E0986,Paid
EXP-009026,E1008,Sales,2025-12-03,Accommodation,291.34,E0986,Paid
EXP-009115,E1017,Sales,2025-12-03,Supplies,31.03,E1065,Paid
EXP-009685,E1063,Sales,2025-12-03,Supplies,58.4,E1050,Paid
EXP-010315,E1113,Legal,2025-12-03,Training,59.31,E1120,Paid
EXP-000817,E0154,Finance,2025-12-04,Travel,42.54,E0197,Paid
EXP-001498,E0276,Procurement,2025-12-04,Client entertainment,57.77,E0001,Paid
EXP-001603,E0292,Procurement,2025-12-04,Client entertainment,411.21,E0268,Paid
EXP-001607,E0293,Procurement,2025-12-04,Accommodation,825.91,E0275,Paid
EXP-001790,E0328,Human Resources,2025-12-04,Travel,76.5,E0346,Paid
EXP-001883,E0347,Human Resources,2025-12-04,Accommodation,44.17,E0345,Paid
EXP-002088,E0382,IT,2025-12-04,Accommodation,152.87,E0379,Paid
EXP-002206,E0405,IT,2025-12-04,Meals,116.1,E0379,Paid
EXP-002276,E0416,IT,2025-12-04,Supplies,33.86,E0379,Paid
EXP-003208,E0526,Operations,2025-12-04,Supplies,148.27,E0914,Paid
EXP-003338,E0537,Operations,2025-12-04,Training,552.71,E0914,Paid
EXP-004341,E0621,Operations,2025-12-04,Training,51.98,E0922,Paid
EXP-004410,E0626,Operations,2025-12-04,Client entertainment,45.72,E0910,Paid
EXP-004929,E0673,Operations,2025-12-04,Meals,386.12,E0909,Paid
EXP-005631,E0734,Operations,2025-12-04,Meals,395.44,E0921,Paid
EXP-006242,E0786,Operations,2025-12-04,Accommodation,225.02,E0901,Paid
EXP-006295,E0791,Operations,2025-12-04,Client entertainment,106.91,E0910,Paid
EXP-006373,E0797,Operations,2025-12-04,Accommodation,78.88,E0909,Paid
EXP-006725,E0826,Operations,2025-12-04,Travel,9.8,E0934,Paid
EXP-009001,E1006,Sales,2025-12-04,Supplies,66.1,E0948,Paid
EXP-009362,E1036,Sales,2025-12-04,Accommodation,239.56,E1092,Paid
EXP-009581,E1055,Sales,2025-12-04,Travel,123.29,E1098,Paid
EXP-010168,E1101,Sales,2025-12-04,Meals,129.3,E1039,Paid
EXP-010331,E1116,Legal,2025-12-04,Meals,29.22,E1110,Paid
EXP-010365,E1122,Facilities,2025-12-04,Supplies,46.81,E1121,Paid
EXP-000145,E0031,Finance,2025-12-05,Accommodation,80.79,E0201,Paid
EXP-000623,E0114,Finance,2025-12-05,Client entertainment,33.95,E0196,Paid
EXP-000717,E0133,Finance,2025-12-05,Supplies,131.79,E0195,Paid
EXP-000951,E0176,Finance,2025-12-05,Training,86.67,E0193,Paid
EXP-001953,E0359,Human Resources,2025-12-05,Supplies,74.83,E0346,Paid
EXP-002610,E0479,Operations,2025-12-05,Travel,123.09,E0925,Paid
EXP-003816,E0574,Operations,2025-12-05,Accommodation,31.01,E0927,Paid
EXP-004111,E0602,Operations,2025-12-05,Training,123.16,E0919,Paid
EXP-004686,E0650,Operations,2025-12-05,Accommodation,181.9,E0925,Paid
EXP-004792,E0660,Operations,2025-12-05,Accommodation,23.0,E0930,Paid
EXP-004959,E0674,Operations,2025-12-05,Meals,42.9,E0928,Paid
EXP-005044,E0681,Operations,2025-12-05,Meals,202.57,E0911,Paid
EXP-005269,E0700,Operations,2025-12-05,Client entertainment,46.15,E0902,Paid
EXP-005883,E0757,Operations,2025-12-05,Supplies,182.07,E0898,Paid
EXP-006679,E0820,Operations,2025-12-05,Meals,64.28,E0926,Paid
EXP-006759,E0828,Operations,2025-12-05,Meals,62.19,E0921,Paid
EXP-008890,E0996,Sales,2025-12-05,Training,178.74,E1083,Paid
EXP-009531,E1051,Sales,2025-12-05,Client entertainment,187.84,E1084,Paid
EXP-009596,E1056,Sales,2025-12-05,Supplies,157.7,E1074,Paid
EXP-009835,E1075,Sales,2025-12-05,Client entertainment,54.04,E1072,Paid
EXP-009965,E1085,Sales,2025-12-05,Accommodation,97.24,E0939,Paid
EXP-010089,E1095,Sales,2025-12-05,Client entertainment,177.95,E0966,Paid
EXP-010462,E1146,Facilities,2025-12-05,Travel,97.85,E1121,Paid
EXP-010897,E1043,Sales,2025-12-05,Client entertainment,971.9,E1099,Paid
EXP-000036,E0009,Finance,2025-12-06,Travel,188.33,E0199,Paid
EXP-000146,E0031,Finance,2025-12-06,Training,54.76,E0201,Paid
EXP-000280,E0051,Finance,2025-12-06,Supplies,125.04,E0193,Paid
EXP-000576,E0107,Finance,2025-12-06,Training,48.85,E0199,Paid
EXP-001105,E0199,Finance,2025-12-06,Training,108.42,E0196,Paid
EXP-001684,E0311,Human Resources,2025-12-06,Supplies,93.49,E0377,Paid
EXP-001769,E0325,Human Resources,2025-12-06,Supplies,93.77,E0344,Paid
EXP-002374,E0437,IT,2025-12-06,Accommodation,68.58,E0379,Paid
EXP-002456,E0453,IT,2025-12-06,Training,88.93,E0379,Paid
EXP-002627,E0480,Operations,2025-12-06,Supplies,130.26,E0903,Paid
EXP-002718,E0486,Operations,2025-12-06,Accommodation,25.66,E0912,Paid
EXP-002886,E0499,Operations,2025-12-06,Supplies,114.08,E0900,Paid
EXP-003291,E0534,Operations,2025-12-06,Travel,40.93,E0925,Paid
EXP-004689,E0650,Operations,2025-12-06,Meals,65.52,E0925,Paid
EXP-005736,E0742,Operations,2025-12-06,Supplies,28.94,E0938,Paid
EXP-005843,E0754,Operations,2025-12-06,Meals,66.99,E0924,Paid
EXP-006320,E0792,Operations,2025-12-06,Meals,43.25,E0916,Paid
EXP-007025,E0849,Operations,2025-12-06,Meals,31.07,E0932,Paid
EXP-007262,E0870,Operations,2025-12-06,Training,133.04,E0936,Paid
EXP-007741,E0908,Operations,2025-12-06,Meals,167.09,E0914,Paid
EXP-007908,E0920,Operations,2025-12-06,Supplies,262.72,E0914,Paid
EXP-008064,E0931,Operations,2025-12-06,Client entertainment,91.76,E0929,Paid
EXP-008650,E0978,Sales,2025-12-06,Travel,131.88,E1024,Paid
EXP-008769,E0986,Sales,2025-12-06,Supplies,112.33,E1055,Paid
EXP-009230,E1025,Sales,2025-12-06,Supplies,219.25,E0983,Paid
EXP-009296,E1031,Sales,2025-12-06,Accommodation,79.72,E0961,Paid
EXP-010254,E1106,Sales,2025-12-06,Client entertainment,81.7,E1040,Paid
EXP-010750,E1195,Facilities,2025-12-06,Client entertainment,16.83,E1121,Paid
EXP-010863,E1033,Sales,2025-12-06,Client entertainment,968.6,E1044,Paid
EXP-000402,E0076,Finance,2025-12-07,Client entertainment,83.18,E0208,Paid
EXP-000769,E0141,Finance,2025-12-07,Training,130.16,E0192,Paid
EXP-001066,E0192,Finance,2025-12-07,Accommodation,231.79,E0205,Paid
EXP-001781,E0327,Human Resources,2025-12-07,Meals,360.68,E0377,Paid
EXP-001960,E0360,Human Resources,2025-12-07,Supplies,27.03,E0348,Paid
EXP-003057,E0514,Operations,2025-12-07,Travel,122.92,E0907,Paid
EXP-003130,E0520,Operations,2025-12-07,Accommodation,59.44,E0907,Paid
EXP-003155,E0522,Operations,2025-12-07,Training,20.22,E0916,Paid
EXP-003653,E0561,Operations,2025-12-07,Travel,59.81,E0914,Paid
EXP-003658,E0561,Operations,2025-12-07,Supplies,141.91,E0914,Paid
EXP-003869,E0580,Operations,2025-12-07,Travel,44.51,E0912,Paid
EXP-004357,E0623,Operations,2025-12-07,Client entertainment,389.33,E0909,Paid
EXP-005488,E0722,Operations,2025-12-07,Travel,240.0,E0936,Paid
EXP-006189,E0783,Operations,2025-12-07,Accommodation,22.56,E0918,Paid
EXP-006230,E0786,Operations,2025-12-07,Travel,216.14,E0901,Paid
EXP-006527,E0808,Operations,2025-12-07,Client entertainment,145.33,E0898,Paid
EXP-007364,E0878,Operations,2025-12-07,Travel,31.3,E0923,Paid
EXP-007489,E0887,Operations,2025-12-07,Training,45.32,E0926,Paid
EXP-007525,E0890,Operations,2025-12-07,Accommodation,888.13,E0901,Paid
EXP-008321,E0951,Sales,2025-12-07,Training,42.61,E0984,Paid
EXP-008640,E0977,Sales,2025-12-07,Training,180.1,E0995,Paid
EXP-009202,E1023,Sales,2025-12-07,Travel,78.7,E1042,Paid
EXP-009257,E1028,Sales,2025-12-07,Client entertainment,28.67,E1026,Paid
EXP-009713,E1064,Sales,2025-12-07,Accommodation,139.4,E1053,Paid
EXP-009994,E1087,Sales,2025-12-07,Accommodation,211.19,E0942,Paid
EXP-010951,E0641,Operations,2025-12-07,Supplies,300.0,E0912,Paid
EXP-000374,E0069,Finance,2025-12-08,Meals,78.86,E0207,Paid
EXP-000428,E0081,Finance,2025-12-08,Training,86.47,E0209,Paid
EXP-002720,E0486,Operations,2025-12-08,Meals,81.37,E0912,Paid
EXP-003007,E0510,Operations,2025-12-08,Accommodation,161.52,E0920,Paid
EXP-003420,E0543,Operations,2025-12-08,Accommodation,378.77,E0914,Paid
EXP-003505,E0549,Operations,2025-12-08,Accommodation,262.57,E0923,Paid
EXP-003635,E0560,Operations,2025-12-08,Travel,241.51,E0907,Paid
EXP-004311,E0619,Operations,2025-12-08,Meals,50.51,E0910,Paid
EXP-004873,E0669,Operations,2025-12-08,Travel,309.06,E0900,Paid
EXP-005520,E0724,Operations,2025-12-08,Supplies,64.66,E0925,Paid
EXP-008042,E0930,Operations,2025-12-08,Travel,270.08,E0899,Paid
EXP-008068,E0931,Operations,2025-12-08,Supplies,78.81,E0929,Paid
EXP-009025,E1008,Sales,2025-12-08,Meals,59.04,E0986,Paid
EXP-009161,E1021,Sales,2025-12-08,Client entertainment,306.24,E1010,Paid
EXP-009684,E1063,Sales,2025-12-08,Client entertainment,126.02,E1050,Paid
EXP-010184,E1102,Sales,2025-12-08,Accommodation,54.42,E1067,Paid
EXP-010342,E1119,Legal,2025-12-08,Training,60.46,E1117,Paid
EXP-000710,E0131,Finance,2025-12-09,Travel,210.85,E0200,Paid
EXP-000892,E0168,Finance,2025-12-09,Supplies,43.18,E0201,Paid
EXP-000965,E0179,Finance,2025-12-09,Client entertainment,226.05,E0199,Paid
EXP-000988,E0181,Finance,2025-12-09,Supplies,50.23,E0198,Paid
EXP-001574,E0287,Procurement,2025-12-09,Training,172.0,E0277,Paid
EXP-001580,E0289,Procurement,2025-12-09,Client entertainment,134.76,E0277,Paid
EXP-001885,E0347,Human Resources,2025-12-09,Training,100.68,E0345,Paid
EXP-002071,E0380,IT,2025-12-09,Meals,112.46,E0379,Paid
EXP-002704,E0485,Operations,2025-12-09,Training,96.93,E0903,Paid
EXP-003691,E0564,Operations,2025-12-09,Training,41.43,E0913,Paid
EXP-003932,E0585,Operations,2025-12-09,Meals,111.79,E0902,Paid
EXP-004142,E0608,Operations,2025-12-09,Supplies,375.69,E0929,Paid
EXP-004570,E0640,Operations,2025-12-09,Meals,66.9,E0938,Paid
EXP-004670,E0648,Operations,2025-12-09,Supplies,104.41,E0909,Paid
EXP-005389,E0715,Operations,2025-12-09,Accommodation,240.54,E0922,Paid
EXP-005738,E0744,Operations,2025-12-09,Meals,716.54,E0924,Paid
EXP-006930,E0841,Operations,2025-12-09,Travel,24.61,E0919,Paid
EXP-006973,E0844,Operations,2025-12-09,Travel,238.42,E0914,Paid
EXP-007139,E0858,Operations,2025-12-09,Training,226.35,E0917,Paid
EXP-008281,E0947,Sales,2025-12-09,Meals,41.46,E1033,Paid
EXP-008691,E0981,Sales,2025-12-09,Training,252.37,E0992,Paid
EXP-008835,E0992,Sales,2025-12-09,Training,105.53,E1060,Paid
EXP-009081,E1011,Sales,2025-12-09,Travel,95.68,E1102,Paid
EXP-009128,E1018,Sales,2025-12-09,Meals,99.73,E1019,Paid
EXP-009467,E1044,Sales,2025-12-09,Client entertainment,93.55,E1072,Paid
EXP-009494,E1047,Sales,2025-12-09,Accommodation,18.55,E1071,Paid
EXP-009634,E1059,Sales,2025-12-09,Supplies,127.4,E1011,Paid
EXP-010109,E1096,Sales,2025-12-09,Meals,207.6,E0968,Paid
EXP-010375,E1124,Facilities,2025-12-09,Training,108.91,E1121,Paid
EXP-010831,E0965,Sales,2025-12-09,Client entertainment,916.07,E0976,Paid
EXP-001783,E0327,Human Resources,2025-12-10,Travel,595.3,E0377,Paid
EXP-001905,E0351,Human Resources,2025-12-10,Supplies,70.34,E0346,Paid
EXP-002078,E0381,IT,2025-12-10,Travel,57.16,E0379,Paid
EXP-002854,E0497,Operations,2025-12-10,Travel,32.71,E0909,Paid
EXP-003730,E0566,Operations,2025-12-10,Supplies,386.25,E0935,Paid
EXP-003812,E0574,Operations,2025-12-10,Supplies,85.84,E0927,Paid
EXP-003902,E0582,Operations,2025-12-10,Client entertainment,15.63,E0898,Paid
EXP-004355,E0623,Operations,2025-12-10,Travel,42.35,E0909,Paid
EXP-004785,E0659,Operations,2025-12-10,Client entertainment,585.02,E0928,Paid
EXP-005865,E0755,Operations,2025-12-10,Accommodation,130.14,E0901,Paid
EXP-007463,E0885,Operations,2025-12-10,Client entertainment,269.52,E0914,Paid
EXP-008267,E0947,Sales,2025-12-10,Training,350.96,E1033,Paid
EXP-008319,E0951,Sales,2025-12-10,Accommodation,64.83,E0984,Paid
EXP-008509,E0966,Sales,2025-12-10,Supplies,119.74,E1012,Paid
EXP-008894,E0996,Sales,2025-12-10,Client entertainment,195.2,E1083,Paid
EXP-009177,E1022,Sales,2025-12-10,Travel,16.0,E0970,Paid
EXP-009232,E1025,Sales,2025-12-10,Supplies,160.53,E0983,Paid
EXP-009973,E1085,Sales,2025-12-10,Training,578.52,E0939,Paid
EXP-010563,E1164,Facilities,2025-12-10,Client entertainment,153.6,E1121,Paid
EXP-010569,E1165,Facilities,2025-12-10,Accommodation,88.29,E1121,Paid
EXP-010611,E1173,Facilities,2025-12-10,Supplies,76.68,E1121,Paid
EXP-000131,E0029,Finance,2025-12-11,Training,206.59,E0210,Paid
EXP-002265,E0414,IT,2025-12-11,Client entertainment,161.07,E0379,Paid
EXP-002567,E0472,IT,2025-12-11,Training,85.18,E0379,Paid
EXP-002685,E0484,Operations,2025-12-11,Client entertainment,64.08,E0902,Paid
EXP-002775,E0492,Operations,2025-12-11,Training,201.75,E0900,Paid
EXP-002871,E0498,Operations,2025-12-11,Travel,349.39,E0934,Paid
EXP-003301,E0535,Operations,2025-12-11,Travel,348.75,E0897,Paid
EXP-003373,E0541,Operations,2025-12-11,Meals,245.84,E0930,Paid
EXP-003642,E0560,Operations,2025-12-11,Travel,24.96,E0907,Paid
EXP-003785,E0571,Operations,2025-12-11,Travel,15.83,E0906,Paid
EXP-004027,E0593,Operations,2025-12-11,Accommodation,300.85,E0938,Paid
EXP-004392,E0625,Operations,2025-12-11,Client entertainment,31.84,E0926,Paid
EXP-004758,E0656,Operations,2025-12-11,Training,292.92,E0920,Paid
EXP-005250,E0698,Operations,2025-12-11,Supplies,94.12,E0910,Paid
EXP-005400,E0716,Operations,2025-12-11,Meals,34.37,E0937,Paid
EXP-005490,E0722,Operations,2025-12-11,Client entertainment,85.69,E0936,Paid
EXP-005581,E0729,Operations,2025-12-11,Client entertainment,124.06,E0906,Paid
EXP-005871,E0755,Operations,2025-12-11,Supplies,82.63,E0901,Paid
EXP-006145,E0778,Operations,2025-12-11,Training,81.81,E0906,Paid
EXP-006742,E0827,Operations,2025-12-11,Meals,6.64,E0915,Paid
EXP-006769,E0829,Operations,2025-12-11,Training,90.83,E0924,Paid
EXP-007214,E0863,Operations,2025-12-11,Supplies,54.19,E0929,Paid
EXP-007420,E0882,Operations,2025-12-11,Training,185.58,E0935,Paid
EXP-008309,E0951,Sales,2025-12-11,Accommodation,69.29,E0984,Paid
EXP-008351,E0955,Sales,2025-12-11,Client entertainment,103.68,E1069,Paid
EXP-009336,E1034,Sales,2025-12-11,Training,103.53,E0973,Paid
EXP-010685,E1185,Facilities,2025-12-11,Accommodation,117.46,E1121,Paid
EXP-010838,E0965,Sales,2025-12-11,Client entertainment,993.15,E0976,Paid
EXP-010909,E1043,Sales,2025-12-11,Client entertainment,903.63,E1099,Paid
EXP-000124,E0027,Finance,2025-12-12,Supplies,196.13,E0206,Paid
EXP-000693,E0125,Finance,2025-12-12,Client entertainment,78.2,E0196,Paid
EXP-000772,E0141,Finance,2025-12-12,Accommodation,132.21,E0192,Paid
EXP-001218,E0226,Procurement,2025-12-12,Client entertainment,77.86,E0268,Paid
EXP-001358,E0252,Procurement,2025-12-12,Accommodation,11.84,E0280,Paid
EXP-001520,E0280,Procurement,2025-12-12,Training,92.09,E0270,Paid
EXP-001559,E0286,Procurement,2025-12-12,Meals,486.54,E0279,Paid
EXP-001729,E0318,Human Resources,2025-12-12,Client entertainment,321.93,E0340,Paid
EXP-001867,E0342,Human Resources,2025-12-12,Accommodation,107.63,E0374,Paid
EXP-001994,E0366,Human Resources,2025-12-12,Travel,110.06,E0372,Paid
EXP-002520,E0463,IT,2025-12-12,Meals,37.59,E0379,Paid
EXP-002840,E0496,Operations,2025-12-12,Client entertainment,170.36,E0899,Paid
EXP-003072,E0515,Operations,2025-12-12,Training,105.25,E0912,Paid
EXP-003090,E0517,Operations,2025-12-12,Client entertainment,49.31,E0905,Paid
EXP-003117,E0519,Operations,2025-12-12,Meals,447.08,E0908,Paid
EXP-003141,E0521,Operations,2025-12-12,Accommodation,44.47,E0917,Paid
EXP-003698,E0564,Operations,2025-12-12,Meals,109.25,E0913,Paid
EXP-003913,E0583,Operations,2025-12-12,Meals,156.48,E0907,Paid
EXP-004310,E0619,Operations,2025-12-12,Client entertainment,57.66,E0910,Paid
EXP-004723,E0653,Operations,2025-12-12,Client entertainment,98.45,E0936,Paid
EXP-004787,E0660,Operations,2025-12-12,Training,65.57,E0930,Paid
EXP-004994,E0678,Operations,2025-12-12,Supplies,117.09,E0918,Paid
EXP-005294,E0702,Operations,2025-12-12,Accommodation,93.62,E0897,Paid
EXP-005802,E0750,Operations,2025-12-12,Supplies,104.08,E0910,Paid
EXP-006822,E0833,Operations,2025-12-12,Travel,154.85,E0925,Paid
EXP-007006,E0846,Operations,2025-12-12,Accommodation,580.15,E0938,Paid
EXP-007255,E0868,Operations,2025-12-12,Travel,960.6,E0906,Paid
EXP-007350,E0878,Operations,2025-12-12,Travel,21.56,E0923,Paid
EXP-007412,E0882,Operations,2025-12-12,Travel,63.95,E0935,Paid
EXP-007490,E0887,Operations,2025-12-12,Client entertainment,90.51,E0926,Paid
EXP-007972,E0924,Operations,2025-12-12,Meals,58.35,E0914,Paid
EXP-008355,E0955,Sales,2025-12-12,Accommodation,137.42,E1069,Paid
EXP-008370,E0956,Sales,2025-12-12,Supplies,50.22,E1104,Paid
EXP-008906,E0998,Sales,2025-12-12,Accommodation,51.14,E1081,Paid
EXP-009532,E1051,Sales,2025-12-12,Client entertainment,31.83,E1084,Paid
EXP-009691,E1063,Sales,2025-12-12,Travel,27.58,E1050,Paid
EXP-009794,E1071,Sales,2025-12-12,Meals,307.43,E0953,Paid
EXP-009915,E1080,Sales,2025-12-12,Accommodation,26.09,E1048,Paid
EXP-009985,E1086,Sales,2025-12-12,Training,242.22,E0959,Paid
EXP-010105,E1096,Sales,2025-12-12,Client entertainment,254.96,E0968,Paid
EXP-010209,E1104,Sales,2025-12-12,Accommodation,629.32,E1056,Paid
EXP-010306,E1111,Legal,2025-12-12,Training,257.55,E1118,Paid
EXP-010445,E1142,Facilities,2025-12-12,Travel,55.64,E1121,Paid
EXP-000227,E0043,Finance,2025-12-13,Travel,223.57,E0207,Paid
EXP-000356,E0066,Finance,2025-12-13,Travel,66.1,E0194,Paid
EXP-000519,E0095,Finance,2025-12-13,Supplies,201.89,E0208,Paid
EXP-000854,E0160,Finance,2025-12-13,Supplies,93.62,E0203,Paid
EXP-000901,E0170,Finance,2025-12-13,Client entertainment,25.01,E0194,Paid
EXP-001188,E0220,Procurement,2025-12-13,Accommodation,112.43,E0268,Paid
EXP-001237,E0230,Procurement,2025-12-13,Supplies,152.06,E0274,Paid
EXP-001398,E0259,Procurement,2025-12-13,Supplies,54.58,E0277,Paid
EXP-002196,E0403,IT,2025-12-13,Training,63.15,E0379,Paid
EXP-002413,E0443,IT,2025-12-13,Travel,24.75,E0379,Paid
EXP-002839,E0496,Operations,2025-12-13,Client entertainment,101.0,E0899,Paid
EXP-002857,E0497,Operations,2025-12-13,Travel,48.36,E0909,Paid
EXP-002897,E0500,Operations,2025-12-13,Training,126.58,E0919,Paid
EXP-002926,E0502,Operations,2025-12-13,Accommodation,171.49,E0901,Paid
EXP-002952,E0505,Operations,2025-12-13,Client entertainment,61.5,E0912,Paid
EXP-002996,E0509,Operations,2025-12-13,Travel,86.5,E0911,Paid
EXP-003062,E0514,Operations,2025-12-13,Training,110.18,E0907,Paid
EXP-003393,E0542,Operations,2025-12-13,Training,140.92,E0898,Paid
EXP-003661,E0561,Operations,2025-12-13,Meals,175.38,E0914,Paid
EXP-003950,E0586,Operations,2025-12-13,Travel,23.53,E0898,Paid
EXP-004213,E0612,Operations,2025-12-13,Supplies,249.05,E0922,Paid
EXP-005890,E0757,Operations,2025-12-13,Meals,113.69,E0898,Paid
EXP-005949,E0762,Operations,2025-12-13,Supplies,19.22,E0912,Paid
EXP-005951,E0763,Operations,2025-12-13,Meals,192.45,E0914,Paid
EXP-007215,E0863,Operations,2025-12-13,Training,176.66,E0929,Paid
EXP-007673,E0903,Operations,2025-12-13,Meals,19.22,E0931,Paid
EXP-007796,E0912,Operations,2025-12-13,Client entertainment,79.88,E0900,Paid
EXP-007817,E0913,Operations,2025-12-13,Supplies,44.09,E0927,Paid
EXP-008444,E0961,Sales,2025-12-13,Client entertainment,93.87,E1097,Paid
EXP-008546,E0969,Sales,2025-12-13,Accommodation,40.54,E1033,Paid
EXP-009208,E1024,Sales,2025-12-13,Training,40.79,E1074,Paid
EXP-009260,E1028,Sales,2025-12-13,Meals,141.51,E1026,Paid
EXP-010601,E1172,Facilities,2025-12-13,Client entertainment,74.17,E1121,Paid
EXP-010678,E1182,Facilities,2025-12-13,Client entertainment,75.78,E1121,Paid
EXP-010758,E1197,Facilities,2025-12-13,Supplies,114.44,E1121,Paid
EXP-010941,E0505,Operations,2025-12-13,Client entertainment,61.5,E0912,Paid
EXP-000503,E0093,Finance,2025-12-14,Supplies,42.99,E0202,Paid
EXP-002056,E0377,Human Resources,2025-12-14,Meals,159.45,E0344,Paid
EXP-002674,E0483,Operations,2025-12-14,Client entertainment,219.1,E0919,Paid
EXP-003428,E0544,Operations,2025-12-14,Meals,111.08,E0901,Paid
EXP-003683,E0563,Operations,2025-12-14,Meals,235.12,E0916,Paid
EXP-004636,E0646,Operations,2025-12-14,Accommodation,84.89,E0923,Paid
EXP-004844,E0665,Operations,2025-12-14,Travel,228.34,E0922,Paid
EXP-004898,E0670,Operations,2025-12-14,Travel,117.05,E0913,Paid
EXP-004999,E0678,Operations,2025-12-14,Accommodation,14.55,E0918,Paid
EXP-005035,E0681,Operations,2025-12-14,Meals,778.34,E0911,Paid
EXP-006168,E0779,Operations,2025-12-14,Client entertainment,40.86,E0916,Paid
EXP-006305,E0791,Operations,2025-12-14,Accommodation,238.61,E0910,Paid
EXP-006534,E0808,Operations,2025-12-14,Accommodation,721.32,E0898,Paid
EXP-006651,E0819,Operations,2025-12-14,Accommodation,150.91,E0929,Paid
EXP-006792,E0831,Operations,2025-12-14,Training,34.88,E0907,Paid
EXP-007008,E0846,Operations,2025-12-14,Travel,155.81,E0938,Paid
EXP-008021,E0928,Operations,2025-12-14,Client entertainment,57.76,E0929,Paid
EXP-008516,E0968,Sales,2025-12-14,Travel,132.95,E1017,Paid
EXP-008749,E0985,Sales,2025-12-14,Accommodation,72.61,E0977,Paid
EXP-008795,E0989,Sales,2025-12-14,Client entertainment,150.5,E0977,Paid
EXP-008961,E1004,Sales,2025-12-14,Accommodation,146.48,E0946,Paid
EXP-009084,E1013,Sales,2025-12-14,Supplies,888.13,E1032,Paid
EXP-009255,E1028,Sales,2025-12-14,Travel,472.77,E1026,Paid
EXP-009477,E1045,Sales,2025-12-14,Client entertainment,122.52,E0986,Paid
EXP-009705,E1064,Sales,2025-12-14,Client entertainment,151.16,E1053,Paid
EXP-009768,E1068,Sales,2025-12-14,Client entertainment,100.84,E1071,Paid
EXP-010074,E1094,Sales,2025-12-14,Client entertainment,68.31,E0945,Paid
EXP-010482,E1150,Facilities,2025-12-14,Supplies,103.18,E1121,Paid
EXP-000541,E0100,Finance,2025-12-15,Travel,66.16,E0207,Paid
EXP-001200,E0222,Procurement,2025-12-15,Meals,58.83,E0273,Paid
EXP-002072,E0380,IT,2025-12-15,Accommodation,61.06,E0379,Paid
EXP-002321,E0424,IT,2025-12-15,Travel,224.6,E0379,Paid
EXP-002758,E0489,Operations,2025-12-15,Accommodation,208.79,E0930,Paid
EXP-002766,E0490,Operations,2025-12-15,Supplies,724.95,E0923,Paid
EXP-003386,E0541,Operations,2025-12-15,Meals,203.39,E0930,Paid
EXP-003757,E0568,Operations,2025-12-15,Client entertainment,83.98,E0897,Paid
EXP-004444,E0629,Operations,2025-12-15,Travel,45.15,E0935,Paid
EXP-004489,E0633,Operations,2025-12-15,Travel,105.57,E0901,Paid
EXP-004836,E0664,Operations,2025-12-15,Training,58.81,E0932,Paid
EXP-005671,E0737,Operations,2025-12-15,Training,129.17,E0915,Paid
EXP-006286,E0789,Operations,2025-12-15,Training,106.01,E0897,Paid
EXP-006290,E0789,Operations,2025-12-15,Training,510.61,E0897,Paid
EXP-006471,E0803,Operations,2025-12-15,Supplies,151.23,E0930,Paid
EXP-006589,E0813,Operations,2025-12-15,Training,61.19,E0901,Paid
EXP-006655,E0819,Operations,2025-12-15,Accommodation,315.65,E0929,Paid
EXP-006993,E0846,Operations,2025-12-15,Meals,42.54,E0938,Paid
EXP-007230,E0866,Operations,2025-12-15,Client entertainment,168.16,E0921,Paid
EXP-008011,E0927,Operations,2025-12-15,Meals,149.33,E0907,Paid
EXP-008052,E0930,Operations,2025-12-15,Travel,293.95,E0899,Paid
EXP-008665,E0979,Sales,2025-12-15,Client entertainment,216.25,E0960,Paid
EXP-008859,E0993,Sales,2025-12-15,Accommodation,74.1,E1048,Paid
EXP-008922,E0999,Sales,2025-12-15,Client entertainment,95.03,E0992,Paid
EXP-009557,E1053,Sales,2025-12-15,Supplies,108.1,E0987,Paid
EXP-009829,E1075,Sales,2025-12-15,Meals,95.84,E1072,Paid
EXP-010146,E1099,Sales,2025-12-15,Accommodation,42.23,E1097,Paid
EXP-010804,E1203,Facilities,2025-12-15,Training,50.45,E1121,Paid
EXP-000379,E0070,Finance,2025-12-16,Training,161.0,E0196,Paid
EXP-000523,E0096,Finance,2025-12-16,Meals,46.85,E0190,Paid
EXP-001024,E0187,Finance,2025-12-16,Travel,87.03,E0198,Paid
EXP-001216,E0226,Procurement,2025-12-16,Travel,159.3,E0268,Paid
EXP-002013,E0370,Human Resources,2025-12-16,Accommodation,218.96,E0349,Paid
EXP-002188,E0402,IT,2025-12-16,Travel,148.92,E0379,Paid
EXP-003718,E0566,Operations,2025-12-16,Travel,119.8,E0935,Paid
EXP-003945,E0586,Operations,2025-12-16,Supplies,103.6,E0898,Paid
EXP-004105,E0602,Operations,2025-12-16,Meals,513.25,E0919,Paid
EXP-004661,E0648,Operations,2025-12-16,Client entertainment,187.31,E0909,Paid
EXP-004882,E0669,Operations,2025-12-16,Travel,189.77,E0900,Paid
EXP-005704,E0739,Operations,2025-12-16,Meals,894.12,E0930,Paid
EXP-005844,E0754,Operations,2025-12-16,Travel,29.11,E0924,Paid
EXP-005931,E0761,Operations,2025-12-16,Accommodation,39.08,E0907,Paid
EXP-006114,E0775,Operations,2025-12-16,Training,182.14,E0907,Paid
EXP-006685,E0821,Operations,2025-12-16,Client entertainment,86.26,E0920,Paid
EXP-006907,E0839,Operations,2025-12-16,Accommodation,315.68,E0933,Paid
EXP-006948,E0842,Operations,2025-12-16,Supplies,451.82,E0909,Paid
EXP-007591,E0895,Operations,2025-12-16,Client entertainment,125.48,E0900,Paid
EXP-008044,E0930,Operations,2025-12-16,Meals,685.44,E0899,Paid
EXP-008073,E0932,Operations,2025-12-16,Training,191.57,E0930,Paid
EXP-008329,E0953,Sales,2025-12-16,Client entertainment,135.29,E0987,Paid
EXP-008348,E0955,Sales,2025-12-16,Training,136.44,E1069,Paid
EXP-008528,E0968,Sales,2025-12-16,Client entertainment,313.95,E1017,Paid
EXP-009223,E1024,Sales,2025-12-16,Supplies,2251.86,E1074,Paid
EXP-009998,E1089,Sales,2025-12-16,Supplies,201.22,E0959,Paid
EXP-010929,E1043,Sales,2025-12-16,Client entertainment,994.63,E1099,Paid
EXP-010970,E0641,Operations,2025-12-16,Supplies,250.0,E0912,Paid
EXP-000696,E0125,Finance,2025-12-17,Meals,20.04,E0196,Paid
EXP-000825,E0156,Finance,2025-12-17,Travel,34.78,E0207,Paid
EXP-002272,E0416,IT,2025-12-17,Training,70.72,E0379,Paid
EXP-002367,E0435,IT,2025-12-17,Training,112.59,E0379,Paid
EXP-002558,E0471,IT,2025-12-17,Accommodation,101.22,E0379,Paid
EXP-002900,E0500,Operations,2025-12-17,Travel,97.17,E0919,Paid
EXP-002954,E0505,Operations,2025-12-17,Accommodation,136.39,E0912,Paid
EXP-003270,E0530,Operations,2025-12-17,Accommodation,123.21,E0919,Paid
EXP-003340,E0538,Operations,2025-12-17,Client entertainment,78.45,E0919,Paid
EXP-003449,E0546,Operations,2025-12-17,Travel,68.53,E0933,Paid
EXP-003542,E0553,Operations,2025-12-17,Supplies,93.79,E0919,Paid
EXP-003572,E0555,Operations,2025-12-17,Supplies,255.29,E0934,Paid
EXP-004431,E0628,Operations,2025-12-17,Travel,72.51,E0912,Paid
EXP-005487,E0722,Operations,2025-12-17,Supplies,302.62,E0936,Paid
EXP-005797,E0749,Operations,2025-12-17,Client entertainment,132.08,E0918,Paid
EXP-005882,E0756,Operations,2025-12-17,Accommodation,83.95,E0932,Paid
EXP-006254,E0787,Operations,2025-12-17,Travel,33.23,E0915,Paid
EXP-006790,E0831,Operations,2025-12-17,Client entertainment,198.5,E0907,Paid
EXP-006992,E0845,Operations,2025-12-17,Training,167.54,E0916,Paid
EXP-007192,E0862,Operations,2025-12-17,Meals,527.57,E0924,Paid
EXP-008734,E0984,Sales,2025-12-17,Accommodation,47.84,E1104,Paid
EXP-008782,E0987,Sales,2025-12-17,Training,45.67,E1001,Paid
EXP-008841,E0992,Sales,2025-12-17,Meals,178.18,E1060,Paid
EXP-009024,E1008,Sales,2025-12-17,Accommodation,68.26,E0986,Paid
EXP-009053,E1010,Sales,2025-12-17,Client entertainment,43.78,E0980,Paid
EXP-009425,E1041,Sales,2025-12-17,Client entertainment,125.36,E0944,Paid
EXP-010318,E1114,Legal,2025-12-17,Supplies,224.34,E1110,Paid
EXP-000229,E0043,Finance,2025-12-18,Accommodation,57.27,E0207,Paid
EXP-000247,E0045,Finance,2025-12-18,Travel,125.25,E0203,Paid
EXP-001920,E0353,Human Resources,2025-12-18,Client entertainment,468.12,E0339,Paid
EXP-002499,E0459,IT,2025-12-18,Training,34.68,E0379,Paid
EXP-002612,E0479,Operations,2025-12-18,Travel,216.68,E0925,Paid
EXP-003760,E0568,Operations,2025-12-18,Accommodation,227.46,E0897,Paid
EXP-003830,E0575,Operations,2025-12-18,Training,55.39,E0904,Paid
EXP-003968,E0587,Operations,2025-12-18,Travel,167.0,E0906,Paid
EXP-004344,E0623,Operations,2025-12-18,Supplies,452.45,E0909,Paid
EXP-004458,E0629,Operations,2025-12-18,Training,47.35,E0935,Paid
EXP-004963,E0675,Operations,2025-12-18,Travel,407.21,E0938,Paid
EXP-005086,E0685,Operations,2025-12-18,Travel,21.42,E0907,Paid
EXP-005411,E0717,Operations,2025-12-18,Client entertainment,91.68,E0917,Paid
EXP-005436,E0718,Operations,2025-12-18,Travel,174.05,E0913,Paid
EXP-005804,E0750,Operations,2025-12-18,Supplies,226.93,E0910,Paid
EXP-006011,E0767,Operations,2025-12-18,Training,61.95,E0920,Paid
EXP-006070,E0771,Operations,2025-12-18,Meals,406.7,E0933,Paid
EXP-006422,E0800,Operations,2025-12-18,Travel,239.49,E0910,Paid
EXP-006490,E0805,Operations,2025-12-18,Training,54.31,E0900,Paid
EXP-006834,E0833,Operations,2025-12-18,Travel,57.91,E0925,Paid
EXP-006883,E0838,Operations,2025-12-18,Accommodation,39.71,E0921,Paid
EXP-006996,E0846,Operations,2025-12-18,Meals,34.07,E0938,Paid
EXP-007072,E0852,Operations,2025-12-18,Training,27.24,E0914,Paid
EXP-007632,E0900,Operations,2025-12-18,Meals,160.76,E0935,Paid
EXP-007937,E0922,Operations,2025-12-18,Supplies,104.82,E0936,Paid
EXP-008464,E0963,Sales,2025-12-18,Accommodation,19.04,E0952,Paid
EXP-008604,E0974,Sales,2025-12-18,Accommodation,124.06,E1088,Paid
EXP-008935,E1000,Sales,2025-12-18,Travel,292.44,E0989,Paid
EXP-009080,E1011,Sales,2025-12-18,Supplies,62.04,E1102,Paid
EXP-009376,E1037,Sales,2025-12-18,Accommodation,127.78,E0993,Paid
EXP-009584,E1056,Sales,2025-12-18,Supplies,126.73,E1074,Paid
EXP-009808,E1072,Sales,2025-12-18,Travel,39.78,E0973,Paid
EXP-010212,E1104,Sales,2025-12-18,Supplies,43.48,E1056,Paid
EXP-010796,E1202,Facilities,2025-12-18,Travel,82.47,E1121,Paid
EXP-000128,E0028,Finance,2025-12-19,Supplies,296.43,E0191,Paid
EXP-000648,E0119,Finance,2025-12-19,Client entertainment,648.73,E0210,Paid
EXP-001198,E0222,Procurement,2025-12-19,Supplies,174.73,E0273,Paid
EXP-001272,E0237,Procurement,2025-12-19,Travel,46.42,E0267,Paid
EXP-001542,E0284,Procurement,2025-12-19,Supplies,262.38,E0272,Paid
EXP-003147,E0521,Operations,2025-12-19,Client entertainment,286.68,E0917,Paid
EXP-003196,E0525,Operations,2025-12-19,Accommodation,136.18,E0908,Paid
EXP-003364,E0539,Operations,2025-12-19,Travel,108.34,E0912,Paid
EXP-003372,E0541,Operations,2025-12-19,Supplies,27.84,E0930,Paid
EXP-003464,E0546,Operations,2025-12-19,Meals,167.75,E0933,Paid
EXP-003551,E0554,Operations,2025-12-19,Training,159.21,E0918,Paid
EXP-003654,E0561,Operations,2025-12-19,Training,21.35,E0914,Paid
EXP-003666,E0561,Operations,2025-12-19,Training,144.37,E0914,Paid
EXP-003740,E0567,Operations,2025-12-19,Accommodation,409.9,E0905,Paid
EXP-004432,E0628,Operations,2025-12-19,Meals,149.1,E0912,Paid
EXP-004434,E0628,Operations,2025-12-19,Client entertainment,116.94,E0912,Paid
EXP-005513,E0724,Operations,2025-12-19,Training,52.49,E0925,Paid
EXP-005609,E0732,Operations,2025-12-19,Supplies,191.26,E0923,Paid
EXP-005860,E0754,Operations,2025-12-19,Travel,142.57,E0924,Paid
EXP-006855,E0834,Operations,2025-12-19,Accommodation,81.06,E0933,Paid
EXP-007437,E0883,Operations,2025-12-19,Client entertainment,98.1,E0898,Paid
EXP-008257,E0946,Sales,2025-12-19,Training,479.88,E0992,Paid
EXP-010520,E1156,Facilities,2025-12-19,Supplies,124.35,E1121,Paid
EXP-001274,E0239,Procurement,2025-12-20,Travel,141.02,E0277,Paid
EXP-001621,E0298,Human Resources,2025-12-20,Client entertainment,13.13,E0375,Paid
EXP-003308,E0535,Operations,2025-12-20,Client entertainment,434.67,E0897,Paid
EXP-003677,E0563,Operations,2025-12-20,Accommodation,35.38,E0916,Paid
EXP-004582,E0640,Operations,2025-12-20,Accommodation,50.1,E0938,Paid
EXP-004605,E0642,Operations,2025-12-20,Meals,596.24,E0901,Paid
EXP-004790,E0660,Operations,2025-12-20,Supplies,30.77,E0930,Paid
EXP-005270,E0700,Operations,2025-12-20,Accommodation,127.18,E0902,Paid
EXP-006226,E0785,Operations,2025-12-20,Training,28.26,E0924,Paid
EXP-006567,E0811,Operations,2025-12-20,Accommodation,63.15,E0926,Paid
EXP-007077,E0853,Operations,2025-12-20,Meals,36.43,E0930,Paid
EXP-007093,E0854,Operations,2025-12-20,Accommodation,251.38,E0919,Paid
EXP-007403,E0881,Operations,2025-12-20,Accommodation,99.96,E0910,Paid
EXP-007541,E0891,Operations,2025-12-20,Meals,46.46,E0912,Paid
EXP-007720,E0907,Operations,2025-12-20,Accommodation,136.55,E0938,Paid
EXP-007800,E0912,Operations,2025-12-20,Travel,231.24,E0900,Paid
EXP-008373,E0956,Sales,2025-12-20,Travel,225.76,E1104,Paid
EXP-008699,E0981,Sales,2025-12-20,Travel,135.09,E0992,Paid
EXP-008764,E0986,Sales,2025-12-20,Client entertainment,87.41,E1055,Paid
EXP-009433,E1042,Sales,2025-12-20,Accommodation,929.14,E0965,Paid
EXP-009702,E1064,Sales,2025-12-20,Training,196.46,E1053,Paid
EXP-009847,E1076,Sales,2025-12-20,Travel,128.73,E1047,Paid
EXP-009921,E1080,Sales,2025-12-20,Accommodation,198.74,E1048,Paid
EXP-010585,E1166,Facilities,2025-12-20,Accommodation,396.5,E1121,Paid
EXP-010707,E1188,Facilities,2025-12-20,Accommodation,69.01,E1121,Paid
EXP-010714,E1189,Facilities,2025-12-20,Meals,726.16,E1121,Paid
EXP-010755,E1196,Facilities,2025-12-20,Client entertainment,12.31,E1121,Paid
EXP-000520,E0095,Finance,2025-12-21,Supplies,254.51,E0208,Paid
EXP-000538,E0100,Finance,2025-12-21,Accommodation,56.91,E0207,Paid
EXP-000992,E0182,Finance,2025-12-21,Client entertainment,119.49,E0198,Paid
EXP-001035,E0189,Finance,2025-12-21,Travel,48.44,E0198,Paid
EXP-001296,E0242,Procurement,2025-12-21,Travel,15.83,E0267,Paid
EXP-001648,E0302,Human Resources,2025-12-21,Client entertainment,198.03,E0377,Paid
EXP-001777,E0326,Human Resources,2025-12-21,Client entertainment,45.74,E0339,Paid
EXP-002161,E0395,IT,2025-12-21,Training,130.0,E0379,Paid
EXP-002512,E0462,IT,2025-12-21,Travel,58.71,E0379,Paid
EXP-002525,E0463,IT,2025-12-21,Meals,113.28,E0379,Paid
EXP-004614,E0643,Operations,2025-12-21,Meals,89.77,E0921,Paid
EXP-006556,E0811,Operations,2025-12-21,Accommodation,426.61,E0926,Paid
EXP-006658,E0819,Operations,2025-12-21,Accommodation,223.4,E0929,Paid
EXP-006701,E0824,Operations,2025-12-21,Meals,115.25,E0930,Paid
EXP-006709,E0825,Operations,2025-12-21,Client entertainment,33.18,E0905,Paid
EXP-006854,E0834,Operations,2025-12-21,Meals,158.93,E0933,Paid
EXP-007895,E0919,Operations,2025-12-21,Client entertainment,71.72,E0898,Paid
EXP-008483,E0964,Sales,2025-12-21,Meals,17.99,E1105,Paid
EXP-009613,E1057,Sales,2025-12-21,Client entertainment,500.97,E0958,Paid
EXP-009708,E1064,Sales,2025-12-21,Supplies,431.25,E1053,Paid
EXP-009894,E1079,Sales,2025-12-21,Training,76.86,E0958,Paid
EXP-010483,E1151,Facilities,2025-12-21,Accommodation,28.8,E1121,Paid
EXP-000476,E0089,Finance,2025-12-22,Meals,66.83,E0198,Paid
EXP-000906,E0170,Finance,2025-12-22,Travel,277.7,E0194,Paid
EXP-001113,E0201,Finance,2025-12-22,Accommodation,84.87,E0203,Paid
EXP-001283,E0239,Procurement,2025-12-22,Client entertainment,284.54,E0277,Paid
EXP-002117,E0387,IT,2025-12-22,Travel,22.99,E0379,Paid
EXP-002515,E0462,IT,2025-12-22,Client entertainment,230.68,E0379,Paid
EXP-002569,E0473,IT,2025-12-22,Accommodation,99.04,E0379,Paid
EXP-002599,E0477,Operations,2025-12-22,Accommodation,341.72,E0906,Paid
EXP-002743,E0488,Operations,2025-12-22,Accommodation,96.42,E0901,Paid
EXP-003174,E0523,Operations,2025-12-22,Travel,35.14,E0920,Paid
EXP-003448,E0546,Operations,2025-12-22,Client entertainment,21.85,E0933,Paid
EXP-003965,E0587,Operations,2025-12-22,Meals,569.71,E0906,Paid
EXP-004070,E0596,Operations,2025-12-22,Client entertainment,91.2,E0908,Paid
EXP-004250,E0615,Operations,2025-12-22,Meals,876.01,E0937,Paid
EXP-004594,E0641,Operations,2025-12-22,Accommodation,230.45,E0912,Paid
EXP-004841,E0665,Operations,2025-12-22,Travel,50.67,E0922,Paid
EXP-005256,E0699,Operations,2025-12-22,Accommodation,120.16,E0931,Paid
EXP-005333,E0706,Operations,2025-12-22,Meals,39.6,E0918,Paid
EXP-008003,E0927,Operations,2025-12-22,Accommodation,61.29,E0907,Paid
EXP-008116,E0936,Operations,2025-12-22,Travel,36.4,E0920,Paid
EXP-008279,E0947,Sales,2025-12-22,Client entertainment,48.71,E1033,Paid
EXP-010265,E1106,Sales,2025-12-22,Supplies,162.88,E1040,Paid
EXP-000176,E0035,Finance,2025-12-23,Supplies,632.22,E0190,Paid
EXP-000714,E0132,Finance,2025-12-23,Travel,295.42,E0190,Paid
EXP-000819,E0154,Finance,2025-12-23,Travel,42.35,E0197,Paid
EXP-000866,E0163,Finance,2025-12-23,Meals,131.73,E0192,Paid
EXP-000885,E0167,Finance,2025-12-23,Travel,427.37,E0190,Paid
EXP-000907,E0170,Finance,2025-12-23,Client entertainment,86.84,E0194,Paid
EXP-000989,E0182,Finance,2025-12-23,Client entertainment,117.39,E0198,Paid
EXP-001010,E0186,Finance,2025-12-23,Client entertainment,12.79,E0196,Paid
EXP-001090,E0196,Finance,2025-12-23,Training,111.5,E0001,Paid
EXP-001108,E0200,Finance,2025-12-23,Client entertainment,406.71,E0197,Paid
EXP-001980,E0364,Human Resources,2025-12-23,Training,49.41,E0376,Paid
EXP-002331,E0427,IT,2025-12-23,Client entertainment,42.79,E0379,Paid
EXP-003246,E0529,Operations,2025-12-23,Supplies,105.73,E0913,Paid
EXP-003287,E0534,Operations,2025-12-23,Travel,59.98,E0925,Paid
EXP-003513,E0549,Operations,2025-12-23,Accommodation,452.94,E0923,Paid
EXP-003933,E0585,Operations,2025-12-23,Supplies,126.92,E0902,Paid
EXP-004630,E0644,Operations,2025-12-23,Meals,55.87,E0911,Paid
EXP-004869,E0668,Operations,2025-12-23,Meals,26.79,E0913,Paid
EXP-005023,E0680,Operations,2025-12-23,Accommodation,38.09,E0919,Paid
EXP-005079,E0684,Operations,2025-12-23,Meals,31.33,E0930,Paid
EXP-005159,E0691,Operations,2025-12-23,Client entertainment,91.75,E0930,Paid
EXP-005386,E0713,Operations,2025-12-23,Client entertainment,109.16,E0901,Paid
EXP-005588,E0730,Operations,2025-12-23,Training,127.34,E0900,Paid
EXP-005877,E0756,Operations,2025-12-23,Accommodation,87.72,E0932,Paid
EXP-005929,E0761,Operations,2025-12-23,Travel,90.76,E0907,Paid
EXP-006198,E0783,Operations,2025-12-23,Travel,79.8,E0918,Paid
EXP-006896,E0838,Operations,2025-12-23,Training,177.19,E0921,Paid
EXP-007002,E0846,Operations,2025-12-23,Training,24.91,E0938,Paid
EXP-007177,E0861,Operations,2025-12-23,Accommodation,57.38,E0908,Paid
EXP-008173,E0941,Sales,2025-12-23,Training,154.55,E1024,Paid
EXP-008356,E0955,Sales,2025-12-23,Travel,420.42,E1069,Paid
EXP-008856,E0993,Sales,2025-12-23,Accommodation,109.02,E1048,Paid
EXP-008864,E0994,Sales,2025-12-23,Accommodation,211.92,E0970,Paid
EXP-008871,E0994,Sales,2025-12-23,Supplies,55.24,E0970,Paid
EXP-009008,E1007,Sales,2025-12-23,Travel,32.81,E1022,Paid
EXP-009538,E1051,Sales,2025-12-23,Training,87.85,E1084,Paid
EXP-009796,E1072,Sales,2025-12-23,Client entertainment,21.44,E0973,Paid
EXP-010015,E1090,Sales,2025-12-23,Accommodation,220.93,E0999,Paid
EXP-010234,E1105,Sales,2025-12-23,Supplies,108.26,E0953,Paid
EXP-010451,E1143,Facilities,2025-12-23,Client entertainment,136.08,E1121,Paid
EXP-010592,E1169,Facilities,2025-12-23,Training,26.65,E1121,Paid
EXP-000557,E0104,Finance,2025-12-24,Supplies,13.58,E0190,Paid
EXP-000588,E0109,Finance,2025-12-24,Training,120.7,E0197,Paid
EXP-000917,E0172,Finance,2025-12-24,Accommodation,13.44,E0208,Paid
EXP-001120,E0204,Finance,2025-12-24,Training,39.06,E0196,Paid
EXP-001377,E0255,Procurement,2025-12-24,Training,42.04,E0269,Paid
EXP-002504,E0460,IT,2025-12-24,Travel,344.06,E0379,Paid
EXP-002716,E0486,Operations,2025-12-24,Travel,37.08,E0912,Paid
EXP-002938,E0504,Operations,2025-12-24,Travel,54.44,E0933,Paid
EXP-003012,E0510,Operations,2025-12-24,Client entertainment,155.77,E0920,Paid
EXP-003046,E0513,Operations,2025-12-24,Travel,124.01,E0918,Paid
EXP-003108,E0518,Operations,2025-12-24,Client entertainment,108.81,E0902,Paid
EXP-003617,E0558,Operations,2025-12-24,Client entertainment,54.29,E0906,Paid
EXP-003880,E0580,Operations,2025-12-24,Training,293.71,E0912,Paid
EXP-003901,E0582,Operations,2025-12-24,Training,452.29,E0898,Paid
EXP-004007,E0591,Operations,2025-12-24,Training,118.64,E0908,Paid
EXP-004511,E0635,Operations,2025-12-24,Client entertainment,93.1,E0928,Paid
EXP-004560,E0639,Operations,2025-12-24,Meals,58.81,E0921,Paid
EXP-004579,E0640,Operations,2025-12-24,Supplies,81.32,E0938,Paid
EXP-004622,E0643,Operations,2025-12-24,Travel,84.11,E0921,Paid
EXP-005081,E0684,Operations,2025-12-24,Client entertainment,56.14,E0930,Paid
EXP-005226,E0697,Operations,2025-12-24,Client entertainment,164.58,E0934,Paid
EXP-005401,E0716,Operations,2025-12-24,Supplies,146.03,E0937,Paid
EXP-005818,E0751,Operations,2025-12-24,Accommodation,71.66,E0912,Paid
EXP-006844,E0834,Operations,2025-12-24,Accommodation,36.98,E0933,Paid
EXP-006867,E0837,Operations,2025-12-24,Training,211.82,E0936,Paid
EXP-006979,E0844,Operations,2025-12-24,Meals,111.24,E0914,Paid
EXP-007299,E0873,Operations,2025-12-24,Supplies,127.06,E0914,Paid
EXP-007388,E0881,Operations,2025-12-24,Travel,51.85,E0910,Paid
EXP-007762,E0909,Operations,2025-12-24,Training,79.96,E0922,Paid
EXP-007766,E0910,Operations,2025-12-24,Travel,320.53,E0917,Paid
EXP-008252,E0946,Sales,2025-12-24,Meals,1211.79,E0992,Paid
EXP-008282,E0947,Sales,2025-12-24,Client entertainment,261.39,E1033,Paid
EXP-008447,E0962,Sales,2025-12-24,Supplies,203.78,E1028,Paid
EXP-009528,E1051,Sales,2025-12-24,Travel,65.88,E1084,Paid
EXP-010047,E1092,Sales,2025-12-24,Meals,38.72,E1057,Paid
EXP-010231,E1105,Sales,2025-12-24,Travel,117.18,E0953,Paid
EXP-010565,E1164,Facilities,2025-12-24,Supplies,55.7,E1121,Paid
EXP-000120,E0025,Finance,2025-12-25,Meals,50.33,E0196,Paid
EXP-000731,E0135,Finance,2025-12-25,Accommodation,178.1,E0196,Paid
EXP-001138,E0211,Procurement,2025-12-25,Meals,53.97,E0280,Paid
EXP-001671,E0309,Human Resources,2025-12-25,Supplies,66.75,E0338,Paid
EXP-002136,E0391,IT,2025-12-25,Travel,720.48,E0379,Paid
EXP-002283,E0418,IT,2025-12-25,Travel,93.68,E0379,Paid
EXP-002858,E0497,Operations,2025-12-25,Supplies,60.2,E0909,Paid
EXP-003241,E0528,Operations,2025-12-25,Meals,235.94,E0930,Paid
EXP-004430,E0628,Operations,2025-12-25,Training,146.58,E0912,Paid
EXP-004531,E0637,Operations,2025-12-25,Client entertainment,190.24,E0933,Paid
EXP-004644,E0646,Operations,2025-12-25,Meals,127.49,E0923,Paid
EXP-004845,E0665,Operations,2025-12-25,Meals,562.53,E0922,Paid
EXP-005659,E0736,Operations,2025-12-25,Training,52.91,E0902,Paid
EXP-005722,E0741,Operations,2025-12-25,Travel,193.87,E0918,Paid
EXP-006125,E0776,Operations,2025-12-25,Client entertainment,40.02,E0926,Paid
EXP-006633,E0817,Operations,2025-12-25,Supplies,131.93,E0908,Paid
EXP-007043,E0850,Operations,2025-12-25,Client entertainment,52.88,E0918,Paid
EXP-007117,E0857,Operations,2025-12-25,Client entertainment,93.38,E0937,Paid
EXP-008179,E0941,Sales,2025-12-25,Meals,122.51,E1024,Paid
EXP-008283,E0947,Sales,2025-12-25,Training,78.07,E1033,Paid
EXP-009582,E1056,Sales,2025-12-25,Meals,270.59,E1074,Paid
EXP-009755,E1067,Sales,2025-12-25,Accommodation,40.09,E0955,Paid
EXP-010031,E1091,Sales,2025-12-25,Training,28.06,E1063,Paid
EXP-010103,E1096,Sales,2025-12-25,Training,29.0,E0968,Paid
EXP-010597,E1171,Facilities,2025-12-25,Client entertainment,34.22,E1121,Paid
EXP-010628,E1174,Facilities,2025-12-25,Supplies,199.96,E1121,Paid
EXP-010767,E1198,Facilities,2025-12-25,Client entertainment,250.49,E1121,Paid
EXP-000883,E0166,Finance,2025-12-26,Meals,67.97,E0196,Paid
EXP-000912,E0171,Finance,2025-12-26,Travel,43.98,E0207,Paid
EXP-000919,E0172,Finance,2025-12-26,Travel,124.83,E0208,Paid
EXP-000961,E0178,Finance,2025-12-26,Meals,29.79,E0194,Paid
EXP-001212,E0225,Procurement,2025-12-26,Meals,253.8,E0271,Paid
EXP-002141,E0392,IT,2025-12-26,Supplies,34.46,E0379,Paid
EXP-002522,E0463,IT,2025-12-26,Meals,93.71,E0379,Paid
EXP-002964,E0505,Operations,2025-12-26,Meals,57.13,E0912,Paid
EXP-003138,E0521,Operations,2025-12-26,Supplies,61.71,E0917,Paid
EXP-003353,E0539,Operations,2025-12-26,Supplies,71.89,E0912,Paid
EXP-004730,E0653,Operations,2025-12-26,Travel,126.86,E0936,Paid
EXP-005014,E0680,Operations,2025-12-26,Travel,22.9,E0919,Paid
EXP-005943,E0761,Operations,2025-12-26,Client entertainment,94.52,E0907,Paid
EXP-006003,E0767,Operations,2025-12-26,Training,212.6,E0920,Paid
EXP-006846,E0834,Operations,2025-12-26,Meals,36.57,E0933,Paid
EXP-007032,E0849,Operations,2025-12-26,Client entertainment,95.55,E0932,Paid
EXP-007267,E0870,Operations,2025-12-26,Client entertainment,157.57,E0936,Paid
EXP-009379,E1037,Sales,2025-12-26,Training,36.71,E0993,Paid
EXP-010194,E1103,Sales,2025-12-26,Client entertainment,680.92,E0975,Paid
EXP-010297,E1110,Legal,2025-12-26,Accommodation,30.41,E1117,Paid
EXP-010381,E1125,Facilities,2025-12-26,Meals,235.71,E1121,Paid
EXP-010691,E1185,Facilities,2025-12-26,Travel,43.17,E1121,Paid
EXP-000090,E0018,Finance,2025-12-27,Training,88.24,E0210,Paid
EXP-001163,E0214,Procurement,2025-12-27,Travel,190.51,E0279,Paid
EXP-001534,E0282,Procurement,2025-12-27,Accommodation,48.59,E0269,Paid
EXP-001578,E0289,Procurement,2025-12-27,Travel,21.2,E0277,Paid
EXP-002672,E0483,Operations,2025-12-27,Supplies,46.78,E0919,Paid
EXP-003305,E0535,Operations,2025-12-27,Accommodation,38.89,E0897,Paid
EXP-003418,E0543,Operations,2025-12-27,Meals,61.94,E0914,Paid
EXP-003745,E0567,Operations,2025-12-27,Accommodation,195.77,E0905,Paid
EXP-003792,E0573,Operations,2025-12-27,Accommodation,77.42,E0915,Paid
EXP-004371,E0624,Operations,2025-12-27,Travel,68.52,E0913,Paid
EXP-004423,E0627,Operations,2025-12-27,Client entertainment,227.17,E0918,Paid
EXP-004763,E0656,Operations,2025-12-27,Client entertainment,117.03,E0920,Paid
EXP-005218,E0696,Operations,2025-12-27,Meals,61.97,E0925,Paid
EXP-005479,E0721,Operations,2025-12-27,Supplies,165.29,E0914,Paid
EXP-005483,E0721,Operations,2025-12-27,Meals,163.16,E0914,Paid
EXP-005647,E0735,Operations,2025-12-27,Accommodation,97.44,E0915,Paid
EXP-006332,E0793,Operations,2025-12-27,Meals,16.12,E0899,Paid
EXP-006468,E0802,Operations,2025-12-27,Client entertainment,175.43,E0923,Paid
EXP-007327,E0876,Operations,2025-12-27,Supplies,642.64,E0911,Paid
EXP-007529,E0890,Operations,2025-12-27,Training,170.1,E0901,Paid
EXP-007756,E0909,Operations,2025-12-27,Supplies,41.52,E0922,Paid
EXP-007780,E0911,Operations,2025-12-27,Client entertainment,277.8,E0922,Paid
EXP-008186,E0942,Sales,2025-12-27,Client entertainment,106.71,E1075,Paid
EXP-008312,E0951,Sales,2025-12-27,Supplies,78.45,E0984,Paid
EXP-008635,E0977,Sales,2025-12-27,Accommodation,392.39,E0995,Paid
EXP-008909,E0998,Sales,2025-12-27,Supplies,120.98,E1081,Paid
EXP-009275,E1030,Sales,2025-12-27,Meals,161.04,E0977,Paid
EXP-009574,E1055,Sales,2025-12-27,Travel,284.53,E1098,Paid
EXP-009749,E1067,Sales,2025-12-27,Accommodation,938.23,E0955,Paid
EXP-009853,E1076,Sales,2025-12-27,Supplies,47.07,E1047,Paid
EXP-010441,E1141,Facilities,2025-12-27,Meals,49.9,E1121,Paid
EXP-010559,E1163,Facilities,2025-12-27,Supplies,172.59,E1121,Paid
EXP-000758,E0139,Finance,2025-12-28,Supplies,50.84,E0209,Paid
EXP-000973,E0180,Finance,2025-12-28,Training,265.26,E0208,Paid
EXP-000982,E0181,Finance,2025-12-28,Travel,141.05,E0198,Paid
EXP-001168,E0215,Procurement,2025-12-28,Supplies,168.96,E0268,Paid
EXP-001522,E0281,Procurement,2025-12-28,Client entertainment,42.16,E0268,Paid
EXP-001533,E0282,Procurement,2025-12-28,Client entertainment,133.7,E0269,Paid
EXP-001752,E0322,Human Resources,2025-12-28,Meals,97.14,E0347,Paid
EXP-001902,E0350,Human Resources,2025-12-28,Meals,234.19,E0348,Paid
EXP-002690,E0485,Operations,2025-12-28,Training,126.91,E0903,Paid
EXP-002763,E0489,Operations,2025-12-28,Meals,232.84,E0930,Paid
EXP-003697,E0564,Operations,2025-12-28,Training,584.21,E0913,Paid
EXP-004008,E0591,Operations,2025-12-28,Client entertainment,94.19,E0908,Paid
EXP-004110,E0602,Operations,2025-12-28,Training,85.95,E0919,Paid
EXP-004217,E0613,Operations,2025-12-28,Meals,825.02,E0929,Paid
EXP-005080,E0684,Operations,2025-12-28,Travel,71.54,E0930,Paid
EXP-005522,E0724,Operations,2025-12-28,Accommodation,12.9,E0925,Paid
EXP-006030,E0768,Operations,2025-12-28,Travel,105.82,E0912,Paid
EXP-006712,E0825,Operations,2025-12-28,Client entertainment,135.63,E0905,Paid
EXP-006831,E0833,Operations,2025-12-28,Client entertainment,400.61,E0925,Paid
EXP-007909,E0921,Operations,2025-12-28,Accommodation,84.94,E0916,Paid
EXP-007942,E0923,Operations,2025-12-28,Accommodation,632.62,E0914,Paid
EXP-008062,E0931,Operations,2025-12-28,Travel,32.15,E0929,Paid
EXP-008884,E0996,Sales,2025-12-28,Supplies,155.13,E1083,Paid
EXP-008956,E1003,Sales,2025-12-28,Accommodation,171.31,E1102,Paid
EXP-009014,E1007,Sales,2025-12-28,Supplies,289.44,E1022,Paid
EXP-009235,E1025,Sales,2025-12-28,Accommodation,105.41,E0983,Paid
EXP-009451,E1043,Sales,2025-12-28,Training,165.01,E1099,Paid
EXP-009544,E1052,Sales,2025-12-28,Travel,62.79,E0987,Paid
EXP-010423,E1137,Facilities,2025-12-28,Supplies,88.41,E1121,Paid
EXP-010588,E1167,Facilities,2025-12-28,Supplies,126.17,E1121,Paid
EXP-010878,E1033,Sales,2025-12-28,Client entertainment,917.18,E1044,Paid
EXP-000074,E0017,Finance,2025-12-29,Supplies,119.06,E0191,Paid
EXP-000322,E0060,Finance,2025-12-29,Meals,78.34,E0190,Paid
EXP-000556,E0103,Finance,2025-12-29,Meals,433.68,E0192,Paid
EXP-002080,E0381,IT,2025-12-29,Training,32.74,E0379,Paid
EXP-002100,E0383,IT,2025-12-29,Supplies,81.0,E0379,Paid
EXP-003564,E0555,Operations,2025-12-29,Accommodation,56.4,E0934,Paid
EXP-004125,E0603,Operations,2025-12-29,Supplies,79.31,E0904,Paid
EXP-006162,E0779,Operations,2025-12-29,Meals,85.26,E0916,Paid
EXP-006284,E0789,Operations,2025-12-29,Training,79.42,E0897,Paid
EXP-006299,E0791,Operations,2025-12-29,Training,161.2,E0910,Paid
EXP-007584,E0895,Operations,2025-12-29,Accommodation,128.88,E0900,Paid
EXP-007657,E0902,Operations,2025-12-29,Meals,44.8,E0001,Paid
EXP-008030,E0928,Operations,2025-12-29,Meals,126.17,E0929,Paid
EXP-008646,E0978,Sales,2025-12-29,Training,250.54,E1024,Paid
EXP-009668,E1061,Sales,2025-12-29,Travel,203.45,E1035,Paid
EXP-009758,E1068,Sales,2025-12-29,Meals,67.38,E1071,Paid
EXP-010207,E1104,Sales,2025-12-29,Meals,62.12,E1056,Paid
EXP-000188,E0038,Finance,2025-12-30,Meals,235.59,E0208,Paid
EXP-001544,E0284,Procurement,2025-12-30,Supplies,932.16,E0272,Paid
EXP-001778,E0326,Human Resources,2025-12-30,Client entertainment,116.97,E0339,Paid
EXP-002063,E0379,IT,2025-12-30,Training,147.81,E0001,Paid
EXP-002429,E0446,IT,2025-12-30,Training,137.93,E0379,Paid
EXP-002573,E0473,IT,2025-12-30,Client entertainment,276.74,E0379,Paid
EXP-002605,E0479,Operations,2025-12-30,Meals,158.3,E0925,Paid
EXP-003266,E0530,Operations,2025-12-30,Travel,369.37,E0919,Paid
EXP-003701,E0564,Operations,2025-12-30,Training,190.73,E0913,Paid
EXP-004694,E0650,Operations,2025-12-30,Training,46.94,E0925,Paid
EXP-004721,E0653,Operations,2025-12-30,Accommodation,60.6,E0936,Paid
EXP-005774,E0746,Operations,2025-12-30,Travel,355.01,E0930,Paid
EXP-006050,E0770,Operations,2025-12-30,Client entertainment,499.79,E0912,Paid
EXP-006344,E0796,Operations,2025-12-30,Supplies,160.37,E0937,Paid
EXP-008687,E0981,Sales,2025-12-30,Accommodation,95.67,E0992,Paid
EXP-008740,E0984,Sales,2025-12-30,Meals,84.59,E1104,Paid
EXP-009156,E1021,Sales,2025-12-30,Accommodation,210.41,E1010,Paid
EXP-009378,E1037,Sales,2025-12-30,Client entertainment,395.06,E0993,Paid
EXP-010149,E1099,Sales,2025-12-30,Accommodation,249.09,E1097,Paid
EXP-010787,E1201,Facilities,2025-12-30,Meals,213.51,E1121,Paid
EXP-000143,E0031,Finance,2025-12-31,Travel,318.87,E0201,Paid
EXP-000593,E0109,Finance,2025-12-31,Meals,72.22,E0197,Paid
EXP-000661,E0120,Finance,2025-12-31,Training,60.05,E0203,Paid
EXP-001075,E0194,Finance,2025-12-31,Travel,294.04,E0200,Paid
EXP-001310,E0244,Procurement,2025-12-31,Travel,14.53,E0268,Paid
EXP-001569,E0287,Procurement,2025-12-31,Training,33.53,E0277,Paid
EXP-001651,E0304,Human Resources,2025-12-31,Training,159.46,E0341,Paid
EXP-001941,E0356,Human Resources,2025-12-31,Accommodation,30.14,E0341,Paid
EXP-002147,E0393,IT,2025-12-31,Client entertainment,164.27,E0379,Paid
EXP-002534,E0466,IT,2025-12-31,Travel,137.38,E0379,Paid
EXP-002591,E0477,Operations,2025-12-31,Supplies,33.26,E0906,Paid
EXP-003576,E0556,Operations,2025-12-31,Client entertainment,51.5,E0909,Paid
EXP-003737,E0567,Operations,2025-12-31,Accommodation,94.18,E0905,Paid
EXP-004600,E0642,Operations,2025-12-31,Meals,170.37,E0901,Paid
EXP-004947,E0674,Operations,2025-12-31,Meals,51.18,E0928,Paid
EXP-005112,E0688,Operations,2025-12-31,Client entertainment,207.59,E0916,Paid
EXP-005155,E0691,Operations,2025-12-31,Travel,145.7,E0930,Paid
EXP-005620,E0733,Operations,2025-12-31,Travel,205.83,E0919,Paid
EXP-005630,E0734,Operations,2025-12-31,Meals,51.73,E0921,Paid
EXP-005842,E0754,Operations,2025-12-31,Supplies,104.51,E0924,Paid
EXP-006190,E0783,Operations,2025-12-31,Training,139.95,E0918,Paid
EXP-006511,E0807,Operations,2025-12-31,Travel,47.43,E0907,Paid
EXP-006880,E0837,Operations,2025-12-31,Supplies,57.19,E0936,Paid
EXP-007495,E0887,Operations,2025-12-31,Supplies,48.47,E0926,Paid
EXP-007578,E0894,Operations,2025-12-31,Accommodation,89.86,E0908,Paid
EXP-008150,E0939,Sales,2025-12-31,Travel,87.15,E1055,Paid
EXP-008408,E0959,Sales,2025-12-31,Supplies,501.33,E1052,Paid
EXP-008789,E0988,Sales,2025-12-31,Travel,56.03,E1030,Paid
EXP-009585,E1056,Sales,2025-12-31,Supplies,108.07,E1074,Paid
EXP-009805,E1072,Sales,2025-12-31,Supplies,74.38,E0973,Paid
EXP-000198,E0039,Finance,2026-01-01,Meals,59.66,E0190,Paid
EXP-000317,E0060,Finance,2026-01-01,Travel,38.44,E0190,Paid
EXP-000937,E0174,Finance,2026-01-01,Meals,93.48,E0201,Paid
EXP-000950,E0176,Finance,2026-01-01,Accommodation,244.91,E0193,Paid
EXP-001446,E0269,Procurement,2026-01-01,Accommodation,252.13,E0278,Paid
EXP-001466,E0271,Procurement,2026-01-01,Accommodation,98.18,E0267,Paid
EXP-002395,E0441,IT,2026-01-01,Travel,56.74,E0379,Paid
EXP-003608,E0558,Operations,2026-01-01,Travel,101.71,E0906,Paid
EXP-004402,E0626,Operations,2026-01-01,Travel,31.96,E0910,Paid
EXP-004613,E0643,Operations,2026-01-01,Accommodation,270.15,E0921,Paid
EXP-004775,E0659,Operations,2026-01-01,Supplies,128.26,E0928,Paid
EXP-004900,E0670,Operations,2026-01-01,Travel,50.09,E0913,Paid
EXP-005634,E0734,Operations,2026-01-01,Supplies,175.85,E0921,Paid
EXP-005635,E0734,Operations,2026-01-01,Training,619.59,E0921,Paid
EXP-005887,E0757,Operations,2026-01-01,Meals,158.9,E0898,Paid
EXP-005940,E0761,Operations,2026-01-01,Training,319.85,E0907,Paid
EXP-006463,E0802,Operations,2026-01-01,Accommodation,20.33,E0923,Paid
EXP-007477,E0886,Operations,2026-01-01,Supplies,317.14,E0914,Paid
EXP-007802,E0912,Operations,2026-01-01,Travel,180.0,E0900,Paid
EXP-008125,E0937,Operations,2026-01-01,Client entertainment,99.12,E0910,Paid
EXP-008320,E0951,Sales,2026-01-01,Client entertainment,276.09,E0984,Paid
EXP-009324,E1033,Sales,2026-01-01,Accommodation,256.1,E1044,Paid
EXP-009777,E1070,Sales,2026-01-01,Accommodation,118.75,E1009,Paid
EXP-010010,E1090,Sales,2026-01-01,Supplies,52.0,E0999,Paid
EXP-010322,E1115,Legal,2026-01-01,Meals,151.4,E1113,Paid
EXP-010609,E1172,Facilities,2026-01-01,Travel,53.09,E1121,Paid
EXP-000350,E0066,Finance,2026-01-02,Travel,83.5,E0194,Paid
EXP-001907,E0351,Human Resources,2026-01-02,Client entertainment,33.09,E0346,Paid
EXP-001984,E0365,Human Resources,2026-01-02,Training,186.37,E0341,Paid
EXP-002215,E0406,IT,2026-01-02,Meals,93.78,E0379,Paid
EXP-002345,E0429,IT,2026-01-02,Meals,257.68,E0379,Paid
EXP-002580,E0475,IT,2026-01-02,Meals,165.12,E0379,Paid
EXP-002965,E0506,Operations,2026-01-02,Client entertainment,20.17,E0899,Paid
EXP-003087,E0517,Operations,2026-01-02,Client entertainment,135.11,E0905,Paid
EXP-003211,E0526,Operations,2026-01-02,Supplies,24.31,E0914,Paid
EXP-003233,E0527,Operations,2026-01-02,Training,40.2,E0916,Paid
EXP-003315,E0536,Operations,2026-01-02,Training,100.33,E0910,Paid
EXP-003342,E0538,Operations,2026-01-02,Travel,73.98,E0919,Paid
EXP-004818,E0663,Operations,2026-01-02,Client entertainment,38.09,E0922,Paid
EXP-005309,E0703,Operations,2026-01-02,Travel,22.24,E0900,Paid
EXP-005524,E0724,Operations,2026-01-02,Travel,100.84,E0925,Paid
EXP-005817,E0751,Operations,2026-01-02,Travel,39.57,E0912,Paid
EXP-005867,E0755,Operations,2026-01-02,Meals,146.61,E0901,Paid
EXP-006237,E0786,Operations,2026-01-02,Accommodation,118.44,E0901,Paid
EXP-007082,E0853,Operations,2026-01-02,Supplies,163.22,E0930,Paid
EXP-007195,E0862,Operations,2026-01-02,Client entertainment,290.32,E0924,Paid
EXP-007228,E0866,Operations,2026-01-02,Accommodation,31.67,E0921,Paid
EXP-007312,E0874,Operations,2026-01-02,Supplies,371.21,E0908,Paid
EXP-007561,E0892,Operations,2026-01-02,Client entertainment,116.99,E0899,Paid
EXP-007651,E0901,Operations,2026-01-02,Supplies,109.08,E0934,Paid
EXP-008406,E0958,Sales,2026-01-02,Meals,30.3,E1057,Paid
EXP-008469,E0964,Sales,2026-01-02,Travel,220.36,E1105,Paid
EXP-008624,E0976,Sales,2026-01-02,Client entertainment,23.02,E1026,Paid
EXP-008671,E0979,Sales,2026-01-02,Travel,73.61,E0960,Paid
EXP-009046,E1009,Sales,2026-01-02,Accommodation,31.71,E1040,Paid
EXP-009884,E1078,Sales,2026-01-02,Training,112.6,E1102,Paid
EXP-010491,E1152,Facilities,2026-01-02,Travel,294.86,E1121,Paid
EXP-010757,E1196,Facilities,2026-01-02,Training,104.19,E1121,Paid
EXP-000079,E0017,Finance,2026-01-03,Meals,102.85,E0191,Paid
EXP-000328,E0062,Finance,2026-01-03,Training,111.14,E0202,Paid
EXP-000369,E0068,Finance,2026-01-03,Supplies,169.47,E0201,Paid
EXP-000699,E0126,Finance,2026-01-03,Client entertainment,508.17,E0205,Paid
EXP-000969,E0179,Finance,2026-01-03,Accommodation,215.18,E0199,Paid
EXP-001223,E0228,Procurement,2026-01-03,Client entertainment,23.11,E0271,Paid
EXP-001748,E0322,Human Resources,2026-01-03,Travel,104.55,E0347,Paid
EXP-001833,E0336,Human Resources,2026-01-03,Supplies,154.39,E0378,Paid
EXP-002513,E0462,IT,2026-01-03,Client entertainment,611.52,E0379,Paid
EXP-002894,E0499,Operations,2026-01-03,Accommodation,85.5,E0900,Paid
EXP-002925,E0502,Operations,2026-01-03,Training,85.08,E0901,Paid
EXP-003256,E0529,Operations,2026-01-03,Client entertainment,73.66,E0913,Paid
EXP-003708,E0565,Operations,2026-01-03,Accommodation,51.38,E0917,Paid
EXP-003788,E0573,Operations,2026-01-03,Training,29.43,E0915,Paid
EXP-004679,E0649,Operations,2026-01-03,Accommodation,24.98,E0901,Paid
EXP-005323,E0705,Operations,2026-01-03,Training,48.57,E0936,Paid
EXP-005452,E0719,Operations,2026-01-03,Training,51.97,E0914,Paid
EXP-005828,E0753,Operations,2026-01-03,Training,73.54,E0932,Paid
EXP-005888,E0757,Operations,2026-01-03,Client entertainment,21.36,E0898,Paid
EXP-005921,E0760,Operations,2026-01-03,Travel,61.94,E0899,Paid
EXP-005930,E0761,Operations,2026-01-03,Meals,120.31,E0907,Paid
EXP-006330,E0793,Operations,2026-01-03,Accommodation,57.48,E0899,Paid
EXP-007056,E0851,Operations,2026-01-03,Travel,49.54,E0932,Paid
EXP-007359,E0878,Operations,2026-01-03,Meals,92.4,E0923,Paid
EXP-008822,E0991,Sales,2026-01-03,Supplies,54.72,E0958,Paid
EXP-009113,E1017,Sales,2026-01-03,Accommodation,171.84,E1065,Paid
EXP-009639,E1059,Sales,2026-01-03,Client entertainment,810.45,E1011,Paid
EXP-010374,E1123,Facilities,2026-01-03,Client entertainment,428.78,E1121,Paid
EXP-010499,E1153,Facilities,2026-01-03,Supplies,100.33,E1121,Paid
EXP-010955,E0641,Operations,2026-01-03,Supplies,500.0,E0912,Paid
EXP-010963,E0641,Operations,2026-01-03,Supplies,300.0,E0912,Paid
EXP-000420,E0078,Finance,2026-01-04,Meals,158.39,E0205,Paid
EXP-000555,E0103,Finance,2026-01-04,Training,320.13,E0192,Paid
EXP-001824,E0334,Human Resources,2026-01-04,Travel,23.27,E0373,Paid
EXP-001844,E0338,Human Resources,2026-01-04,Accommodation,184.28,E0339,Paid
EXP-001997,E0367,Human Resources,2026-01-04,Accommodation,71.35,E0343,Paid
EXP-002160,E0395,IT,2026-01-04,Training,48.56,E0379,Paid
EXP-002275,E0416,IT,2026-01-04,Meals,164.31,E0379,Paid
EXP-002546,E0469,IT,2026-01-04,Accommodation,151.48,E0379,Paid
EXP-002616,E0479,Operations,2026-01-04,Training,385.37,E0925,Paid
EXP-002669,E0483,Operations,2026-01-04,Travel,17.94,E0919,Paid
EXP-002701,E0485,Operations,2026-01-04,Supplies,24.29,E0903,Paid
EXP-002934,E0502,Operations,2026-01-04,Meals,152.26,E0901,Paid
EXP-002989,E0508,Operations,2026-01-04,Accommodation,58.57,E0929,Paid
EXP-003261,E0530,Operations,2026-01-04,Meals,115.72,E0919,Paid
EXP-003327,E0537,Operations,2026-01-04,Training,92.03,E0914,Paid
EXP-003802,E0573,Operations,2026-01-04,Accommodation,591.52,E0915,Paid
EXP-004383,E0625,Operations,2026-01-04,Training,77.45,E0926,Paid
EXP-004690,E0650,Operations,2026-01-04,Meals,315.88,E0925,Paid
EXP-005342,E0706,Operations,2026-01-04,Training,176.75,E0918,Paid
EXP-005821,E0751,Operations,2026-01-04,Accommodation,94.75,E0912,Paid
EXP-005853,E0754,Operations,2026-01-04,Accommodation,135.86,E0924,Paid
EXP-006542,E0809,Operations,2026-01-04,Travel,106.44,E0920,Paid
EXP-006580,E0813,Operations,2026-01-04,Training,29.55,E0901,Paid
EXP-006743,E0827,Operations,2026-01-04,Travel,73.04,E0915,Paid
EXP-006871,E0837,Operations,2026-01-04,Travel,76.43,E0936,Paid
EXP-006940,E0841,Operations,2026-01-04,Client entertainment,208.07,E0919,Paid
EXP-007007,E0846,Operations,2026-01-04,Accommodation,268.39,E0938,Paid
EXP-007429,E0883,Operations,2026-01-04,Client entertainment,65.35,E0898,Paid
EXP-007771,E0910,Operations,2026-01-04,Training,15.25,E0917,Paid
EXP-007832,E0914,Operations,2026-01-04,Client entertainment,143.35,E0001,Paid
EXP-007834,E0914,Operations,2026-01-04,Client entertainment,15.99,E0001,Paid
EXP-007903,E0920,Operations,2026-01-04,Supplies,19.62,E0914,Paid
EXP-008034,E0929,Operations,2026-01-04,Client entertainment,106.59,E0911,Paid
EXP-008112,E0935,Operations,2026-01-04,Client entertainment,336.49,E0900,Paid
EXP-008617,E0975,Sales,2026-01-04,Travel,27.67,E1046,Paid
EXP-010079,E1095,Sales,2026-01-04,Travel,182.38,E0966,Paid
EXP-010564,E1164,Facilities,2026-01-04,Meals,31.16,E1121,Paid
EXP-000018,E0006,Finance,2026-01-05,Client entertainment,64.93,E0207,Paid
EXP-000308,E0058,Finance,2026-01-05,Accommodation,105.76,E0207,Paid
EXP-000367,E0068,Finance,2026-01-05,Training,120.88,E0201,Paid
EXP-000683,E0124,Finance,2026-01-05,Client entertainment,88.65,E0195,Paid
EXP-001788,E0327,Human Resources,2026-01-05,Meals,364.51,E0377,Paid
EXP-002124,E0390,IT,2026-01-05,Client entertainment,69.45,E0379,Paid
EXP-002440,E0448,IT,2026-01-05,Client entertainment,442.51,E0379,Paid
EXP-002575,E0474,IT,2026-01-05,Travel,129.74,E0379,Paid
EXP-002895,E0499,Operations,2026-01-05,Accommodation,18.69,E0900,Paid
EXP-003022,E0511,Operations,2026-01-05,Training,233.05,E0898,Paid
EXP-003121,E0520,Operations,2026-01-05,Travel,31.83,E0907,Paid
EXP-003777,E0571,Operations,2026-01-05,Supplies,48.62,E0906,Paid
EXP-004276,E0617,Operations,2026-01-05,Supplies,462.31,E0933,Paid
EXP-005055,E0683,Operations,2026-01-05,Travel,104.28,E0910,Paid
EXP-005305,E0703,Operations,2026-01-05,Meals,311.27,E0900,Paid
EXP-006187,E0783,Operations,2026-01-05,Training,167.24,E0918,Paid
EXP-006322,E0792,Operations,2026-01-05,Training,363.13,E0916,Paid
EXP-006811,E0832,Operations,2026-01-05,Travel,224.33,E0904,Paid
EXP-008418,E0960,Sales,2026-01-05,Supplies,487.99,E1093,Paid
EXP-008975,E1004,Sales,2026-01-05,Accommodation,150.73,E0946,Paid
EXP-009243,E1027,Sales,2026-01-05,Training,124.21,E0988,Paid
EXP-009594,E1056,Sales,2026-01-05,Meals,71.78,E1074,Paid
EXP-009667,E1061,Sales,2026-01-05,Accommodation,98.84,E1035,Paid
EXP-009886,E1079,Sales,2026-01-05,Accommodation,160.68,E0958,Paid
EXP-010075,E1094,Sales,2026-01-05,Accommodation,168.72,E0945,Paid
EXP-010296,E1110,Legal,2026-01-05,Client entertainment,112.26,E1117,Paid
EXP-000954,E0176,Finance,2026-01-06,Training,175.99,E0193,Paid
EXP-002538,E0467,IT,2026-01-06,Client entertainment,249.6,E0379,Paid
EXP-004440,E0628,Operations,2026-01-06,Training,294.69,E0912,Paid
EXP-004509,E0635,Operations,2026-01-06,Supplies,14.81,E0928,Paid
EXP-004687,E0650,Operations,2026-01-06,Meals,43.92,E0925,Paid
EXP-005292,E0702,Operations,2026-01-06,Training,5.17,E0897,Paid
EXP-005349,E0708,Operations,2026-01-06,Meals,169.93,E0907,Paid
EXP-005682,E0738,Operations,2026-01-06,Meals,3313.68,E0903,Paid
EXP-005942,E0761,Operations,2026-01-06,Accommodation,60.32,E0907,Paid
EXP-005948,E0762,Operations,2026-01-06,Meals,39.59,E0912,Paid
EXP-006133,E0776,Operations,2026-01-06,Accommodation,60.27,E0926,Paid
EXP-006225,E0785,Operations,2026-01-06,Travel,143.91,E0924,Paid
EXP-006554,E0811,Operations,2026-01-06,Meals,38.12,E0926,Paid
EXP-006660,E0819,Operations,2026-01-06,Supplies,50.23,E0929,Paid
EXP-006718,E0826,Operations,2026-01-06,Accommodation,83.45,E0934,Paid
EXP-006820,E0833,Operations,2026-01-06,Accommodation,38.81,E0925,Paid
EXP-007144,E0859,Operations,2026-01-06,Training,120.33,E0919,Paid
EXP-007272,E0870,Operations,2026-01-06,Client entertainment,90.5,E0936,Paid
EXP-007274,E0870,Operations,2026-01-06,Meals,169.1,E0936,Paid
EXP-007872,E0917,Operations,2026-01-06,Client entertainment,64.6,E0903,Paid
EXP-008529,E0969,Sales,2026-01-06,Accommodation,740.83,E1033,Paid
EXP-008689,E0981,Sales,2026-01-06,Travel,2046.53,E0992,Paid
EXP-008821,E0991,Sales,2026-01-06,Supplies,114.59,E0958,Paid
EXP-009140,E1019,Sales,2026-01-06,Meals,67.64,E0984,Paid
EXP-009763,E1068,Sales,2026-01-06,Meals,171.22,E1071,Paid
EXP-010174,E1101,Sales,2026-01-06,Accommodation,593.94,E1039,Paid
EXP-010648,E1177,Facilities,2026-01-06,Travel,40.33,E1121,Paid
EXP-000297,E0056,Finance,2026-01-07,Travel,360.2,E0210,Paid
EXP-000411,E0077,Finance,2026-01-07,Travel,41.33,E0202,Paid
EXP-000649,E0119,Finance,2026-01-07,Client entertainment,33.3,E0210,Paid
EXP-000831,E0158,Finance,2026-01-07,Client entertainment,49.25,E0202,Paid
EXP-000918,E0172,Finance,2026-01-07,Meals,84.0,E0208,Paid
EXP-001343,E0250,Procurement,2026-01-07,Meals,144.54,E0279,Paid
EXP-001357,E0252,Procurement,2026-01-07,Training,66.9,E0280,Paid
EXP-001558,E0285,Procurement,2026-01-07,Training,46.0,E0277,Paid
EXP-001983,E0365,Human Resources,2026-01-07,Training,70.94,E0341,Paid
EXP-002282,E0417,IT,2026-01-07,Meals,34.17,E0379,Paid
EXP-002597,E0477,Operations,2026-01-07,Meals,125.91,E0906,Paid
EXP-002600,E0477,Operations,2026-01-07,Travel,133.83,E0906,Paid
EXP-002634,E0480,Operations,2026-01-07,Meals,191.08,E0903,Paid
EXP-002698,E0485,Operations,2026-01-07,Travel,44.94,E0903,Paid
EXP-003466,E0546,Operations,2026-01-07,Training,137.87,E0933,Paid
EXP-003561,E0555,Operations,2026-01-07,Training,53.64,E0934,Paid
EXP-004256,E0615,Operations,2026-01-07,Travel,102.38,E0937,Paid
EXP-004465,E0631,Operations,2026-01-07,Travel,45.55,E0917,Paid
EXP-005207,E0696,Operations,2026-01-07,Meals,44.72,E0925,Paid
EXP-006051,E0770,Operations,2026-01-07,Meals,99.13,E0912,Paid
EXP-006555,E0811,Operations,2026-01-07,Meals,29.78,E0926,Paid
EXP-006951,E0842,Operations,2026-01-07,Client entertainment,229.27,E0909,Paid
EXP-007145,E0859,Operations,2026-01-07,Supplies,237.72,E0919,Paid
EXP-008235,E0945,Sales,2026-01-07,Supplies,62.09,E1064,Paid
EXP-008244,E0946,Sales,2026-01-07,Training,247.48,E0992,Paid
EXP-008467,E0963,Sales,2026-01-07,Supplies,34.08,E0952,Paid
EXP-009124,E1018,Sales,2026-01-07,Client entertainment,73.91,E1019,Paid
EXP-009273,E1030,Sales,2026-01-07,Travel,56.64,E0977,Paid
EXP-009274,E1030,Sales,2026-01-07,Accommodation,123.49,E0977,Paid
EXP-009476,E1045,Sales,2026-01-07,Supplies,85.26,E0986,Paid
EXP-009990,E1087,Sales,2026-01-07,Accommodation,30.15,E0942,Paid
EXP-010615,E1173,Facilities,2026-01-07,Training,146.12,E1121,Paid
EXP-000706,E0131,Finance,2026-01-08,Supplies,186.4,E0200,Paid
EXP-001221,E0227,Procurement,2026-01-08,Training,33.9,E0273,Paid
EXP-002025,E0371,Human Resources,2026-01-08,Accommodation,267.0,E0350,Paid
EXP-002042,E0375,Human Resources,2026-01-08,Meals,39.21,E0378,Paid
EXP-002540,E0467,IT,2026-01-08,Travel,97.41,E0379,Paid
EXP-002667,E0483,Operations,2026-01-08,Supplies,85.88,E0919,Paid
EXP-002902,E0500,Operations,2026-01-08,Supplies,208.72,E0919,Paid
EXP-003356,E0539,Operations,2026-01-08,Supplies,77.52,E0912,Paid
EXP-003471,E0547,Operations,2026-01-08,Training,155.62,E0933,Paid
EXP-003490,E0548,Operations,2026-01-08,Training,84.49,E0909,Paid
EXP-003659,E0561,Operations,2026-01-08,Meals,29.29,E0914,Paid
EXP-003928,E0583,Operations,2026-01-08,Meals,55.78,E0907,Paid
EXP-004016,E0591,Operations,2026-01-08,Supplies,115.74,E0908,Paid
EXP-004263,E0616,Operations,2026-01-08,Client entertainment,81.82,E0926,Paid
EXP-004331,E0621,Operations,2026-01-08,Meals,86.2,E0922,Paid
EXP-004565,E0639,Operations,2026-01-08,Supplies,132.35,E0921,Paid
EXP-005812,E0750,Operations,2026-01-08,Supplies,160.1,E0910,Paid
EXP-006572,E0812,Operations,2026-01-08,Accommodation,27.03,E0908,Paid
EXP-006618,E0816,Operations,2026-01-08,Travel,450.58,E0917,Paid
EXP-006727,E0826,Operations,2026-01-08,Client entertainment,571.02,E0934,Paid
EXP-007129,E0858,Operations,2026-01-08,Training,122.42,E0917,Paid
EXP-007542,E0891,Operations,2026-01-08,Client entertainment,148.13,E0912,Paid
EXP-008243,E0946,Sales,2026-01-08,Accommodation,208.04,E0992,Paid
EXP-010745,E1195,Facilities,2026-01-08,Supplies,51.06,E1121,Paid
EXP-010875,E1033,Sales,2026-01-08,Client entertainment,909.86,E1044,Paid
EXP-001209,E0224,Procurement,2026-01-09,Client entertainment,44.02,E0270,Paid
EXP-001659,E0305,Human Resources,2026-01-09,Training,40.32,E0348,Paid
EXP-002039,E0374,Human Resources,2026-01-09,Travel,65.56,E0376,Paid
EXP-003395,E0542,Operations,2026-01-09,Travel,244.86,E0898,Paid
EXP-003929,E0583,Operations,2026-01-09,Travel,39.68,E0907,Paid
EXP-003938,E0585,Operations,2026-01-09,Training,1002.23,E0902,Paid
EXP-003953,E0586,Operations,2026-01-09,Training,64.06,E0898,Paid
EXP-004538,E0638,Operations,2026-01-09,Travel,51.93,E0916,Paid
EXP-004935,E0673,Operations,2026-01-09,Accommodation,242.43,E0909,Paid
EXP-004983,E0677,Operations,2026-01-09,Supplies,59.19,E0914,Paid
EXP-005925,E0760,Operations,2026-01-09,Training,46.87,E0899,Paid
EXP-006041,E0769,Operations,2026-01-09,Client entertainment,65.05,E0928,Paid
EXP-006516,E0807,Operations,2026-01-09,Meals,26.98,E0907,Paid
EXP-006617,E0816,Operations,2026-01-09,Travel,55.85,E0917,Paid
EXP-006719,E0826,Operations,2026-01-09,Meals,78.61,E0934,Paid
EXP-006729,E0826,Operations,2026-01-09,Meals,105.29,E0934,Paid
EXP-006741,E0827,Operations,2026-01-09,Client entertainment,100.01,E0915,Paid
EXP-007126,E0857,Operations,2026-01-09,Meals,70.52,E0937,Paid
EXP-007379,E0880,Operations,2026-01-09,Meals,36.67,E0914,Paid
EXP-007618,E0899,Operations,2026-01-09,Meals,466.79,E0903,Paid
EXP-007848,E0915,Operations,2026-01-09,Accommodation,387.41,E0911,Paid
EXP-008191,E0942,Sales,2026-01-09,Client entertainment,125.23,E1075,Paid
EXP-008477,E0964,Sales,2026-01-09,Training,117.34,E1105,Paid
EXP-008556,E0970,Sales,2026-01-09,Client entertainment,140.04,E1021,Paid
EXP-008594,E0973,Sales,2026-01-09,Meals,214.66,E0986,Paid
EXP-008751,E0985,Sales,2026-01-09,Accommodation,114.64,E0977,Paid
EXP-008832,E0992,Sales,2026-01-09,Training,619.61,E1060,Paid
EXP-009248,E1028,Sales,2026-01-09,Meals,50.72,E1026,Paid
EXP-009828,E1075,Sales,2026-01-09,Meals,47.42,E1072,Paid
EXP-000701,E0129,Finance,2026-01-10,Supplies,36.57,E0205,Paid
EXP-000826,E0156,Finance,2026-01-10,Travel,60.73,E0207,Paid
EXP-001268,E0237,Procurement,2026-01-10,Training,388.69,E0267,Paid
EXP-001453,E0269,Procurement,2026-01-10,Travel,22.42,E0278,Paid
EXP-001868,E0342,Human Resources,2026-01-10,Training,51.06,E0374,Paid
EXP-003597,E0557,Operations,2026-01-10,Training,57.48,E0897,Paid
EXP-004094,E0599,Operations,2026-01-10,Training,33.11,E0909,Paid
EXP-004913,E0671,Operations,2026-01-10,Training,54.68,E0910,Paid
EXP-005336,E0706,Operations,2026-01-10,Training,360.23,E0918,Paid
EXP-005773,E0746,Operations,2026-01-10,Client entertainment,88.64,E0930,Paid
EXP-005785,E0748,Operations,2026-01-10,Accommodation,30.12,E0926,Paid
EXP-005789,E0749,Operations,2026-01-10,Travel,66.33,E0918,Paid
EXP-006331,E0793,Operations,2026-01-10,Training,137.8,E0899,Paid
EXP-006348,E0796,Operations,2026-01-10,Accommodation,132.53,E0937,Paid
EXP-006351,E0796,Operations,2026-01-10,Training,29.43,E0937,Paid
EXP-006898,E0839,Operations,2026-01-10,Training,23.66,E0933,Paid
EXP-007091,E0854,Operations,2026-01-10,Meals,164.42,E0919,Paid
EXP-007213,E0863,Operations,2026-01-10,Travel,22.67,E0929,Paid
EXP-007270,E0870,Operations,2026-01-10,Client entertainment,100.96,E0936,Paid
EXP-007510,E0888,Operations,2026-01-10,Supplies,74.47,E0905,Paid
EXP-008082,E0933,Operations,2026-01-10,Supplies,145.53,E0899,Paid
EXP-008942,E1001,Sales,2026-01-10,Client entertainment,112.04,E0992,Paid
EXP-009717,E1064,Sales,2026-01-10,Training,22.61,E1053,Paid
EXP-010097,E1096,Sales,2026-01-10,Supplies,82.18,E0968,Paid
EXP-010591,E1169,Facilities,2026-01-10,Client entertainment,88.53,E1121,Paid
EXP-000544,E0101,Finance,2026-01-11,Supplies,86.0,E0208,Paid
EXP-000564,E0105,Finance,2026-01-11,Travel,39.68,E0199,Paid
EXP-000884,E0167,Finance,2026-01-11,Travel,60.59,E0190,Paid
EXP-001552,E0285,Procurement,2026-01-11,Training,173.71,E0277,Paid
EXP-002022,E0371,Human Resources,2026-01-11,Training,79.1,E0350,Paid
EXP-002142,E0392,IT,2026-01-11,Supplies,259.56,E0379,Paid
EXP-002422,E0445,IT,2026-01-11,Meals,24.88,E0379,Paid
EXP-003170,E0523,Operations,2026-01-11,Training,191.22,E0920,Paid
EXP-004868,E0668,Operations,2026-01-11,Training,216.23,E0913,Paid
EXP-005013,E0680,Operations,2026-01-11,Client entertainment,76.89,E0919,Paid
EXP-005558,E0727,Operations,2026-01-11,Meals,135.99,E0906,Paid
EXP-005822,E0751,Operations,2026-01-11,Supplies,240.07,E0912,Paid
EXP-005957,E0763,Operations,2026-01-11,Accommodation,333.9,E0914,Paid
EXP-006425,E0800,Operations,2026-01-11,Client entertainment,72.86,E0910,Paid
EXP-006903,E0839,Operations,2026-01-11,Supplies,204.59,E0933,Paid
EXP-007492,E0887,Operations,2026-01-11,Travel,158.44,E0926,Paid
EXP-009541,E1052,Sales,2026-01-11,Meals,209.45,E0987,Paid
EXP-009615,E1057,Sales,2026-01-11,Travel,52.89,E0958,Paid
EXP-009703,E1064,Sales,2026-01-11,Client entertainment,192.07,E1053,Paid
EXP-010172,E1101,Sales,2026-01-11,Travel,285.05,E1039,Paid
EXP-010380,E1125,Facilities,2026-01-11,Travel,148.9,E1121,Paid
EXP-000167,E0034,Finance,2026-01-12,Travel,37.05,E0196,Paid
EXP-000432,E0083,Finance,2026-01-12,Training,52.02,E0199,Paid
EXP-000834,E0158,Finance,2026-01-12,Training,227.4,E0202,Paid
EXP-000845,E0159,Finance,2026-01-12,Client entertainment,108.01,E0202,Paid
EXP-000896,E0169,Finance,2026-01-12,Travel,414.03,E0199,Paid
EXP-001678,E0310,Human Resources,2026-01-12,Supplies,97.02,E0345,Paid
EXP-001695,E0312,Human Resources,2026-01-12,Accommodation,11.63,E0378,Paid
EXP-002231,E0408,IT,2026-01-12,Travel,112.5,E0379,Paid
EXP-002806,E0494,Operations,2026-01-12,Travel,72.65,E0929,Paid
EXP-002855,E0497,Operations,2026-01-12,Accommodation,166.82,E0909,Paid
EXP-002993,E0508,Operations,2026-01-12,Training,29.73,E0929,Paid
EXP-003188,E0524,Operations,2026-01-12,Training,30.42,E0903,Paid
EXP-003213,E0526,Operations,2026-01-12,Training,42.59,E0914,Paid
EXP-003741,E0567,Operations,2026-01-12,Travel,578.57,E0905,Paid
EXP-003742,E0567,Operations,2026-01-12,Supplies,375.11,E0905,Paid
EXP-003845,E0578,Operations,2026-01-12,Supplies,63.16,E0901,Paid
EXP-004503,E0635,Operations,2026-01-12,Accommodation,352.19,E0928,Paid
EXP-004851,E0665,Operations,2026-01-12,Travel,111.91,E0922,Paid
EXP-004887,E0669,Operations,2026-01-12,Supplies,99.53,E0900,Paid
EXP-005128,E0689,Operations,2026-01-12,Supplies,142.75,E0904,Paid
EXP-005881,E0756,Operations,2026-01-12,Travel,70.29,E0932,Paid
EXP-005977,E0764,Operations,2026-01-12,Accommodation,349.04,E0934,Paid
EXP-006057,E0770,Operations,2026-01-12,Accommodation,150.94,E0912,Paid
EXP-006346,E0796,Operations,2026-01-12,Client entertainment,285.48,E0937,Paid
EXP-006963,E0843,Operations,2026-01-12,Client entertainment,110.12,E0897,Paid
EXP-007278,E0871,Operations,2026-01-12,Training,127.68,E0899,Paid
EXP-007316,E0874,Operations,2026-01-12,Training,40.04,E0908,Paid
EXP-007465,E0885,Operations,2026-01-12,Meals,51.79,E0914,Paid
EXP-007622,E0899,Operations,2026-01-12,Supplies,44.71,E0903,Paid
EXP-008147,E0939,Sales,2026-01-12,Meals,25.98,E1055,Paid
EXP-008404,E0958,Sales,2026-01-12,Meals,107.57,E1057,Paid
EXP-008964,E1004,Sales,2026-01-12,Training,157.58,E0946,Paid
EXP-009819,E1074,Sales,2026-01-12,Travel,158.09,E1064,Paid
EXP-010424,E1137,Facilities,2026-01-12,Supplies,71.24,E1121,Paid
EXP-010650,E1177,Facilities,2026-01-12,Meals,51.44,E1121,Paid
EXP-000067,E0015,Finance,2026-01-13,Training,66.56,E0192,Paid
EXP-000630,E0115,Finance,2026-01-13,Supplies,215.38,E0204,Paid
EXP-000804,E0150,Finance,2026-01-13,Travel,19.07,E0192,Paid
EXP-001570,E0287,Procurement,2026-01-13,Meals,205.84,E0277,Paid
EXP-002171,E0399,IT,2026-01-13,Accommodation,85.17,E0379,Paid
EXP-003801,E0573,Operations,2026-01-13,Meals,13.9,E0915,Paid
EXP-003975,E0588,Operations,2026-01-13,Training,111.91,E0932,Paid
EXP-004800,E0661,Operations,2026-01-13,Accommodation,31.5,E0916,Paid
EXP-004838,E0664,Operations,2026-01-13,Accommodation,171.88,E0932,Paid
EXP-005288,E0702,Operations,2026-01-13,Meals,83.06,E0897,Paid
EXP-005447,E0719,Operations,2026-01-13,Client entertainment,172.83,E0914,Paid
EXP-005545,E0726,Operations,2026-01-13,Travel,53.79,E0906,Paid
EXP-005556,E0727,Operations,2026-01-13,Meals,36.09,E0906,Paid
EXP-005575,E0728,Operations,2026-01-13,Meals,26.25,E0900,Paid
EXP-005728,E0742,Operations,2026-01-13,Client entertainment,126.03,E0938,Paid
EXP-006094,E0773,Operations,2026-01-13,Accommodation,43.37,E0936,Paid
EXP-007776,E0910,Operations,2026-01-13,Client entertainment,143.25,E0917,Paid
EXP-008491,E0965,Sales,2026-01-13,Travel,28.38,E0976,Paid
EXP-008609,E0974,Sales,2026-01-13,Meals,106.36,E1088,Paid
EXP-009473,E1044,Sales,2026-01-13,Accommodation,92.92,E1072,Paid
EXP-010240,E1105,Sales,2026-01-13,Training,166.86,E0953,Paid
EXP-010422,E1137,Facilities,2026-01-13,Accommodation,175.24,E1121,Paid
EXP-000319,E0060,Finance,2026-01-14,Training,219.94,E0190,Paid
EXP-000376,E0069,Finance,2026-01-14,Accommodation,252.12,E0207,Paid
EXP-000958,E0177,Finance,2026-01-14,Meals,39.66,E0197,Paid
EXP-001478,E0273,Procurement,2026-01-14,Training,330.55,E0278,Paid
EXP-001912,E0352,Human Resources,2026-01-14,Accommodation,70.84,E0346,Paid
EXP-001917,E0352,Human Resources,2026-01-14,Client entertainment,31.18,E0346,Paid
EXP-002318,E0424,IT,2026-01-14,Accommodation,126.53,E0379,Paid
EXP-002547,E0469,IT,2026-01-14,Accommodation,84.63,E0379,Paid
EXP-003149,E0521,Operations,2026-01-14,Travel,32.35,E0917,Paid
EXP-003483,E0547,Operations,2026-01-14,Training,100.07,E0933,Paid
EXP-005073,E0684,Operations,2026-01-14,Meals,96.33,E0930,Paid
EXP-005135,E0689,Operations,2026-01-14,Supplies,74.96,E0904,Paid
EXP-005163,E0691,Operations,2026-01-14,Accommodation,83.49,E0930,Paid
EXP-006598,E0814,Operations,2026-01-14,Accommodation,75.01,E0920,Paid
EXP-006768,E0829,Operations,2026-01-14,Accommodation,74.99,E0924,Paid
EXP-007118,E0857,Operations,2026-01-14,Supplies,79.71,E0937,Paid
EXP-007249,E0868,Operations,2026-01-14,Meals,38.13,E0906,Paid
EXP-007809,E0912,Operations,2026-01-14,Meals,26.25,E0900,Paid
EXP-009139,E1019,Sales,2026-01-14,Client entertainment,21.89,E0984,Paid
EXP-009320,E1033,Sales,2026-01-14,Travel,60.98,E1044,Paid
EXP-009344,E1035,Sales,2026-01-14,Client entertainment,129.81,E0967,Paid
EXP-009366,E1036,Sales,2026-01-14,Travel,144.02,E1092,Paid
EXP-009941,E1082,Sales,2026-01-14,Travel,198.28,E1002,Paid
EXP-010063,E1093,Sales,2026-01-14,Supplies,39.71,E1087,Paid
EXP-010280,E1108,Legal,2026-01-14,Client entertainment,159.04,E1110,Paid
EXP-010791,E1201,Facilities,2026-01-14,Client entertainment,85.24,E1121,Paid
EXP-010964,E0641,Operations,2026-01-14,Supplies,150.0,E0912,Paid
EXP-001012,E0186,Finance,2026-01-15,Supplies,107.28,E0196,Paid
EXP-001058,E0191,Finance,2026-01-15,Supplies,180.81,E0204,Paid
EXP-001302,E0243,Procurement,2026-01-15,Client entertainment,130.85,E0274,Paid
EXP-001355,E0252,Procurement,2026-01-15,Supplies,312.99,E0280,Paid
EXP-001974,E0364,Human Resources,2026-01-15,Travel,220.52,E0376,Paid
EXP-004209,E0612,Operations,2026-01-15,Supplies,33.42,E0922,Paid
EXP-004512,E0635,Operations,2026-01-15,Supplies,89.14,E0928,Paid
EXP-004789,E0660,Operations,2026-01-15,Meals,157.94,E0930,Paid
EXP-005117,E0688,Operations,2026-01-15,Accommodation,44.34,E0916,Paid
EXP-005174,E0692,Operations,2026-01-15,Accommodation,55.03,E0930,Paid
EXP-005290,E0702,Operations,2026-01-15,Supplies,189.75,E0897,Paid
EXP-005453,E0719,Operations,2026-01-15,Training,117.98,E0914,Paid
EXP-005975,E0764,Operations,2026-01-15,Accommodation,153.68,E0934,Paid
EXP-006177,E0781,Operations,2026-01-15,Training,57.67,E0936,Paid
EXP-006327,E0793,Operations,2026-01-15,Meals,60.95,E0899,Paid
EXP-006708,E0825,Operations,2026-01-15,Training,40.28,E0905,Paid
EXP-007528,E0890,Operations,2026-01-15,Training,128.2,E0901,Paid
EXP-007580,E0894,Operations,2026-01-15,Accommodation,123.87,E0908,Paid
EXP-008217,E0944,Sales,2026-01-15,Supplies,296.74,E0957,Paid
EXP-008261,E0946,Sales,2026-01-15,Training,135.25,E0992,Paid
EXP-008518,E0968,Sales,2026-01-15,Travel,61.44,E1017,Paid
EXP-008526,E0968,Sales,2026-01-15,Travel,124.41,E1017,Paid
EXP-008786,E0988,Sales,2026-01-15,Travel,58.51,E1030,Paid
EXP-008825,E0992,Sales,2026-01-15,Client entertainment,94.08,E1060,Paid
EXP-009099,E1016,Sales,2026-01-15,Accommodation,209.81,E1070,Paid
EXP-009711,E1064,Sales,2026-01-15,Supplies,163.92,E1053,Paid
EXP-010284,E1108,Legal,2026-01-15,Accommodation,361.95,E1110,Paid
EXP-010442,E1141,Facilities,2026-01-15,Training,45.62,E1121,Paid
EXP-010793,E1202,Facilities,2026-01-15,Meals,59.53,E1121,Paid
EXP-000130,E0029,Finance,2026-01-16,Training,273.18,E0210,Paid
EXP-000643,E0117,Finance,2026-01-16,Training,34.78,E0190,Paid
EXP-001129,E0206,Finance,2026-01-16,Client entertainment,92.39,E0203,Paid
EXP-001400,E0259,Procurement,2026-01-16,Supplies,37.23,E0277,Paid
EXP-001982,E0365,Human Resources,2026-01-16,Client entertainment,18.6,E0341,Paid
EXP-002201,E0403,IT,2026-01-16,Training,169.36,E0379,Paid
EXP-002376,E0437,IT,2026-01-16,Travel,129.99,E0379,Paid
EXP-002544,E0468,IT,2026-01-16,Travel,126.33,E0379,Paid
EXP-002911,E0501,Operations,2026-01-16,Supplies,80.04,E0903,Paid
EXP-003088,E0517,Operations,2026-01-16,Meals,301.46,E0905,Paid
EXP-003482,E0547,Operations,2026-01-16,Meals,30.22,E0933,Paid
EXP-003748,E0567,Operations,2026-01-16,Meals,56.08,E0905,Paid
EXP-003916,E0583,Operations,2026-01-16,Travel,19.96,E0907,Paid
EXP-004195,E0612,Operations,2026-01-16,Supplies,34.05,E0922,Paid
EXP-004382,E0625,Operations,2026-01-16,Travel,89.48,E0926,Paid
EXP-004418,E0627,Operations,2026-01-16,Client entertainment,66.21,E0918,Paid
EXP-004637,E0646,Operations,2026-01-16,Training,621.7,E0923,Paid
EXP-004665,E0648,Operations,2026-01-16,Accommodation,64.1,E0909,Paid
EXP-004773,E0657,Operations,2026-01-16,Client entertainment,476.92,E0905,Paid
EXP-004919,E0672,Operations,2026-01-16,Training,168.2,E0918,Paid
EXP-005303,E0703,Operations,2026-01-16,Meals,135.59,E0900,Paid
EXP-005794,E0749,Operations,2026-01-16,Client entertainment,430.39,E0918,Paid
EXP-005811,E0750,Operations,2026-01-16,Accommodation,53.28,E0910,Paid
EXP-006622,E0817,Operations,2026-01-16,Accommodation,31.34,E0908,Paid
EXP-007252,E0868,Operations,2026-01-16,Client entertainment,113.8,E0906,Paid
EXP-007442,E0883,Operations,2026-01-16,Travel,78.43,E0898,Paid
EXP-007698,E0904,Operations,2026-01-16,Accommodation,289.32,E0915,Paid
EXP-007999,E0926,Operations,2026-01-16,Travel,353.92,E0906,Paid
EXP-008253,E0946,Sales,2026-01-16,Travel,20.77,E0992,Paid
EXP-008265,E0947,Sales,2026-01-16,Supplies,113.28,E1033,Paid
EXP-008593,E0973,Sales,2026-01-16,Training,233.23,E0986,Paid
EXP-008641,E0977,Sales,2026-01-16,Accommodation,55.89,E0995,Paid
EXP-009382,E1037,Sales,2026-01-16,Client entertainment,97.24,E0993,Paid
EXP-009421,E1041,Sales,2026-01-16,Travel,370.25,E0944,Paid
EXP-010141,E1099,Sales,2026-01-16,Meals,298.78,E1097,Paid
EXP-010156,E1100,Sales,2026-01-16,Supplies,374.76,E1058,Paid
EXP-010187,E1102,Sales,2026-01-16,Client entertainment,40.34,E1067,Paid
EXP-010481,E1150,Facilities,2026-01-16,Client entertainment,135.96,E1121,Paid
EXP-000408,E0077,Finance,2026-01-17,Supplies,250.34,E0202,Paid
EXP-000735,E0136,Finance,2026-01-17,Meals,142.62,E0201,Paid
EXP-001265,E0237,Procurement,2026-01-17,Accommodation,365.0,E0267,Paid
EXP-001959,E0360,Human Resources,2026-01-17,Supplies,25.4,E0348,Paid
EXP-002505,E0460,IT,2026-01-17,Supplies,65.06,E0379,Paid
EXP-002657,E0482,Operations,2026-01-17,Travel,70.24,E0919,Paid
EXP-003854,E0578,Operations,2026-01-17,Meals,1180.52,E0901,Paid
EXP-004568,E0639,Operations,2026-01-17,Training,13.56,E0921,Paid
EXP-004698,E0651,Operations,2026-01-17,Meals,492.77,E0917,Paid
EXP-005446,E0719,Operations,2026-01-17,Client entertainment,77.08,E0914,Paid
EXP-006540,E0809,Operations,2026-01-17,Client entertainment,89.79,E0920,Paid
EXP-007135,E0858,Operations,2026-01-17,Travel,137.79,E0917,Paid
EXP-007506,E0888,Operations,2026-01-17,Travel,158.79,E0905,Paid
EXP-008059,E0930,Operations,2026-01-17,Travel,132.23,E0899,Paid
EXP-008085,E0933,Operations,2026-01-17,Travel,34.46,E0899,Paid
EXP-008100,E0934,Operations,2026-01-17,Meals,109.57,E0916,Paid
EXP-008326,E0953,Sales,2026-01-17,Training,35.96,E0987,Paid
EXP-008435,E0961,Sales,2026-01-17,Travel,663.71,E1097,Paid
EXP-008458,E0963,Sales,2026-01-17,Client entertainment,325.93,E0952,Paid
EXP-008485,E0964,Sales,2026-01-17,Client entertainment,48.02,E1105,Paid
EXP-008555,E0970,Sales,2026-01-17,Travel,488.03,E1021,Paid
EXP-010052,E1092,Sales,2026-01-17,Travel,193.31,E1057,Paid
EXP-010183,E1102,Sales,2026-01-17,Meals,196.56,E1067,Paid
EXP-000088,E0018,Finance,2026-01-18,Training,37.64,E0210,Paid
EXP-000653,E0119,Finance,2026-01-18,Client entertainment,83.67,E0210,Paid
EXP-001122,E0205,Finance,2026-01-18,Client entertainment,157.97,E0197,Paid
EXP-001312,E0244,Procurement,2026-01-18,Accommodation,209.05,E0268,Paid
EXP-001437,E0266,Procurement,2026-01-18,Client entertainment,48.84,E0274,Paid
EXP-002059,E0378,Human Resources,2026-01-18,Accommodation,36.72,E0342,Paid
EXP-002769,E0490,Operations,2026-01-18,Client entertainment,102.32,E0923,Paid
EXP-003038,E0512,Operations,2026-01-18,Accommodation,96.96,E0903,Paid
EXP-003985,E0588,Operations,2026-01-18,Accommodation,1033.52,E0932,Paid
EXP-004208,E0612,Operations,2026-01-18,Training,420.79,E0922,Paid
EXP-005465,E0720,Operations,2026-01-18,Accommodation,596.23,E0920,Paid
EXP-005913,E0760,Operations,2026-01-18,Training,43.81,E0899,Paid
EXP-006108,E0773,Operations,2026-01-18,Training,120.01,E0936,Paid
EXP-007098,E0854,Operations,2026-01-18,Travel,30.05,E0919,Paid
EXP-007459,E0885,Operations,2026-01-18,Travel,23.69,E0914,Paid
EXP-007620,E0899,Operations,2026-01-18,Client entertainment,211.9,E0903,Paid
EXP-007656,E0902,Operations,2026-01-18,Accommodation,58.17,E0001,Paid
EXP-008313,E0951,Sales,2026-01-18,Client entertainment,97.79,E0984,Paid
EXP-008544,E0969,Sales,2026-01-18,Training,125.06,E1033,Paid
EXP-008698,E0981,Sales,2026-01-18,Client entertainment,52.69,E0992,Paid
EXP-008826,E0992,Sales,2026-01-18,Training,165.48,E1060,Paid
EXP-009066,E1011,Sales,2026-01-18,Accommodation,239.2,E1102,Paid
EXP-009566,E1053,Sales,2026-01-18,Travel,25.81,E0987,Paid
EXP-009679,E1062,Sales,2026-01-18,Accommodation,54.75,E0998,Paid
EXP-010386,E1125,Facilities,2026-01-18,Supplies,100.11,E1121,Paid
EXP-000294,E0054,Finance,2026-01-19,Travel,58.98,E0203,Paid
EXP-000392,E0073,Finance,2026-01-19,Meals,173.42,E0193,Paid
EXP-000435,E0083,Finance,2026-01-19,Travel,268.62,E0199,Paid
EXP-000506,E0094,Finance,2026-01-19,Travel,70.54,E0202,Paid
EXP-001460,E0270,Procurement,2026-01-19,Travel,51.34,E0267,Paid
EXP-001509,E0278,Procurement,2026-01-19,Supplies,234.27,E0276,Paid
EXP-001556,E0285,Procurement,2026-01-19,Training,183.22,E0277,Paid
EXP-001592,E0290,Procurement,2026-01-19,Accommodation,28.04,E0272,Paid
EXP-001636,E0300,Human Resources,2026-01-19,Training,70.92,E0344,Paid
EXP-001946,E0357,Human Resources,2026-01-19,Travel,104.08,E0375,Paid
EXP-002185,E0401,IT,2026-01-19,Accommodation,299.39,E0379,Paid
EXP-002299,E0422,IT,2026-01-19,Accommodation,24.5,E0379,Paid
EXP-002812,E0494,Operations,2026-01-19,Supplies,58.12,E0929,Paid
EXP-003260,E0529,Operations,2026-01-19,Client entertainment,124.82,E0913,Paid
EXP-003959,E0587,Operations,2026-01-19,Accommodation,64.57,E0906,Paid
EXP-004090,E0599,Operations,2026-01-19,Supplies,974.91,E0909,Paid
EXP-004130,E0605,Operations,2026-01-19,Supplies,23.23,E0927,Paid
EXP-005228,E0697,Operations,2026-01-19,Supplies,534.43,E0934,Paid
EXP-005917,E0760,Operations,2026-01-19,Client entertainment,26.45,E0899,Paid
EXP-006033,E0769,Operations,2026-01-19,Supplies,91.99,E0928,Paid
EXP-006043,E0769,Operations,2026-01-19,Accommodation,55.61,E0928,Paid
EXP-006231,E0786,Operations,2026-01-19,Accommodation,20.97,E0901,Paid
EXP-006311,E0792,Operations,2026-01-19,Supplies,31.06,E0916,Paid
EXP-006420,E0800,Operations,2026-01-19,Meals,186.8,E0910,Paid
EXP-006472,E0803,Operations,2026-01-19,Accommodation,6.51,E0930,Paid
EXP-006688,E0821,Operations,2026-01-19,Client entertainment,30.18,E0920,Paid
EXP-006801,E0832,Operations,2026-01-19,Travel,32.72,E0904,Paid
EXP-007140,E0858,Operations,2026-01-19,Accommodation,599.57,E0917,Paid
EXP-007713,E0906,Operations,2026-01-19,Client entertainment,180.05,E0937,Paid
EXP-008089,E0933,Operations,2026-01-19,Accommodation,47.36,E0899,Paid
EXP-008729,E0983,Sales,2026-01-19,Supplies,28.55,E0942,Paid
EXP-008742,E0984,Sales,2026-01-19,Accommodation,23.57,E1104,Paid
EXP-009419,E1041,Sales,2026-01-19,Supplies,47.57,E0944,Paid
EXP-010130,E1098,Sales,2026-01-19,Travel,44.76,E1042,Paid
EXP-010657,E1178,Facilities,2026-01-19,Meals,70.14,E1121,Paid
EXP-010789,E1201,Facilities,2026-01-19,Training,22.57,E1121,Paid
EXP-010812,E0965,Sales,2026-01-19,Client entertainment,932.15,E0976,Paid
EXP-010868,E1033,Sales,2026-01-19,Client entertainment,977.49,E1044,Paid
EXP-000215,E0040,Finance,2026-01-20,Training,139.35,E0200,Paid
EXP-000295,E0056,Finance,2026-01-20,Client entertainment,44.55,E0210,Paid
EXP-000940,E0174,Finance,2026-01-20,Accommodation,123.91,E0201,Paid
EXP-001056,E0191,Finance,2026-01-20,Supplies,50.3,E0204,Paid
EXP-001925,E0354,Human Resources,2026-01-20,Training,117.24,E0337,Paid
EXP-002257,E0413,IT,2026-01-20,Client entertainment,42.77,E0379,Paid
EXP-003003,E0509,Operations,2026-01-20,Client entertainment,22.47,E0911,Paid
EXP-003444,E0545,Operations,2026-01-20,Client entertainment,67.67,E0931,Paid
EXP-004154,E0609,Operations,2026-01-20,Travel,143.79,E0913,Paid
EXP-004939,E0673,Operations,2026-01-20,Client entertainment,38.61,E0909,Paid
EXP-006182,E0781,Operations,2026-01-20,Supplies,264.26,E0936,Paid
EXP-006619,E0816,Operations,2026-01-20,Supplies,110.67,E0917,Paid
EXP-006720,E0826,Operations,2026-01-20,Supplies,152.52,E0934,Paid
EXP-006845,E0834,Operations,2026-01-20,Travel,50.09,E0933,Paid
EXP-007149,E0859,Operations,2026-01-20,Training,218.0,E0919,Paid
EXP-007719,E0907,Operations,2026-01-20,Client entertainment,446.48,E0938,Paid
EXP-007899,E0919,Operations,2026-01-20,Training,33.54,E0898,Paid
EXP-007992,E0926,Operations,2026-01-20,Accommodation,30.39,E0906,Paid
EXP-008109,E0935,Operations,2026-01-20,Supplies,24.22,E0900,Paid
EXP-008768,E0986,Sales,2026-01-20,Accommodation,31.26,E1055,Paid
EXP-009210,E1024,Sales,2026-01-20,Travel,61.21,E1074,Paid
EXP-009414,E1039,Sales,2026-01-20,Training,148.03,E0988,Paid
EXP-009452,E1043,Sales,2026-01-20,Travel,99.75,E1099,Paid
EXP-009454,E1043,Sales,2026-01-20,Client entertainment,91.29,E1099,Paid
EXP-009591,E1056,Sales,2026-01-20,Supplies,9.29,E1074,Paid
EXP-009633,E1059,Sales,2026-01-20,Meals,54.41,E1011,Paid
EXP-009866,E1077,Sales,2026-01-20,Travel,307.46,E1064,Paid
EXP-009989,E1087,Sales,2026-01-20,Meals,37.15,E0942,Paid
EXP-010370,E1123,Facilities,2026-01-20,Supplies,50.71,E1121,Paid
EXP-010402,E1129,Facilities,2026-01-20,Meals,115.85,E1121,Paid
EXP-010882,E1033,Sales,2026-01-20,Client entertainment,928.67,E1044,Paid
EXP-010960,E0641,Operations,2026-01-20,Supplies,500.0,E0912,Paid
EXP-000547,E0101,Finance,2026-01-21,Meals,74.78,E0208,Paid
EXP-000708,E0131,Finance,2026-01-21,Meals,74.45,E0200,Paid
EXP-001156,E0213,Procurement,2026-01-21,Training,569.68,E0273,Paid
EXP-001536,E0282,Procurement,2026-01-21,Meals,51.73,E0269,Paid
EXP-003770,E0569,Operations,2026-01-21,Training,170.61,E0914,Paid
EXP-003856,E0578,Operations,2026-01-21,Client entertainment,111.4,E0901,Paid
EXP-005057,E0683,Operations,2026-01-21,Training,19.86,E0910,Paid
EXP-005108,E0687,Operations,2026-01-21,Travel,33.4,E0900,Paid
EXP-005286,E0702,Operations,2026-01-21,Accommodation,17.71,E0897,Paid
EXP-005473,E0721,Operations,2026-01-21,Training,46.38,E0914,Paid
EXP-005841,E0754,Operations,2026-01-21,Meals,522.0,E0924,Paid
EXP-006326,E0793,Operations,2026-01-21,Client entertainment,173.61,E0899,Paid
EXP-007054,E0851,Operations,2026-01-21,Client entertainment,21.33,E0932,Paid
EXP-007146,E0859,Operations,2026-01-21,Client entertainment,109.18,E0919,Paid
EXP-007218,E0864,Operations,2026-01-21,Supplies,112.41,E0912,Paid
EXP-007368,E0879,Operations,2026-01-21,Meals,122.42,E0899,Paid
EXP-007386,E0880,Operations,2026-01-21,Client entertainment,57.9,E0914,Paid
EXP-008201,E0943,Sales,2026-01-21,Client entertainment,69.78,E0972,Paid
EXP-008417,E0960,Sales,2026-01-21,Accommodation,113.21,E1093,Paid
EXP-008724,E0983,Sales,2026-01-21,Supplies,97.93,E0942,Paid
EXP-008842,E0992,Sales,2026-01-21,Training,377.62,E1060,Paid
EXP-009930,E1081,Sales,2026-01-21,Accommodation,89.25,E1047,Paid
EXP-010042,E1091,Sales,2026-01-21,Supplies,77.84,E1063,Paid
EXP-010072,E1094,Sales,2026-01-21,Training,98.73,E0945,Paid
EXP-010927,E1043,Sales,2026-01-21,Client entertainment,970.91,E1099,Paid
EXP-000842,E0159,Finance,2026-01-22,Travel,50.17,E0202,Paid
EXP-000891,E0167,Finance,2026-01-22,Training,25.95,E0190,Paid
EXP-000931,E0174,Finance,2026-01-22,Meals,67.03,E0201,Paid
EXP-001088,E0195,Finance,2026-01-22,Travel,63.3,E0204,Paid
EXP-001155,E0213,Procurement,2026-01-22,Accommodation,111.44,E0273,Paid
EXP-001412,E0261,Procurement,2026-01-22,Supplies,111.58,E0273,Paid
EXP-002488,E0458,IT,2026-01-22,Travel,223.88,E0379,Paid
EXP-002640,E0481,Operations,2026-01-22,Accommodation,294.24,E0927,Paid
EXP-003186,E0524,Operations,2026-01-22,Meals,108.97,E0903,Paid
EXP-003713,E0565,Operations,2026-01-22,Training,125.94,E0917,Paid
EXP-005061,E0683,Operations,2026-01-22,Meals,430.97,E0910,Paid
EXP-005807,E0750,Operations,2026-01-22,Meals,85.4,E0910,Paid
EXP-007681,E0904,Operations,2026-01-22,Supplies,124.8,E0915,Paid
EXP-007905,E0920,Operations,2026-01-22,Training,3.67,E0914,Paid
EXP-008940,E1000,Sales,2026-01-22,Supplies,27.09,E0989,Paid
EXP-008953,E1003,Sales,2026-01-22,Meals,76.31,E1102,Paid
EXP-009321,E1033,Sales,2026-01-22,Accommodation,67.43,E1044,Paid
EXP-009522,E1050,Sales,2026-01-22,Travel,148.72,E1011,Paid
EXP-009606,E1057,Sales,2026-01-22,Accommodation,27.19,E0958,Paid
EXP-009826,E1075,Sales,2026-01-22,Accommodation,469.98,E1072,Paid
EXP-009949,E1084,Sales,2026-01-22,Accommodation,49.83,E1041,Paid
EXP-010536,E1158,Facilities,2026-01-22,Accommodation,75.04,E1121,Paid
EXP-010593,E1169,Facilities,2026-01-22,Supplies,153.5,E1121,Paid
EXP-010670,E1181,Facilities,2026-01-22,Meals,142.03,E1121,Paid
EXP-000089,E0018,Finance,2026-01-23,Travel,163.22,E0210,Paid
EXP-000533,E0099,Finance,2026-01-23,Client entertainment,7.0,E0191,Paid
EXP-000603,E0110,Finance,2026-01-23,Training,69.87,E0202,Paid
EXP-000730,E0135,Finance,2026-01-23,Training,53.61,E0196,Paid
EXP-000781,E0142,Finance,2026-01-23,Training,321.5,E0198,Paid
EXP-000790,E0144,Finance,2026-01-23,Client entertainment,56.66,E0203,Paid
EXP-000887,E0167,Finance,2026-01-23,Meals,51.31,E0190,Paid
EXP-001004,E0184,Finance,2026-01-23,Client entertainment,62.07,E0205,Paid
EXP-001417,E0262,Procurement,2026-01-23,Training,154.21,E0269,Paid
EXP-001754,E0323,Human Resources,2026-01-23,Travel,119.95,E0340,Paid
EXP-001826,E0334,Human Resources,2026-01-23,Training,134.7,E0373,Paid
EXP-003010,E0510,Operations,2026-01-23,Travel,202.45,E0920,Paid
EXP-003167,E0523,Operations,2026-01-23,Supplies,31.18,E0920,Paid
EXP-003264,E0530,Operations,2026-01-23,Accommodation,83.6,E0919,Paid
EXP-004091,E0599,Operations,2026-01-23,Training,209.37,E0909,Paid
EXP-004123,E0603,Operations,2026-01-23,Meals,259.65,E0904,Paid
EXP-004168,E0610,Operations,2026-01-23,Training,433.99,E0907,Paid
EXP-004324,E0620,Operations,2026-01-23,Meals,173.57,E0921,Paid
EXP-004451,E0629,Operations,2026-01-23,Client entertainment,115.48,E0935,Paid
EXP-004581,E0640,Operations,2026-01-23,Meals,47.39,E0938,Paid
EXP-004769,E0657,Operations,2026-01-23,Travel,43.15,E0905,Paid
EXP-004846,E0665,Operations,2026-01-23,Accommodation,31.57,E0922,Paid
EXP-004938,E0673,Operations,2026-01-23,Supplies,55.56,E0909,Paid
EXP-005070,E0683,Operations,2026-01-23,Travel,31.55,E0910,Paid
EXP-005318,E0704,Operations,2026-01-23,Supplies,10.61,E0924,Paid
EXP-005739,E0744,Operations,2026-01-23,Accommodation,28.17,E0924,Paid
EXP-006632,E0817,Operations,2026-01-23,Training,43.49,E0908,Paid
EXP-006967,E0844,Operations,2026-01-23,Travel,323.03,E0914,Paid
EXP-007550,E0891,Operations,2026-01-23,Travel,54.97,E0912,Paid
EXP-007666,E0903,Operations,2026-01-23,Supplies,132.74,E0931,Paid
EXP-007708,E0906,Operations,2026-01-23,Client entertainment,44.39,E0937,Paid
EXP-008651,E0978,Sales,2026-01-23,Accommodation,84.62,E1024,Paid
EXP-009731,E1065,Sales,2026-01-23,Travel,163.21,E1029,Paid
EXP-009920,E1080,Sales,2026-01-23,Supplies,484.92,E1048,Paid
EXP-010007,E1089,Sales,2026-01-23,Training,238.51,E0959,Paid
EXP-010113,E1097,Sales,2026-01-23,Training,318.47,E1030,Paid
EXP-010344,E1119,Legal,2026-01-23,Supplies,29.77,E1117,Paid
EXP-000183,E0036,Finance,2026-01-24,Meals,136.7,E0199,Paid
EXP-000473,E0088,Finance,2026-01-24,Client entertainment,66.74,E0191,Paid
EXP-001162,E0214,Procurement,2026-01-24,Supplies,26.42,E0279,Paid
EXP-001175,E0218,Procurement,2026-01-24,Travel,30.42,E0275,Paid
EXP-002061,E0378,Human Resources,2026-01-24,Client entertainment,25.06,E0342,Paid
EXP-002218,E0406,IT,2026-01-24,Accommodation,47.17,E0379,Paid
EXP-002650,E0481,Operations,2026-01-24,Travel,112.0,E0927,Paid
EXP-003415,E0543,Operations,2026-01-24,Training,124.16,E0914,Paid
EXP-004928,E0672,Operations,2026-01-24,Meals,171.2,E0918,Paid
EXP-005242,E0698,Operations,2026-01-24,Client entertainment,248.72,E0910,Paid
EXP-005354,E0708,Operations,2026-01-24,Meals,30.42,E0907,Paid
EXP-005421,E0718,Operations,2026-01-24,Accommodation,43.5,E0913,Paid
EXP-005531,E0725,Operations,2026-01-24,Training,182.75,E0917,Paid
EXP-006841,E0833,Operations,2026-01-24,Meals,47.64,E0925,Paid
EXP-007061,E0852,Operations,2026-01-24,Training,29.05,E0914,Paid
EXP-007245,E0867,Operations,2026-01-24,Accommodation,172.46,E0934,Paid
EXP-007369,E0879,Operations,2026-01-24,Client entertainment,382.7,E0899,Paid
EXP-007531,E0890,Operations,2026-01-24,Client entertainment,86.55,E0901,Paid
EXP-008251,E0946,Sales,2026-01-24,Travel,37.21,E0992,Paid
EXP-008431,E0961,Sales,2026-01-24,Supplies,40.07,E1097,Paid
EXP-008527,E0968,Sales,2026-01-24,Travel,41.75,E1017,Paid
EXP-008628,E0976,Sales,2026-01-24,Client entertainment,313.38,E1026,Paid
EXP-008881,E0995,Sales,2026-01-24,Training,74.54,E0997,Paid
EXP-009282,E1031,Sales,2026-01-24,Supplies,27.72,E0961,Paid
EXP-009403,E1038,Sales,2026-01-24,Travel,242.28,E1055,Paid
EXP-009578,E1055,Sales,2026-01-24,Training,670.67,E1098,Paid
EXP-000385,E0072,Finance,2026-01-25,Supplies,73.98,E0198,Paid
EXP-001413,E0261,Procurement,2026-01-25,Training,79.21,E0273,Paid
EXP-001819,E0334,Human Resources,2026-01-25,Client entertainment,27.37,E0373,Paid
EXP-001978,E0364,Human Resources,2026-01-25,Meals,118.28,E0376,Paid
EXP-002065,E0379,IT,2026-01-25,Client entertainment,177.58,E0001,Paid
EXP-002151,E0393,IT,2026-01-25,Client entertainment,138.58,E0379,Paid
EXP-002845,E0496,Operations,2026-01-25,Accommodation,85.18,E0899,Paid
EXP-002957,E0505,Operations,2026-01-25,Training,268.95,E0912,Paid
EXP-003798,E0573,Operations,2026-01-25,Client entertainment,104.07,E0915,Paid
EXP-003827,E0575,Operations,2026-01-25,Supplies,162.24,E0904,Paid
EXP-004138,E0608,Operations,2026-01-25,Meals,75.7,E0929,Paid
EXP-004870,E0669,Operations,2026-01-25,Client entertainment,91.19,E0900,Paid
EXP-005346,E0706,Operations,2026-01-25,Meals,290.82,E0918,Paid
EXP-005697,E0739,Operations,2026-01-25,Accommodation,152.64,E0930,Paid
EXP-006015,E0767,Operations,2026-01-25,Meals,45.95,E0920,Paid
EXP-006017,E0767,Operations,2026-01-25,Accommodation,73.93,E0920,Paid
EXP-006368,E0797,Operations,2026-01-25,Accommodation,472.52,E0909,Paid
EXP-006863,E0836,Operations,2026-01-25,Client entertainment,212.69,E0899,Paid
EXP-007122,E0857,Operations,2026-01-25,Client entertainment,22.21,E0937,Paid
EXP-007425,E0883,Operations,2026-01-25,Supplies,80.54,E0898,Paid
EXP-008415,E0959,Sales,2026-01-25,Supplies,32.53,E1052,Paid
EXP-009042,E1009,Sales,2026-01-25,Client entertainment,374.91,E1040,Paid
EXP-009325,E1033,Sales,2026-01-25,Meals,96.94,E1044,Paid
EXP-009602,E1057,Sales,2026-01-25,Client entertainment,46.66,E0958,Paid
EXP-010752,E1195,Facilities,2026-01-25,Training,139.12,E1121,Paid
EXP-000810,E0151,Finance,2026-01-26,Accommodation,15.12,E0196,Paid
EXP-000946,E0175,Finance,2026-01-26,Supplies,37.39,E0195,Paid
EXP-001315,E0245,Procurement,2026-01-26,Accommodation,80.8,E0278,Paid
EXP-001545,E0284,Procurement,2026-01-26,Training,12.45,E0272,Paid
EXP-001928,E0354,Human Resources,2026-01-26,Supplies,18.96,E0337,Paid
EXP-002197,E0403,IT,2026-01-26,Travel,195.69,E0379,Paid
EXP-002850,E0496,Operations,2026-01-26,Accommodation,110.06,E0899,Paid
EXP-002906,E0500,Operations,2026-01-26,Supplies,136.06,E0919,Paid
EXP-003861,E0579,Operations,2026-01-26,Training,179.71,E0926,Paid
EXP-003967,E0587,Operations,2026-01-26,Meals,139.64,E0906,Paid
EXP-004020,E0593,Operations,2026-01-26,Meals,94.75,E0938,Paid
EXP-004339,E0621,Operations,2026-01-26,Supplies,162.61,E0922,Paid
EXP-004361,E0623,Operations,2026-01-26,Travel,103.08,E0909,Paid
EXP-004400,E0626,Operations,2026-01-26,Client entertainment,111.73,E0910,Paid
EXP-004749,E0654,Operations,2026-01-26,Travel,174.62,E0930,Paid
EXP-006270,E0788,Operations,2026-01-26,Training,209.39,E0925,Paid
EXP-006662,E0819,Operations,2026-01-26,Accommodation,68.5,E0929,Paid
EXP-006680,E0821,Operations,2026-01-26,Training,164.53,E0920,Paid
EXP-006711,E0825,Operations,2026-01-26,Supplies,18.45,E0905,Paid
EXP-007475,E0886,Operations,2026-01-26,Client entertainment,162.88,E0914,Paid
EXP-007599,E0897,Operations,2026-01-26,Supplies,10.54,E0935,Paid
EXP-008196,E0942,Sales,2026-01-26,Training,156.4,E1075,Paid
EXP-008486,E0964,Sales,2026-01-26,Accommodation,17.15,E1105,Paid
EXP-009019,E1008,Sales,2026-01-26,Client entertainment,40.05,E0986,Paid
EXP-009358,E1036,Sales,2026-01-26,Travel,141.36,E1092,Paid
EXP-009500,E1047,Sales,2026-01-26,Supplies,57.83,E1071,Paid
EXP-009549,E1052,Sales,2026-01-26,Accommodation,24.6,E0987,Paid
EXP-009869,E1077,Sales,2026-01-26,Accommodation,84.2,E1064,Paid
EXP-009927,E1081,Sales,2026-01-26,Training,83.61,E1047,Paid
EXP-000381,E0070,Finance,2026-01-27,Accommodation,307.44,E0196,Paid
EXP-001515,E0279,Procurement,2026-01-27,Accommodation,171.92,E0268,Paid
EXP-002255,E0413,IT,2026-01-27,Accommodation,101.82,E0379,Paid
EXP-002398,E0442,IT,2026-01-27,Meals,25.95,E0379,Paid
EXP-002466,E0455,IT,2026-01-27,Meals,42.71,E0379,Paid
EXP-002589,E0476,IT,2026-01-27,Meals,363.11,E0379,Paid
EXP-002726,E0487,Operations,2026-01-27,Training,323.34,E0937,Paid
EXP-002786,E0493,Operations,2026-01-27,Meals,140.63,E0932,Paid
EXP-002801,E0494,Operations,2026-01-27,Training,417.09,E0929,Paid
EXP-002872,E0498,Operations,2026-01-27,Training,292.97,E0934,Paid
EXP-003664,E0561,Operations,2026-01-27,Client entertainment,155.82,E0914,Paid
EXP-004128,E0605,Operations,2026-01-27,Travel,81.55,E0927,Paid
EXP-004907,E0671,Operations,2026-01-27,Travel,241.78,E0910,Paid
EXP-006205,E0784,Operations,2026-01-27,Travel,31.35,E0916,Paid
EXP-006473,E0803,Operations,2026-01-27,Accommodation,28.01,E0930,Paid
EXP-006640,E0818,Operations,2026-01-27,Supplies,57.03,E0931,Paid
EXP-006826,E0833,Operations,2026-01-27,Meals,305.76,E0925,Paid
EXP-007207,E0863,Operations,2026-01-27,Client entertainment,31.58,E0929,Paid
EXP-007861,E0916,Operations,2026-01-27,Client entertainment,14.78,E0001,Paid
EXP-009300,E1032,Sales,2026-01-27,Meals,89.52,E1066,Paid
EXP-009701,E1064,Sales,2026-01-27,Training,548.86,E1053,Paid
EXP-010612,E1173,Facilities,2026-01-27,Accommodation,90.01,E1121,Paid
EXP-000065,E0015,Finance,2026-01-28,Meals,125.55,E0192,Paid
EXP-000179,E0035,Finance,2026-01-28,Client entertainment,35.47,E0190,Paid
EXP-000343,E0064,Finance,2026-01-28,Accommodation,30.62,E0210,Paid
EXP-000848,E0160,Finance,2026-01-28,Training,154.63,E0203,Paid
EXP-001789,E0328,Human Resources,2026-01-28,Accommodation,381.27,E0346,Paid
EXP-001967,E0362,Human Resources,2026-01-28,Meals,129.31,E0340,Paid
EXP-002526,E0463,IT,2026-01-28,Training,45.21,E0379,Paid
EXP-002572,E0473,IT,2026-01-28,Client entertainment,62.91,E0379,Paid
EXP-002887,E0499,Operations,2026-01-28,Client entertainment,164.17,E0900,Paid
EXP-003731,E0567,Operations,2026-01-28,Client entertainment,84.72,E0905,Paid
EXP-004151,E0608,Operations,2026-01-28,Client entertainment,338.36,E0929,Paid
EXP-004535,E0638,Operations,2026-01-28,Supplies,94.24,E0916,Paid
EXP-006068,E0771,Operations,2026-01-28,Travel,56.18,E0933,Paid
EXP-007273,E0870,Operations,2026-01-28,Training,18.22,E0936,Paid
EXP-007562,E0892,Operations,2026-01-28,Accommodation,49.75,E0899,Paid
EXP-007787,E0911,Operations,2026-01-28,Meals,27.79,E0922,Paid
EXP-008113,E0935,Operations,2026-01-28,Travel,510.32,E0900,Paid
EXP-008560,E0970,Sales,2026-01-28,Training,72.13,E1021,Paid
EXP-008960,E1004,Sales,2026-01-28,Client entertainment,41.73,E0946,Paid
EXP-009067,E1011,Sales,2026-01-28,Travel,181.35,E1102,Paid
EXP-009087,E1013,Sales,2026-01-28,Travel,101.52,E1032,Paid
EXP-009191,E1023,Sales,2026-01-28,Accommodation,107.98,E1042,Paid
EXP-009629,E1058,Sales,2026-01-28,Training,415.91,E1060,Paid
EXP-010017,E1090,Sales,2026-01-28,Training,117.73,E0999,Paid
EXP-010118,E1097,Sales,2026-01-28,Client entertainment,27.21,E1030,Paid
EXP-010432,E1140,Facilities,2026-01-28,Client entertainment,184.42,E1121,Paid
EXP-010814,E0965,Sales,2026-01-28,Client entertainment,972.8,E0976,Paid
EXP-000766,E0140,Finance,2026-01-29,Supplies,64.02,E0199,Paid
EXP-002053,E0376,Human Resources,2026-01-29,Client entertainment,69.18,E0378,Paid
EXP-002394,E0441,IT,2026-01-29,Accommodation,47.59,E0379,Paid
EXP-002453,E0452,IT,2026-01-29,Travel,277.95,E0379,Paid
EXP-002837,E0495,Operations,2026-01-29,Training,499.58,E0900,Paid
EXP-003206,E0526,Operations,2026-01-29,Meals,112.68,E0914,Paid
EXP-003219,E0527,Operations,2026-01-29,Meals,58.44,E0916,Paid
EXP-004129,E0605,Operations,2026-01-29,Travel,48.98,E0927,Paid
EXP-004737,E0654,Operations,2026-01-29,Client entertainment,665.49,E0930,Paid
EXP-004774,E0659,Operations,2026-01-29,Training,133.09,E0928,Paid
EXP-004833,E0664,Operations,2026-01-29,Training,140.67,E0932,Paid
EXP-006126,E0776,Operations,2026-01-29,Supplies,110.38,E0926,Paid
EXP-006159,E0779,Operations,2026-01-29,Supplies,35.8,E0916,Paid
EXP-006465,E0802,Operations,2026-01-29,Meals,53.66,E0923,Paid
EXP-007293,E0872,Operations,2026-01-29,Accommodation,6.79,E0937,Paid
EXP-007373,E0879,Operations,2026-01-29,Accommodation,129.49,E0899,Paid
EXP-008239,E0946,Sales,2026-01-29,Client entertainment,157.89,E0992,Paid
EXP-008434,E0961,Sales,2026-01-29,Travel,79.78,E1097,Paid
EXP-009133,E1018,Sales,2026-01-29,Meals,112.38,E1019,Paid
EXP-009804,E1072,Sales,2026-01-29,Supplies,24.04,E0973,Paid
EXP-010095,E1096,Sales,2026-01-29,Client entertainment,51.21,E0968,Paid
EXP-010870,E1033,Sales,2026-01-29,Client entertainment,910.57,E1044,Paid
EXP-000059,E0014,Finance,2026-01-30,Supplies,53.4,E0199,Paid
EXP-000365,E0068,Finance,2026-01-30,Meals,50.29,E0201,Paid
EXP-000455,E0085,Finance,2026-01-30,Supplies,136.67,E0206,Paid
EXP-000807,E0150,Finance,2026-01-30,Accommodation,436.99,E0192,Paid
EXP-001511,E0279,Procurement,2026-01-30,Supplies,59.8,E0268,Paid
EXP-002054,E0376,Human Resources,2026-01-30,Supplies,309.44,E0378,Paid
EXP-002105,E0385,IT,2026-01-30,Client entertainment,406.31,E0379,Paid
EXP-002175,E0399,IT,2026-01-30,Client entertainment,42.21,E0379,Paid
EXP-002356,E0432,IT,2026-01-30,Client entertainment,136.75,E0379,Paid
EXP-002497,E0459,IT,2026-01-30,Travel,146.15,E0379,Paid
EXP-002790,E0493,Operations,2026-01-30,Meals,35.47,E0932,Paid
EXP-002869,E0498,Operations,2026-01-30,Accommodation,85.94,E0934,Paid
EXP-003041,E0512,Operations,2026-01-30,Accommodation,23.17,E0903,Paid
EXP-003285,E0534,Operations,2026-01-30,Travel,117.67,E0925,Paid
EXP-003630,E0559,Operations,2026-01-30,Supplies,258.1,E0917,Paid
EXP-004103,E0599,Operations,2026-01-30,Supplies,28.18,E0909,Paid
EXP-004235,E0613,Operations,2026-01-30,Supplies,82.36,E0929,Paid
EXP-004478,E0632,Operations,2026-01-30,Accommodation,29.5,E0911,Paid
EXP-004946,E0674,Operations,2026-01-30,Accommodation,95.79,E0928,Paid
EXP-005241,E0698,Operations,2026-01-30,Travel,204.72,E0910,Paid
EXP-005604,E0732,Operations,2026-01-30,Client entertainment,231.29,E0923,Paid
EXP-006064,E0771,Operations,2026-01-30,Training,56.2,E0933,Paid
EXP-006246,E0787,Operations,2026-01-30,Travel,253.56,E0915,Paid
EXP-006273,E0788,Operations,2026-01-30,Training,106.19,E0925,Paid
EXP-006454,E0802,Operations,2026-01-30,Travel,94.31,E0923,Paid
EXP-006500,E0805,Operations,2026-01-30,Travel,29.63,E0900,Paid
EXP-007085,E0853,Operations,2026-01-30,Training,28.32,E0930,Paid
EXP-007287,E0872,Operations,2026-01-30,Training,143.03,E0937,Paid
EXP-008481,E0964,Sales,2026-01-30,Training,63.5,E1105,Paid
EXP-008673,E0980,Sales,2026-01-30,Supplies,31.91,E1093,Paid
EXP-008685,E0981,Sales,2026-01-30,Travel,209.17,E0992,Paid
EXP-008776,E0987,Sales,2026-01-30,Supplies,117.82,E1001,Paid
EXP-008934,E1000,Sales,2026-01-30,Travel,344.68,E0989,Paid
EXP-009075,E1011,Sales,2026-01-30,Meals,563.88,E1102,Paid
EXP-009258,E1028,Sales,2026-01-30,Meals,189.89,E1026,Paid
EXP-009293,E1031,Sales,2026-01-30,Supplies,227.82,E0961,Paid
EXP-010094,E1096,Sales,2026-01-30,Accommodation,17.14,E0968,Paid
EXP-010227,E1104,Sales,2026-01-30,Travel,108.32,E1056,Paid
EXP-000096,E0020,Finance,2026-01-31,Meals,140.63,E0208,Paid
EXP-000240,E0044,Finance,2026-01-31,Accommodation,9.9,E0194,Paid
EXP-000491,E0091,Finance,2026-01-31,Client entertainment,58.06,E0193,Paid
EXP-000613,E0112,Finance,2026-01-31,Supplies,138.37,E0205,Paid
EXP-001496,E0275,Procurement,2026-01-31,Accommodation,324.96,E0268,Paid
EXP-001660,E0305,Human Resources,2026-01-31,Training,138.14,E0348,Paid
EXP-002559,E0471,IT,2026-01-31,Meals,71.77,E0379,Paid
EXP-003457,E0546,Operations,2026-01-31,Meals,18.7,E0933,Paid
EXP-003828,E0575,Operations,2026-01-31,Meals,110.36,E0904,Paid
EXP-004076,E0596,Operations,2026-01-31,Meals,535.61,E0908,Paid
EXP-004381,E0625,Operations,2026-01-31,Accommodation,58.86,E0926,Paid
EXP-004470,E0631,Operations,2026-01-31,Client entertainment,102.45,E0917,Paid
EXP-004495,E0633,Operations,2026-01-31,Travel,94.36,E0901,Paid
EXP-004985,E0677,Operations,2026-01-31,Travel,400.92,E0914,Paid
EXP-005184,E0693,Operations,2026-01-31,Travel,45.36,E0938,Paid
EXP-005712,E0741,Operations,2026-01-31,Travel,108.21,E0918,Paid
EXP-005855,E0754,Operations,2026-01-31,Supplies,129.6,E0924,Paid
EXP-005944,E0762,Operations,2026-01-31,Supplies,110.23,E0912,Paid
EXP-006358,E0796,Operations,2026-01-31,Training,127.38,E0937,Paid
EXP-006536,E0808,Operations,2026-01-31,Accommodation,456.64,E0898,Paid
EXP-006612,E0816,Operations,2026-01-31,Meals,157.01,E0917,Paid
EXP-006656,E0819,Operations,2026-01-31,Meals,150.5,E0929,Paid
EXP-007012,E0848,Operations,2026-01-31,Meals,41.45,E0910,Paid
EXP-007376,E0879,Operations,2026-01-31,Client entertainment,42.16,E0899,Paid
EXP-007411,E0882,Operations,2026-01-31,Travel,235.62,E0935,Paid
EXP-007789,E0911,Operations,2026-01-31,Client entertainment,338.16,E0922,Paid
EXP-007851,E0915,Operations,2026-01-31,Meals,248.98,E0911,Paid
EXP-008322,E0951,Sales,2026-01-31,Meals,17.21,E0984,Paid
EXP-008545,E0969,Sales,2026-01-31,Meals,284.38,E1033,Paid
EXP-008896,E0998,Sales,2026-01-31,Training,339.93,E1081,Paid
EXP-009303,E1032,Sales,2026-01-31,Travel,223.12,E1066,Paid
EXP-009495,E1047,Sales,2026-01-31,Training,67.4,E1071,Paid
EXP-009607,E1057,Sales,2026-01-31,Travel,105.8,E0958,Paid
EXP-009698,E1064,Sales,2026-01-31,Client entertainment,59.58,E1053,Paid
EXP-010264,E1106,Sales,2026-01-31,Training,97.36,E1040,Paid
EXP-001181,E0219,Procurement,2026-02-01,Client entertainment,63.02,E0269,Paid
EXP-001238,E0230,Procurement,2026-02-01,Training,73.35,E0274,Paid
EXP-002666,E0482,Operations,2026-02-01,Client entertainment,58.01,E0919,Paid
EXP-003126,E0520,Operations,2026-02-01,Training,98.05,E0907,Paid
EXP-003240,E0528,Operations,2026-02-01,Accommodation,331.18,E0930,Paid
EXP-004234,E0613,Operations,2026-02-01,Travel,29.11,E0929,Paid
EXP-004483,E0633,Operations,2026-02-01,Travel,246.16,E0901,Paid
EXP-005123,E0688,Operations,2026-02-01,Supplies,113.36,E0916,Paid
EXP-006079,E0772,Operations,2026-02-01,Accommodation,160.38,E0910,Paid
EXP-006160,E0779,Operations,2026-02-01,Meals,232.34,E0916,Paid
EXP-007472,E0886,Operations,2026-02-01,Client entertainment,183.17,E0914,Paid
EXP-007507,E0888,Operations,2026-02-01,Supplies,195.78,E0905,Paid
EXP-008154,E0939,Sales,2026-02-01,Supplies,90.89,E1055,Paid
EXP-008208,E0943,Sales,2026-02-01,Meals,103.63,E0972,Paid
EXP-009010,E1007,Sales,2026-02-01,Accommodation,47.75,E1022,Paid
EXP-009791,E1071,Sales,2026-02-01,Meals,224.51,E0953,Paid
EXP-009907,E1080,Sales,2026-02-01,Meals,197.1,E1048,Paid
EXP-010883,E1033,Sales,2026-02-01,Client entertainment,976.25,E1044,Paid
EXP-001383,E0257,Procurement,2026-02-02,Travel,100.94,E0279,Paid
EXP-001711,E0315,Human Resources,2026-02-02,Client entertainment,20.56,E0343,Paid
EXP-002266,E0414,IT,2026-02-02,Training,73.02,E0379,Paid
EXP-002451,E0452,IT,2026-02-02,Travel,52.89,E0379,Paid
EXP-004011,E0591,Operations,2026-02-02,Travel,65.11,E0908,Paid
EXP-004149,E0608,Operations,2026-02-02,Meals,92.88,E0929,Paid
EXP-004481,E0632,Operations,2026-02-02,Travel,54.91,E0911,Paid
EXP-005718,E0741,Operations,2026-02-02,Client entertainment,127.1,E0918,Paid
EXP-006028,E0768,Operations,2026-02-02,Travel,95.82,E0912,Paid
EXP-006267,E0788,Operations,2026-02-02,Training,45.61,E0925,Paid
EXP-006616,E0816,Operations,2026-02-02,Supplies,54.83,E0917,Paid
EXP-006864,E0836,Operations,2026-02-02,Supplies,146.64,E0899,Paid
EXP-007636,E0900,Operations,2026-02-02,Supplies,44.11,E0935,Paid
EXP-008672,E0980,Sales,2026-02-02,Meals,89.27,E1093,Paid
EXP-008792,E0988,Sales,2026-02-02,Supplies,58.6,E1030,Paid
EXP-009036,E1009,Sales,2026-02-02,Training,143.11,E1040,Paid
EXP-009064,E1011,Sales,2026-02-02,Meals,70.45,E1102,Paid
EXP-009739,E1066,Sales,2026-02-02,Training,172.28,E1052,Paid
EXP-010133,E1098,Sales,2026-02-02,Accommodation,96.84,E1042,Paid
EXP-010443,E1142,Facilities,2026-02-02,Travel,344.75,E1121,Paid
EXP-010534,E1158,Facilities,2026-02-02,Accommodation,39.29,E1121,Paid
EXP-000820,E0155,Finance,2026-02-03,Supplies,113.04,E0198,Paid
EXP-001273,E0238,Procurement,2026-02-03,Travel,53.27,E0270,Paid
EXP-002709,E0486,Operations,2026-02-03,Supplies,55.84,E0912,Paid
EXP-002737,E0487,Operations,2026-02-03,Meals,445.54,E0937,Paid
EXP-002861,E0498,Operations,2026-02-03,Client entertainment,100.16,E0934,Paid
EXP-003169,E0523,Operations,2026-02-03,Travel,143.08,E0920,Paid
EXP-004184,E0611,Operations,2026-02-03,Training,9.59,E0908,Paid
EXP-004337,E0621,Operations,2026-02-03,Training,65.33,E0922,Paid
EXP-005069,E0683,Operations,2026-02-03,Meals,101.06,E0910,Paid
EXP-005340,E0706,Operations,2026-02-03,Meals,169.29,E0918,Paid
EXP-005403,E0716,Operations,2026-02-03,Accommodation,69.47,E0937,Paid
EXP-005462,E0720,Operations,2026-02-03,Accommodation,48.17,E0920,Paid
EXP-005560,E0727,Operations,2026-02-03,Client entertainment,207.53,E0906,Paid
EXP-005578,E0729,Operations,2026-02-03,Supplies,40.12,E0906,Paid
EXP-006039,E0769,Operations,2026-02-03,Client entertainment,47.37,E0928,Paid
EXP-006192,E0783,Operations,2026-02-03,Training,447.19,E0918,Paid
EXP-006304,E0791,Operations,2026-02-03,Meals,85.26,E0910,Paid
EXP-007305,E0873,Operations,2026-02-03,Meals,54.42,E0914,Paid
EXP-007321,E0876,Operations,2026-02-03,Training,98.91,E0911,Paid
EXP-007953,E0923,Operations,2026-02-03,Training,94.63,E0914,Paid
EXP-008318,E0951,Sales,2026-02-03,Supplies,17.53,E0984,Paid
EXP-009054,E1010,Sales,2026-02-03,Travel,124.34,E0980,Paid
EXP-010125,E1097,Sales,2026-02-03,Accommodation,2700.65,E1030,Paid
EXP-000003,E0001,Finance,2026-02-04,Travel,329.73,E0209,Paid
EXP-000040,E0009,Finance,2026-02-04,Travel,70.51,E0199,Paid
EXP-000150,E0032,Finance,2026-02-04,Meals,145.95,E0194,Paid
EXP-000258,E0047,Finance,2026-02-04,Travel,217.81,E0195,Paid
EXP-000486,E0090,Finance,2026-02-04,Training,87.09,E0208,Paid
EXP-000542,E0101,Finance,2026-02-04,Travel,183.82,E0208,Paid
EXP-001038,E0189,Finance,2026-02-04,Supplies,64.84,E0198,Paid
EXP-001234,E0229,Procurement,2026-02-04,Meals,390.19,E0272,Paid
EXP-001328,E0248,Procurement,2026-02-04,Supplies,109.38,E0270,Paid
EXP-002057,E0377,Human Resources,2026-02-04,Meals,9.12,E0344,Paid
EXP-002098,E0383,IT,2026-02-04,Meals,23.18,E0379,Paid
EXP-002578,E0474,IT,2026-02-04,Travel,142.23,E0379,Paid
EXP-004477,E0632,Operations,2026-02-04,Travel,42.07,E0911,Paid
EXP-004696,E0650,Operations,2026-02-04,Accommodation,179.88,E0925,Paid
EXP-005140,E0690,Operations,2026-02-04,Client entertainment,18.75,E0918,Paid
EXP-005675,E0737,Operations,2026-02-04,Accommodation,50.95,E0915,Paid
EXP-005721,E0741,Operations,2026-02-04,Travel,74.58,E0918,Paid
EXP-005840,E0754,Operations,2026-02-04,Travel,78.6,E0924,Paid
EXP-005985,E0765,Operations,2026-02-04,Travel,18.59,E0912,Paid
EXP-006174,E0781,Operations,2026-02-04,Training,94.75,E0936,Paid
EXP-006324,E0793,Operations,2026-02-04,Meals,85.42,E0899,Paid
EXP-006700,E0824,Operations,2026-02-04,Meals,663.59,E0930,Paid
EXP-007028,E0849,Operations,2026-02-04,Client entertainment,23.94,E0932,Paid
EXP-007421,E0882,Operations,2026-02-04,Training,108.04,E0935,Paid
EXP-007630,E0900,Operations,2026-02-04,Meals,34.55,E0935,Paid
EXP-009580,E1055,Sales,2026-02-04,Meals,45.28,E1098,Paid
EXP-009744,E1066,Sales,2026-02-04,Travel,25.99,E1052,Paid
EXP-010516,E1155,Facilities,2026-02-04,Supplies,237.03,E1121,Paid
EXP-010629,E1175,Facilities,2026-02-04,Travel,96.98,E1121,Paid
EXP-010684,E1185,Facilities,2026-02-04,Training,276.1,E1121,Paid
EXP-010710,E1188,Facilities,2026-02-04,Client entertainment,103.22,E1121,Paid
EXP-000558,E0104,Finance,2026-02-05,Travel,55.2,E0190,Paid
EXP-000788,E0143,Finance,2026-02-05,Client entertainment,56.64,E0193,Paid
EXP-000833,E0158,Finance,2026-02-05,Supplies,287.6,E0202,Paid
EXP-000837,E0159,Finance,2026-02-05,Travel,128.92,E0202,Paid
EXP-001339,E0250,Procurement,2026-02-05,Client entertainment,246.6,E0279,Paid
EXP-001962,E0360,Human Resources,2026-02-05,Client entertainment,301.01,E0348,Paid
EXP-002068,E0380,IT,2026-02-05,Accommodation,120.45,E0379,Paid
EXP-002641,E0481,Operations,2026-02-05,Training,140.06,E0927,Paid
EXP-002988,E0508,Operations,2026-02-05,Meals,288.35,E0929,Paid
EXP-003435,E0545,Operations,2026-02-05,Supplies,15.76,E0931,Paid
EXP-003470,E0547,Operations,2026-02-05,Travel,96.48,E0933,Paid
EXP-003892,E0581,Operations,2026-02-05,Meals,114.25,E0915,Paid
EXP-004360,E0623,Operations,2026-02-05,Training,36.13,E0909,Paid
EXP-004875,E0669,Operations,2026-02-05,Training,37.6,E0900,Paid
EXP-004996,E0678,Operations,2026-02-05,Client entertainment,222.28,E0918,Paid
EXP-005004,E0679,Operations,2026-02-05,Client entertainment,96.49,E0914,Paid
EXP-005119,E0688,Operations,2026-02-05,Supplies,230.15,E0916,Paid
EXP-005306,E0703,Operations,2026-02-05,Training,76.41,E0900,Paid
EXP-006102,E0773,Operations,2026-02-05,Accommodation,72.41,E0936,Paid
EXP-006982,E0845,Operations,2026-02-05,Accommodation,69.53,E0916,Paid
EXP-007071,E0852,Operations,2026-02-05,Accommodation,59.15,E0914,Paid
EXP-007554,E0892,Operations,2026-02-05,Training,301.14,E0899,Paid
EXP-008915,E0999,Sales,2026-02-05,Supplies,383.0,E0992,Paid
EXP-009372,E1036,Sales,2026-02-05,Accommodation,147.32,E1092,Paid
EXP-009571,E1053,Sales,2026-02-05,Supplies,166.06,E0987,Paid
EXP-009641,E1060,Sales,2026-02-05,Training,60.67,E1069,Paid
EXP-009936,E1081,Sales,2026-02-05,Training,216.21,E1047,Paid
EXP-010302,E1111,Legal,2026-02-05,Training,52.27,E1118,Paid
EXP-010383,E1125,Facilities,2026-02-05,Supplies,22.0,E1121,Paid
EXP-010733,E1192,Facilities,2026-02-05,Client entertainment,39.71,E1121,Paid
EXP-000778,E0142,Finance,2026-02-06,Accommodation,53.84,E0198,Paid
EXP-000799,E0146,Finance,2026-02-06,Meals,71.34,E0192,Paid
EXP-000875,E0165,Finance,2026-02-06,Supplies,27.64,E0208,Paid
EXP-000976,E0180,Finance,2026-02-06,Accommodation,257.65,E0208,Paid
EXP-001342,E0250,Procurement,2026-02-06,Travel,217.95,E0279,Paid
EXP-001813,E0333,Human Resources,2026-02-06,Training,27.12,E0349,Paid
EXP-001911,E0351,Human Resources,2026-02-06,Supplies,85.83,E0346,Paid
EXP-002449,E0450,IT,2026-02-06,Travel,136.06,E0379,Paid
EXP-002565,E0472,IT,2026-02-06,Meals,73.58,E0379,Paid
EXP-003394,E0542,Operations,2026-02-06,Accommodation,9.94,E0898,Paid
EXP-003817,E0574,Operations,2026-02-06,Accommodation,75.52,E0927,Paid
EXP-004669,E0648,Operations,2026-02-06,Training,119.18,E0909,Paid
EXP-005071,E0683,Operations,2026-02-06,Client entertainment,92.48,E0910,Paid
EXP-005561,E0727,Operations,2026-02-06,Accommodation,338.48,E0906,Paid
EXP-005952,E0763,Operations,2026-02-06,Training,87.21,E0914,Paid
EXP-006072,E0771,Operations,2026-02-06,Travel,195.29,E0933,Paid
EXP-006135,E0776,Operations,2026-02-06,Client entertainment,37.63,E0926,Paid
EXP-006470,E0803,Operations,2026-02-06,Travel,60.19,E0930,Paid
EXP-007728,E0907,Operations,2026-02-06,Supplies,130.86,E0938,Paid
EXP-007839,E0914,Operations,2026-02-06,Travel,505.43,E0001,Paid
EXP-007857,E0916,Operations,2026-02-06,Client entertainment,56.48,E0001,Paid
EXP-008032,E0928,Operations,2026-02-06,Supplies,65.93,E0929,Paid
EXP-008075,E0932,Operations,2026-02-06,Supplies,6.37,E0930,Paid
EXP-008547,E0969,Sales,2026-02-06,Client entertainment,65.84,E1033,Paid
EXP-008830,E0992,Sales,2026-02-06,Travel,48.27,E1060,Paid
EXP-008910,E0998,Sales,2026-02-06,Travel,124.7,E1081,Paid
EXP-009111,E1017,Sales,2026-02-06,Training,68.62,E1065,Paid
EXP-009520,E1050,Sales,2026-02-06,Meals,389.58,E1011,Paid
EXP-009556,E1053,Sales,2026-02-06,Accommodation,32.69,E0987,Paid
EXP-010045,E1092,Sales,2026-02-06,Supplies,102.97,E1057,Paid
EXP-010313,E1113,Legal,2026-02-06,Client entertainment,65.19,E1120,Paid
EXP-010805,E1203,Facilities,2026-02-06,Supplies,238.54,E1121,Paid
EXP-010879,E1033,Sales,2026-02-06,Client entertainment,979.09,E1044,Paid
EXP-000092,E0019,Finance,2026-02-07,Training,85.74,E0197,Paid
EXP-000199,E0039,Finance,2026-02-07,Meals,118.52,E0190,Paid
EXP-000251,E0046,Finance,2026-02-07,Supplies,117.41,E0210,Paid
EXP-001266,E0237,Procurement,2026-02-07,Supplies,83.94,E0267,Paid
EXP-001367,E0253,Procurement,2026-02-07,Travel,89.5,E0272,Paid
EXP-001450,E0269,Procurement,2026-02-07,Meals,110.78,E0278,Paid
EXP-001851,E0339,Human Resources,2026-02-07,Meals,105.16,E0341,Paid
EXP-002045,E0375,Human Resources,2026-02-07,Training,132.96,E0378,Paid
EXP-002116,E0387,IT,2026-02-07,Travel,54.73,E0379,Paid
EXP-002611,E0479,Operations,2026-02-07,Supplies,171.95,E0925,Paid
EXP-002653,E0481,Operations,2026-02-07,Training,404.45,E0927,Paid
EXP-002947,E0504,Operations,2026-02-07,Travel,131.42,E0933,Paid
EXP-003432,E0544,Operations,2026-02-07,Accommodation,144.09,E0901,Paid
EXP-004086,E0597,Operations,2026-02-07,Accommodation,31.78,E0910,Paid
EXP-004280,E0617,Operations,2026-02-07,Accommodation,119.67,E0933,Paid
EXP-004701,E0651,Operations,2026-02-07,Meals,97.17,E0917,Paid
EXP-005062,E0683,Operations,2026-02-07,Supplies,65.49,E0910,Paid
EXP-005350,E0708,Operations,2026-02-07,Travel,129.48,E0907,Paid
EXP-005376,E0712,Operations,2026-02-07,Accommodation,177.47,E0925,Paid
EXP-005424,E0718,Operations,2026-02-07,Client entertainment,29.71,E0913,Paid
EXP-005527,E0725,Operations,2026-02-07,Client entertainment,270.59,E0917,Paid
EXP-006229,E0786,Operations,2026-02-07,Training,90.19,E0901,Paid
EXP-006574,E0812,Operations,2026-02-07,Travel,70.68,E0908,Paid
EXP-006596,E0813,Operations,2026-02-07,Travel,491.99,E0901,Paid
EXP-006665,E0819,Operations,2026-02-07,Training,74.23,E0929,Paid
EXP-006941,E0841,Operations,2026-02-07,Training,39.28,E0919,Paid
EXP-007105,E0855,Operations,2026-02-07,Client entertainment,147.85,E0925,Paid
EXP-007341,E0877,Operations,2026-02-07,Training,42.15,E0909,Paid
EXP-007493,E0887,Operations,2026-02-07,Travel,253.91,E0926,Paid
EXP-008262,E0946,Sales,2026-02-07,Training,237.93,E0992,Paid
EXP-008352,E0955,Sales,2026-02-07,Training,40.38,E1069,Paid
EXP-008597,E0973,Sales,2026-02-07,Meals,116.58,E0986,Paid
EXP-008674,E0980,Sales,2026-02-07,Meals,451.68,E1093,Paid
EXP-008854,E0993,Sales,2026-02-07,Accommodation,141.2,E1048,Paid
EXP-008876,E0995,Sales,2026-02-07,Supplies,52.77,E0997,Paid
EXP-009592,E1056,Sales,2026-02-07,Accommodation,132.72,E1074,Paid
EXP-010014,E1090,Sales,2026-02-07,Supplies,126.61,E0999,Paid
EXP-010210,E1104,Sales,2026-02-07,Meals,46.95,E1056,Paid
EXP-010396,E1128,Facilities,2026-02-07,Travel,161.78,E1121,Paid
EXP-010570,E1165,Facilities,2026-02-07,Supplies,254.71,E1121,Paid
EXP-010647,E1176,Facilities,2026-02-07,Travel,116.55,E1121,Paid
EXP-010784,E1201,Facilities,2026-02-07,Training,24.8,E1121,Paid
EXP-000057,E0014,Finance,2026-02-08,Client entertainment,17.05,E0199,Paid
EXP-000104,E0022,Finance,2026-02-08,Supplies,34.65,E0197,Paid
EXP-000773,E0141,Finance,2026-02-08,Supplies,29.53,E0192,Paid
EXP-000949,E0175,Finance,2026-02-08,Accommodation,79.91,E0195,Paid
EXP-000996,E0183,Finance,2026-02-08,Training,75.34,E0198,Paid
EXP-001045,E0190,Finance,2026-02-08,Training,7.6,E0196,Paid
EXP-001098,E0198,Finance,2026-02-08,Accommodation,92.67,E0200,Paid
EXP-001142,E0212,Procurement,2026-02-08,Supplies,258.68,E0269,Paid
EXP-001735,E0319,Human Resources,2026-02-08,Travel,41.18,E0338,Paid
EXP-001897,E0350,Human Resources,2026-02-08,Client entertainment,108.85,E0348,Paid
EXP-001926,E0354,Human Resources,2026-02-08,Meals,50.46,E0337,Paid
EXP-002432,E0447,IT,2026-02-08,Supplies,157.45,E0379,Paid
EXP-002795,E0493,Operations,2026-02-08,Supplies,168.98,E0932,Paid
EXP-004014,E0591,Operations,2026-02-08,Training,281.0,E0908,Paid
EXP-004408,E0626,Operations,2026-02-08,Travel,15.02,E0910,Paid
EXP-004496,E0633,Operations,2026-02-08,Client entertainment,95.45,E0901,Paid
EXP-006338,E0793,Operations,2026-02-08,Training,80.53,E0899,Paid
EXP-007307,E0873,Operations,2026-02-08,Accommodation,28.58,E0914,Paid
EXP-007353,E0878,Operations,2026-02-08,Meals,245.83,E0923,Paid
EXP-007407,E0882,Operations,2026-02-08,Travel,141.68,E0935,Paid
EXP-007881,E0917,Operations,2026-02-08,Meals,25.89,E0903,Paid
EXP-007994,E0926,Operations,2026-02-08,Travel,53.07,E0906,Paid
EXP-009151,E1020,Sales,2026-02-08,Travel,295.61,E1081,Paid
EXP-009519,E1050,Sales,2026-02-08,Meals,210.36,E1011,Paid
EXP-010497,E1153,Facilities,2026-02-08,Meals,373.18,E1121,Paid
EXP-010581,E1166,Facilities,2026-02-08,Accommodation,103.97,E1121,Paid
EXP-010776,E1200,Facilities,2026-02-08,Training,49.96,E1121,Paid
EXP-010944,E0212,Procurement,2026-02-08,Supplies,258.68,E0269,Paid
EXP-000039,E0009,Finance,2026-02-09,Travel,420.52,E0199,Paid
EXP-000231,E0043,Finance,2026-02-09,Supplies,156.02,E0207,Paid
EXP-002001,E0368,Human Resources,2026-02-09,Training,122.39,E0346,Paid
EXP-002817,E0495,Operations,2026-02-09,Meals,254.78,E0900,Paid
EXP-003052,E0514,Operations,2026-02-09,Travel,58.83,E0907,Paid
EXP-003079,E0516,Operations,2026-02-09,Client entertainment,440.46,E0934,Paid
EXP-003142,E0521,Operations,2026-02-09,Meals,42.22,E0917,Paid
EXP-003397,E0542,Operations,2026-02-09,Accommodation,247.72,E0898,Paid
EXP-003682,E0563,Operations,2026-02-09,Accommodation,59.96,E0916,Paid
EXP-003772,E0571,Operations,2026-02-09,Travel,170.96,E0906,Paid
EXP-003900,E0582,Operations,2026-02-09,Accommodation,196.46,E0898,Paid
EXP-004000,E0590,Operations,2026-02-09,Training,50.27,E0926,Paid
EXP-004180,E0611,Operations,2026-02-09,Training,75.55,E0908,Paid
EXP-004356,E0623,Operations,2026-02-09,Supplies,572.84,E0909,Paid
EXP-004469,E0631,Operations,2026-02-09,Travel,237.15,E0917,Paid
EXP-004729,E0653,Operations,2026-02-09,Training,135.05,E0936,Paid
EXP-004976,E0677,Operations,2026-02-09,Supplies,123.57,E0914,Paid
EXP-005586,E0730,Operations,2026-02-09,Client entertainment,10.4,E0900,Paid
EXP-007367,E0878,Operations,2026-02-09,Client entertainment,874.77,E0923,Paid
EXP-007401,E0881,Operations,2026-02-09,Training,50.41,E0910,Paid
EXP-007418,E0882,Operations,2026-02-09,Supplies,74.67,E0935,Paid
EXP-007560,E0892,Operations,2026-02-09,Travel,39.11,E0899,Paid
EXP-008340,E0954,Sales,2026-02-09,Travel,88.53,E1085,Paid
EXP-008540,E0969,Sales,2026-02-09,Client entertainment,64.37,E1033,Paid
EXP-009039,E1009,Sales,2026-02-09,Training,258.33,E1040,Paid
EXP-009125,E1018,Sales,2026-02-09,Training,129.11,E1019,Paid
EXP-009402,E1038,Sales,2026-02-09,Meals,59.63,E1055,Paid
EXP-009712,E1064,Sales,2026-02-09,Meals,107.81,E1053,Paid
EXP-010090,E1096,Sales,2026-02-09,Accommodation,136.61,E0968,Paid
EXP-010475,E1148,Facilities,2026-02-09,Travel,102.7,E1121,Paid
EXP-010623,E1174,Facilities,2026-02-09,Supplies,34.43,E1121,Paid
EXP-010654,E1178,Facilities,2026-02-09,Training,89.9,E1121,Paid
EXP-010764,E1197,Facilities,2026-02-09,Accommodation,231.17,E1121,Paid
EXP-010774,E1200,Facilities,2026-02-09,Training,91.62,E1121,Paid
EXP-000126,E0027,Finance,2026-02-10,Client entertainment,54.57,E0206,Paid
EXP-000602,E0110,Finance,2026-02-10,Client entertainment,430.81,E0202,Paid
EXP-001034,E0189,Finance,2026-02-10,Training,200.49,E0198,Paid
EXP-001812,E0333,Human Resources,2026-02-10,Meals,93.73,E0349,Paid
EXP-001890,E0348,Human Resources,2026-02-10,Training,117.85,E0345,Paid
EXP-002421,E0445,IT,2026-02-10,Supplies,18.09,E0379,Paid
EXP-003539,E0552,Operations,2026-02-10,Supplies,91.59,E0911,Paid
EXP-003857,E0578,Operations,2026-02-10,Accommodation,80.7,E0901,Paid
EXP-003917,E0583,Operations,2026-02-10,Accommodation,132.18,E0907,Paid
EXP-004663,E0648,Operations,2026-02-10,Client entertainment,228.87,E0909,Paid
EXP-005177,E0692,Operations,2026-02-10,Travel,54.4,E0930,Paid
EXP-005509,E0724,Operations,2026-02-10,Client entertainment,57.09,E0925,Paid
EXP-005764,E0745,Operations,2026-02-10,Training,70.38,E0938,Paid
EXP-005770,E0746,Operations,2026-02-10,Meals,137.15,E0930,Paid
EXP-005815,E0751,Operations,2026-02-10,Client entertainment,527.23,E0912,Paid
EXP-006435,E0801,Operations,2026-02-10,Meals,190.19,E0903,Paid
EXP-006495,E0805,Operations,2026-02-10,Accommodation,56.07,E0900,Paid
EXP-006565,E0811,Operations,2026-02-10,Client entertainment,252.23,E0926,Paid
EXP-006983,E0845,Operations,2026-02-10,Travel,127.84,E0916,Paid
EXP-007016,E0848,Operations,2026-02-10,Training,457.76,E0910,Paid
EXP-007752,E0909,Operations,2026-02-10,Travel,132.62,E0922,Paid
EXP-008233,E0945,Sales,2026-02-10,Supplies,435.27,E1064,Paid
EXP-008392,E0957,Sales,2026-02-10,Travel,36.87,E1032,Paid
EXP-008506,E0966,Sales,2026-02-10,Travel,332.6,E1012,Paid
EXP-009044,E1009,Sales,2026-02-10,Client entertainment,10.13,E1040,Paid
EXP-009567,E1053,Sales,2026-02-10,Accommodation,70.79,E0987,Paid
EXP-000218,E0041,Finance,2026-02-11,Meals,53.29,E0205,Paid
EXP-000840,E0159,Finance,2026-02-11,Travel,65.02,E0202,Paid
EXP-001887,E0347,Human Resources,2026-02-11,Travel,80.77,E0345,Paid
EXP-002075,E0380,IT,2026-02-11,Travel,123.81,E0379,Paid
EXP-002229,E0407,IT,2026-02-11,Client entertainment,143.89,E0379,Paid
EXP-002454,E0452,IT,2026-02-11,Training,130.52,E0379,Paid
EXP-002549,E0469,IT,2026-02-11,Training,375.01,E0379,Paid
EXP-002665,E0482,Operations,2026-02-11,Accommodation,135.19,E0919,Paid
EXP-002723,E0486,Operations,2026-02-11,Training,205.08,E0912,Paid
EXP-003848,E0578,Operations,2026-02-11,Supplies,96.12,E0901,Paid
EXP-004015,E0591,Operations,2026-02-11,Training,51.74,E0908,Paid
EXP-004370,E0624,Operations,2026-02-11,Travel,46.86,E0913,Paid
EXP-004814,E0661,Operations,2026-02-11,Client entertainment,13.82,E0916,Paid
EXP-004861,E0668,Operations,2026-02-11,Travel,396.64,E0913,Paid
EXP-004874,E0669,Operations,2026-02-11,Client entertainment,78.09,E0900,Paid
EXP-005297,E0702,Operations,2026-02-11,Training,64.5,E0897,Paid
EXP-005370,E0712,Operations,2026-02-11,Training,88.5,E0925,Paid
EXP-005656,E0736,Operations,2026-02-11,Meals,112.55,E0902,Paid
EXP-005803,E0750,Operations,2026-02-11,Client entertainment,330.85,E0910,Paid
EXP-005900,E0759,Operations,2026-02-11,Meals,50.82,E0904,Paid
EXP-006158,E0778,Operations,2026-02-11,Accommodation,103.98,E0906,Paid
EXP-006530,E0808,Operations,2026-02-11,Meals,103.47,E0898,Paid
EXP-006913,E0840,Operations,2026-02-11,Training,352.36,E0907,Paid
EXP-006929,E0841,Operations,2026-02-11,Client entertainment,118.26,E0919,Paid
EXP-007639,E0900,Operations,2026-02-11,Training,117.95,E0935,Paid
EXP-008053,E0930,Operations,2026-02-11,Meals,429.54,E0899,Paid
EXP-008258,E0946,Sales,2026-02-11,Accommodation,173.81,E0992,Paid
EXP-008270,E0947,Sales,2026-02-11,Training,33.17,E1033,Paid
EXP-008845,E0993,Sales,2026-02-11,Client entertainment,301.29,E1048,Paid
EXP-009351,E1035,Sales,2026-02-11,Supplies,260.83,E0967,Paid
EXP-009807,E1072,Sales,2026-02-11,Client entertainment,107.71,E0973,Paid
EXP-010734,E1192,Facilities,2026-02-11,Supplies,86.1,E1121,Paid
EXP-000276,E0050,Finance,2026-02-12,Accommodation,84.22,E0190,Paid
EXP-000531,E0098,Finance,2026-02-12,Supplies,120.25,E0204,Paid
EXP-000659,E0120,Finance,2026-02-12,Client entertainment,95.02,E0120,Paid
EXP-000723,E0133,Finance,2026-02-12,Accommodation,55.06,E0195,Paid
EXP-001197,E0221,Procurement,2026-02-12,Meals,136.27,E0278,Paid
EXP-001311,E0244,Procurement,2026-02-12,Travel,110.53,E0268,Paid
EXP-001374,E0255,Procurement,2026-02-12,Client entertainment,161.1,E0269,Paid
EXP-001427,E0264,Procurement,2026-02-12,Training,74.9,E0275,Paid
EXP-001609,E0294,Procurement,2026-02-12,Travel,61.9,E0277,Paid
EXP-002149,E0393,IT,2026-02-12,Travel,192.94,E0379,Paid
EXP-002186,E0402,IT,2026-02-12,Supplies,78.15,E0379,Paid
EXP-002262,E0414,IT,2026-02-12,Travel,87.61,E0379,Paid
EXP-002916,E0501,Operations,2026-02-12,Client entertainment,51.27,E0903,Paid
EXP-003619,E0559,Operations,2026-02-12,Travel,105.6,E0917,Paid
EXP-003896,E0581,Operations,2026-02-12,Supplies,106.33,E0915,Paid
EXP-004092,E0599,Operations,2026-02-12,Meals,161.87,E0909,Paid
EXP-004362,E0623,Operations,2026-02-12,Client entertainment,500.25,E0909,Paid
EXP-004506,E0635,Operations,2026-02-12,Travel,115.24,E0928,Paid
EXP-004697,E0650,Operations,2026-02-12,Travel,100.93,E0925,Paid
EXP-005032,E0681,Operations,2026-02-12,Client entertainment,111.44,E0911,Paid
EXP-005050,E0682,Operations,2026-02-12,Supplies,72.09,E0899,Paid
EXP-005111,E0688,Operations,2026-02-12,Training,28.4,E0916,Paid
EXP-005472,E0721,Operations,2026-02-12,Travel,132.1,E0914,Paid
EXP-005861,E0754,Operations,2026-02-12,Travel,82.84,E0924,Paid
EXP-005998,E0766,Operations,2026-02-12,Meals,42.16,E0900,Paid
EXP-006268,E0788,Operations,2026-02-12,Travel,25.33,E0925,Paid
EXP-006528,E0808,Operations,2026-02-12,Training,76.6,E0898,Paid
EXP-006532,E0808,Operations,2026-02-12,Client entertainment,545.6,E0898,Paid
EXP-006678,E0820,Operations,2026-02-12,Travel,110.26,E0926,Paid
EXP-007717,E0907,Operations,2026-02-12,Accommodation,73.76,E0938,Paid
EXP-008364,E0956,Sales,2026-02-12,Meals,74.15,E1104,Paid
EXP-008473,E0964,Sales,2026-02-12,Meals,150.02,E1105,Paid
EXP-008726,E0983,Sales,2026-02-12,Supplies,62.12,E0942,Paid
EXP-009728,E1065,Sales,2026-02-12,Accommodation,82.94,E1029,Paid
EXP-010158,E1100,Sales,2026-02-12,Travel,280.63,E1058,Paid
EXP-010388,E1126,Facilities,2026-02-12,Training,253.49,E1121,Paid
EXP-010471,E1147,Facilities,2026-02-12,Client entertainment,626.18,E1121,Paid
EXP-010661,E1179,Facilities,2026-02-12,Training,57.16,E1121,Paid
EXP-010706,E1188,Facilities,2026-02-12,Client entertainment,496.73,E1121,Paid
EXP-010918,E1043,Sales,2026-02-12,Client entertainment,958.06,E1099,Paid
EXP-000031,E0008,Finance,2026-02-13,Client entertainment,529.96,E0194,Paid
EXP-000062,E0015,Finance,2026-02-13,Accommodation,98.54,E0192,Paid
EXP-000388,E0072,Finance,2026-02-13,Travel,111.04,E0198,Paid
EXP-000666,E0121,Finance,2026-02-13,Training,78.17,E0200,Paid
EXP-000956,E0177,Finance,2026-02-13,Accommodation,27.44,E0197,Paid
EXP-001144,E0212,Procurement,2026-02-13,Accommodation,141.07,E0269,Paid
EXP-001282,E0239,Procurement,2026-02-13,Travel,140.81,E0277,Paid
EXP-001290,E0241,Procurement,2026-02-13,Accommodation,33.72,E0278,Paid
EXP-002555,E0471,IT,2026-02-13,Client entertainment,38.79,E0379,Paid
EXP-002620,E0480,Operations,2026-02-13,Training,169.8,E0903,Paid
EXP-002707,E0486,Operations,2026-02-13,Accommodation,72.11,E0912,Paid
EXP-002765,E0490,Operations,2026-02-13,Meals,74.38,E0923,Paid
EXP-003020,E0510,Operations,2026-02-13,Client entertainment,69.21,E0920,Paid
EXP-004507,E0635,Operations,2026-02-13,Client entertainment,120.2,E0928,Paid
EXP-004807,E0661,Operations,2026-02-13,Accommodation,290.22,E0916,Paid
EXP-005000,E0679,Operations,2026-02-13,Accommodation,185.99,E0914,Paid
EXP-005179,E0692,Operations,2026-02-13,Client entertainment,75.65,E0930,Paid
EXP-005329,E0705,Operations,2026-02-13,Client entertainment,119.99,E0936,Paid
EXP-005532,E0725,Operations,2026-02-13,Travel,69.99,E0917,Paid
EXP-006296,E0791,Operations,2026-02-13,Client entertainment,156.9,E0910,Paid
EXP-006353,E0796,Operations,2026-02-13,Training,156.88,E0796,Paid
EXP-006558,E0811,Operations,2026-02-13,Supplies,97.34,E0926,Paid
EXP-006642,E0818,Operations,2026-02-13,Meals,35.19,E0931,Paid
EXP-006879,E0837,Operations,2026-02-13,Training,227.99,E0936,Paid
EXP-006991,E0845,Operations,2026-02-13,Client entertainment,77.74,E0916,Paid
EXP-007081,E0853,Operations,2026-02-13,Training,177.83,E0930,Paid
EXP-007559,E0892,Operations,2026-02-13,Client entertainment,16.81,E0899,Paid
EXP-007871,E0917,Operations,2026-02-13,Accommodation,320.87,E0903,Paid
EXP-008048,E0930,Operations,2026-02-13,Client entertainment,36.61,E0899,Paid
EXP-008314,E0951,Sales,2026-02-13,Client entertainment,32.68,E0984,Paid
EXP-008746,E0984,Sales,2026-02-13,Training,61.08,E1104,Paid
EXP-008929,E1000,Sales,2026-02-13,Accommodation,103.74,E0989,Paid
EXP-009478,E1045,Sales,2026-02-13,Supplies,148.34,E0986,Paid
EXP-010665,E1179,Facilities,2026-02-13,Travel,77.93,E1121,Paid
EXP-010690,E1185,Facilities,2026-02-13,Training,96.14,E1121,Paid
EXP-010825,E0965,Sales,2026-02-13,Client entertainment,972.79,E0976,Paid
EXP-002138,E0392,IT,2026-02-14,Training,143.63,E0379,Paid
EXP-002694,E0485,Operations,2026-02-14,Supplies,20.12,E0903,Paid
EXP-002772,E0490,Operations,2026-02-14,Client entertainment,168.42,E0923,Paid
EXP-002816,E0495,Operations,2026-02-14,Meals,64.29,E0900,Paid
EXP-003999,E0590,Operations,2026-02-14,Supplies,111.64,E0926,Paid
EXP-004066,E0596,Operations,2026-02-14,Meals,42.29,E0908,Paid
EXP-004284,E0617,Operations,2026-02-14,Accommodation,268.44,E0933,Paid
EXP-004747,E0654,Operations,2026-02-14,Training,27.49,E0930,Paid
EXP-005500,E0723,Operations,2026-02-14,Training,151.48,E0919,Paid
EXP-005535,E0725,Operations,2026-02-14,Accommodation,214.88,E0917,Paid
EXP-005830,E0753,Operations,2026-02-14,Client entertainment,500.97,E0932,Paid
EXP-005856,E0754,Operations,2026-02-14,Meals,137.78,E0924,Paid
EXP-005953,E0763,Operations,2026-02-14,Travel,23.15,E0914,Paid
EXP-006235,E0786,Operations,2026-02-14,Travel,26.55,E0901,Paid
EXP-007577,E0894,Operations,2026-02-14,Training,37.8,E0908,Paid
EXP-008111,E0935,Operations,2026-02-14,Accommodation,139.17,E0900,Paid
EXP-008901,E0998,Sales,2026-02-14,Supplies,87.07,E1081,Paid
EXP-009076,E1011,Sales,2026-02-14,Supplies,81.66,E1102,Paid
EXP-009102,E1016,Sales,2026-02-14,Meals,84.26,E1070,Paid
EXP-009926,E1081,Sales,2026-02-14,Training,132.41,E1047,Paid
EXP-010093,E1096,Sales,2026-02-14,Client entertainment,69.21,E0968,Paid
EXP-010282,E1108,Legal,2026-02-14,Training,121.9,E1110,Paid
EXP-010673,E1182,Facilities,2026-02-14,Travel,10.23,E1121,Paid
EXP-010813,E0965,Sales,2026-02-14,Client entertainment,986.82,E0976,Paid
EXP-000064,E0015,Finance,2026-02-15,Training,39.16,E0192,Paid
EXP-001766,E0325,Human Resources,2026-02-15,Training,57.05,E0344,Paid
EXP-002317,E0423,IT,2026-02-15,Supplies,83.0,E0379,Paid
EXP-003596,E0557,Operations,2026-02-15,Accommodation,127.07,E0897,Paid
EXP-003977,E0588,Operations,2026-02-15,Supplies,14.67,E0932,Paid
EXP-004649,E0647,Operations,2026-02-15,Client entertainment,79.23,E0934,Paid
EXP-004855,E0665,Operations,2026-02-15,Client entertainment,134.94,E0922,Paid
EXP-005440,E0719,Operations,2026-02-15,Supplies,151.26,E0914,Paid
EXP-005550,E0727,Operations,2026-02-15,Accommodation,63.87,E0906,Paid
EXP-005565,E0728,Operations,2026-02-15,Travel,51.3,E0900,Paid
EXP-006148,E0778,Operations,2026-02-15,Client entertainment,34.45,E0906,Paid
EXP-006377,E0798,Operations,2026-02-15,Training,147.03,E0932,Paid
EXP-006609,E0816,Operations,2026-02-15,Client entertainment,111.9,E0917,Paid
EXP-007357,E0878,Operations,2026-02-15,Travel,28.02,E0923,Paid
EXP-008247,E0946,Sales,2026-02-15,Accommodation,37.33,E0992,Paid
EXP-009045,E1009,Sales,2026-02-15,Training,109.35,E1040,Paid
EXP-009153,E1020,Sales,2026-02-15,Supplies,45.26,E1081,Paid
EXP-009490,E1047,Sales,2026-02-15,Training,108.09,E1071,Paid
EXP-010132,E1098,Sales,2026-02-15,Accommodation,121.32,E1042,Paid
EXP-010431,E1139,Facilities,2026-02-15,Meals,27.99,E1121,Paid
EXP-010952,E0641,Operations,2026-02-15,Supplies,500.0,E0912,Paid
EXP-002176,E0400,IT,2026-02-16,Supplies,129.39,E0379,Paid
EXP-002495,E0458,IT,2026-02-16,Accommodation,86.33,E0379,Paid
EXP-002851,E0496,Operations,2026-02-16,Training,54.28,E0899,Paid
EXP-004435,E0628,Operations,2026-02-16,Travel,188.8,E0912,Paid
EXP-005643,E0735,Operations,2026-02-16,Meals,202.06,E0915,Paid
EXP-005761,E0745,Operations,2026-02-16,Accommodation,248.74,E0938,Paid
EXP-006987,E0845,Operations,2026-02-16,Training,54.24,E0916,Paid
EXP-007282,E0871,Operations,2026-02-16,Accommodation,26.64,E0899,Paid
EXP-007456,E0885,Operations,2026-02-16,Client entertainment,57.06,E0914,Paid
EXP-007676,E0903,Operations,2026-02-16,Meals,20.12,E0931,Paid
EXP-007918,E0921,Operations,2026-02-16,Supplies,39.11,E0916,Paid
EXP-008029,E0928,Operations,2026-02-16,Client entertainment,119.29,E0929,Paid
EXP-008110,E0935,Operations,2026-02-16,Accommodation,78.44,E0900,Paid
EXP-008335,E0954,Sales,2026-02-16,Accommodation,49.63,E1085,Paid
EXP-008678,E0980,Sales,2026-02-16,Supplies,124.45,E1093,Paid
EXP-009215,E1024,Sales,2026-02-16,Client entertainment,44.27,E1074,Paid
EXP-010644,E1176,Facilities,2026-02-16,Supplies,259.71,E1121,Paid
EXP-000098,E0020,Finance,2026-02-17,Supplies,107.39,E0208,Paid
EXP-000202,E0039,Finance,2026-02-17,Supplies,397.8,E0190,Paid
EXP-000628,E0115,Finance,2026-02-17,Supplies,198.83,E0204,Paid
EXP-000775,E0141,Finance,2026-02-17,Client entertainment,91.82,E0192,Paid
EXP-000980,E0181,Finance,2026-02-17,Travel,51.8,E0198,Paid
EXP-001210,E0224,Procurement,2026-02-17,Training,61.18,E0270,Paid
EXP-001406,E0260,Procurement,2026-02-17,Travel,95.45,E0277,Paid
EXP-001823,E0334,Human Resources,2026-02-17,Accommodation,271.68,E0373,Paid
EXP-002015,E0370,Human Resources,2026-02-17,Travel,55.86,E0349,Paid
EXP-002881,E0499,Operations,2026-02-17,Supplies,89.6,E0900,Paid
EXP-003454,E0546,Operations,2026-02-17,Training,31.72,E0933,Paid
EXP-003822,E0575,Operations,2026-02-17,Accommodation,26.69,E0904,Paid
EXP-004601,E0642,Operations,2026-02-17,Supplies,622.1,E0901,Paid
EXP-004634,E0646,Operations,2026-02-17,Supplies,37.62,E0923,Paid
EXP-004760,E0656,Operations,2026-02-17,Travel,218.74,E0920,Paid
EXP-004777,E0659,Operations,2026-02-17,Travel,74.65,E0928,Paid
EXP-004960,E0675,Operations,2026-02-17,Client entertainment,345.6,E0938,Paid
EXP-005208,E0696,Operations,2026-02-17,Travel,44.31,E0925,Paid
EXP-005602,E0732,Operations,2026-02-17,Travel,69.07,E0923,Paid
EXP-005752,E0745,Operations,2026-02-17,Training,48.31,E0938,Paid
EXP-005912,E0760,Operations,2026-02-17,Client entertainment,39.74,E0899,Paid
EXP-006018,E0768,Operations,2026-02-17,Meals,87.66,E0912,Paid
EXP-006639,E0818,Operations,2026-02-17,Training,62.13,E0931,Paid
EXP-006978,E0844,Operations,2026-02-17,Travel,112.53,E0914,Paid
EXP-007092,E0854,Operations,2026-02-17,Client entertainment,202.02,E0919,Paid
EXP-008363,E0956,Sales,2026-02-17,Training,47.13,E1104,Paid
EXP-008796,E0989,Sales,2026-02-17,Travel,50.27,E0977,Paid
EXP-009354,E1035,Sales,2026-02-17,Travel,165.11,E0967,Paid
EXP-009892,E1079,Sales,2026-02-17,Training,223.97,E0958,Paid
EXP-010858,E1033,Sales,2026-02-17,Client entertainment,941.75,E1044,Paid
EXP-000029,E0008,Finance,2026-02-18,Client entertainment,99.36,E0194,Paid
EXP-000341,E0064,Finance,2026-02-18,Accommodation,91.47,E0210,Paid
EXP-000485,E0090,Finance,2026-02-18,Training,113.11,E0208,Paid
EXP-001232,E0229,Procurement,2026-02-18,Client entertainment,119.18,E0272,Paid
EXP-001909,E0351,Human Resources,2026-02-18,Supplies,91.61,E0346,Paid
EXP-002263,E0414,IT,2026-02-18,Travel,77.95,E0379,Paid
EXP-002328,E0426,IT,2026-02-18,Client entertainment,158.45,E0379,Paid
EXP-002424,E0446,IT,2026-02-18,Training,48.74,E0379,Paid
EXP-002545,E0469,IT,2026-02-18,Training,43.22,E0379,Paid
EXP-002553,E0470,IT,2026-02-18,Client entertainment,104.2,E0379,Paid
EXP-002678,E0484,Operations,2026-02-18,Supplies,223.55,E0902,Paid
EXP-004018,E0591,Operations,2026-02-18,Accommodation,347.27,E0908,Paid
EXP-004748,E0654,Operations,2026-02-18,Travel,35.2,E0930,Paid
EXP-005641,E0734,Operations,2026-02-18,Meals,49.59,E0921,Paid
EXP-006149,E0778,Operations,2026-02-18,Meals,31.75,E0906,Paid
EXP-006272,E0788,Operations,2026-02-18,Client entertainment,77.54,E0925,Paid
EXP-006279,E0789,Operations,2026-02-18,Travel,34.62,E0897,Paid
EXP-006728,E0826,Operations,2026-02-18,Training,142.37,E0934,Paid
EXP-006788,E0830,Operations,2026-02-18,Travel,50.93,E0917,Paid
EXP-007062,E0852,Operations,2026-02-18,Training,92.87,E0914,Paid
EXP-007065,E0852,Operations,2026-02-18,Travel,85.66,E0914,Paid
EXP-007887,E0918,Operations,2026-02-18,Client entertainment,33.41,E0926,Paid
EXP-008028,E0928,Operations,2026-02-18,Supplies,169.79,E0929,Paid
EXP-008495,E0965,Sales,2026-02-18,Meals,197.92,E0976,Paid
EXP-008608,E0974,Sales,2026-02-18,Meals,108.51,E1088,Paid
EXP-008680,E0980,Sales,2026-02-18,Travel,72.66,E1093,Paid
EXP-009040,E1009,Sales,2026-02-18,Client entertainment,37.89,E1040,Paid
EXP-009103,E1016,Sales,2026-02-18,Accommodation,31.86,E1070,Paid
EXP-009964,E1085,Sales,2026-02-18,Training,220.18,E0939,Paid
EXP-010003,E1089,Sales,2026-02-18,Travel,59.7,E0959,Paid
EXP-010087,E1095,Sales,2026-02-18,Accommodation,76.81,E0966,Paid
EXP-010161,E1100,Sales,2026-02-18,Travel,72.16,E1058,Paid
EXP-000012,E0004,Finance,2026-02-19,Accommodation,202.51,E0197,Paid
EXP-000189,E0038,Finance,2026-02-19,Client entertainment,185.87,E0208,Paid
EXP-000321,E0060,Finance,2026-02-19,Supplies,103.61,E0190,Paid
EXP-000397,E0074,Finance,2026-02-19,Client entertainment,66.45,E0193,Paid
EXP-001292,E0241,Procurement,2026-02-19,Travel,112.48,E0278,Paid
EXP-001649,E0302,Human Resources,2026-02-19,Travel,184.56,E0377,Paid
EXP-001809,E0331,Human Resources,2026-02-19,Accommodation,80.35,E0377,Paid
EXP-002375,E0437,IT,2026-02-19,Travel,171.28,E0379,Paid
EXP-003497,E0548,Operations,2026-02-19,Client entertainment,136.03,E0909,Paid
EXP-003560,E0555,Operations,2026-02-19,Supplies,291.26,E0934,Paid
EXP-003891,E0581,Operations,2026-02-19,Accommodation,48.94,E0915,Paid
EXP-004045,E0594,Operations,2026-02-19,Travel,34.83,E0908,Paid
EXP-004101,E0599,Operations,2026-02-19,Supplies,197.85,E0909,Paid
EXP-004254,E0615,Operations,2026-02-19,Travel,129.46,E0937,Paid
EXP-004885,E0669,Operations,2026-02-19,Travel,150.45,E0900,Paid
EXP-005460,E0720,Operations,2026-02-19,Client entertainment,136.65,E0920,Paid
EXP-006220,E0785,Operations,2026-02-19,Accommodation,81.37,E0924,Paid
EXP-006522,E0807,Operations,2026-02-19,Accommodation,172.58,E0907,Paid
EXP-006546,E0810,Operations,2026-02-19,Meals,658.59,E0937,Paid
EXP-006984,E0845,Operations,2026-02-19,Training,54.92,E0916,Paid
EXP-007259,E0868,Operations,2026-02-19,Travel,81.16,E0906,Paid
EXP-007785,E0911,Operations,2026-02-19,Accommodation,696.35,E0922,Paid
EXP-008227,E0945,Sales,2026-02-19,Supplies,84.06,E1064,Paid
EXP-008451,E0962,Sales,2026-02-19,Training,373.39,E1028,Paid
EXP-009666,E1061,Sales,2026-02-19,Client entertainment,107.42,E1035,Paid
EXP-009850,E1076,Sales,2026-02-19,Travel,347.77,E1047,Paid
EXP-009880,E1078,Sales,2026-02-19,Meals,114.78,E1102,Paid
EXP-010167,E1101,Sales,2026-02-19,Meals,217.34,E1039,Paid
EXP-010775,E1200,Facilities,2026-02-19,Meals,35.19,E1121,Paid
EXP-000224,E0042,Finance,2026-02-20,Travel,36.68,E0193,Paid
EXP-001242,E0231,Procurement,2026-02-20,Meals,115.0,E0273,Paid
EXP-001321,E0246,Procurement,2026-02-20,Client entertainment,171.74,E0267,Paid
EXP-001874,E0343,Human Resources,2026-02-20,Accommodation,120.26,E0339,Paid
EXP-002433,E0447,IT,2026-02-20,Accommodation,440.71,E0379,Paid
EXP-002637,E0480,Operations,2026-02-20,Client entertainment,95.48,E0903,Paid
EXP-002939,E0504,Operations,2026-02-20,Accommodation,225.98,E0933,Paid
EXP-003024,E0511,Operations,2026-02-20,Training,18.58,E0898,Paid
EXP-003039,E0512,Operations,2026-02-20,Supplies,235.29,E0903,Paid
EXP-004206,E0612,Operations,2026-02-20,Training,164.93,E0922,Paid
EXP-004462,E0631,Operations,2026-02-20,Client entertainment,61.88,E0917,Paid
EXP-004688,E0650,Operations,2026-02-20,Travel,244.47,E0925,Paid
EXP-004853,E0665,Operations,2026-02-20,Accommodation,68.33,E0922,Paid
EXP-005782,E0748,Operations,2026-02-20,Accommodation,362.88,E0926,Paid
EXP-006024,E0768,Operations,2026-02-20,Accommodation,81.7,E0912,Paid
EXP-006089,E0772,Operations,2026-02-20,Meals,127.6,E0910,Paid
EXP-006288,E0789,Operations,2026-02-20,Client entertainment,32.53,E0897,Paid
EXP-006418,E0800,Operations,2026-02-20,Travel,396.82,E0910,Paid
EXP-006957,E0843,Operations,2026-02-20,Training,7.33,E0897,Paid
EXP-007033,E0849,Operations,2026-02-20,Supplies,472.3,E0932,Paid
EXP-007080,E0853,Operations,2026-02-20,Accommodation,72.78,E0930,Paid
EXP-007487,E0887,Operations,2026-02-20,Travel,122.08,E0926,Paid
EXP-007806,E0912,Operations,2026-02-20,Supplies,15.28,E0900,Paid
EXP-008054,E0930,Operations,2026-02-20,Client entertainment,184.46,E0899,Paid
EXP-008065,E0931,Operations,2026-02-20,Supplies,60.25,E0929,Paid
EXP-010379,E1124,Facilities,2026-02-20,Client entertainment,119.69,E1121,Paid
EXP-010857,E1033,Sales,2026-02-20,Client entertainment,946.22,E1044,Paid
EXP-000110,E0024,Finance,2026-02-21,Training,37.25,E0201,Paid
EXP-000154,E0032,Finance,2026-02-21,Client entertainment,928.83,E0194,Paid
EXP-000515,E0095,Finance,2026-02-21,Travel,177.32,E0208,Paid
EXP-000525,E0096,Finance,2026-02-21,Training,689.18,E0190,Paid
EXP-001771,E0325,Human Resources,2026-02-21,Training,133.09,E0344,Paid
EXP-002805,E0494,Operations,2026-02-21,Client entertainment,577.47,E0929,Paid
EXP-003204,E0526,Operations,2026-02-21,Training,76.06,E0914,Paid
EXP-003391,E0542,Operations,2026-02-21,Accommodation,110.19,E0898,Paid
EXP-004005,E0591,Operations,2026-02-21,Accommodation,1025.03,E0908,Paid
EXP-005362,E0711,Operations,2026-02-21,Travel,104.02,E0916,Paid
EXP-005542,E0726,Operations,2026-02-21,Accommodation,495.77,E0906,Paid
EXP-006390,E0798,Operations,2026-02-21,Travel,107.09,E0932,Paid
EXP-006627,E0817,Operations,2026-02-21,Accommodation,371.5,E0908,Paid
EXP-006915,E0840,Operations,2026-02-21,Training,94.25,E0907,Paid
EXP-006994,E0846,Operations,2026-02-21,Training,1149.82,E0938,Paid
EXP-007516,E0890,Operations,2026-02-21,Supplies,71.67,E0901,Paid
EXP-008092,E0933,Operations,2026-02-21,Meals,80.27,E0899,Paid
EXP-008395,E0958,Sales,2026-02-21,Meals,48.04,E1057,Paid
EXP-008429,E0961,Sales,2026-02-21,Meals,176.27,E1097,Paid
EXP-008704,E0982,Sales,2026-02-21,Meals,256.38,E0956,Paid
EXP-010216,E1104,Sales,2026-02-21,Client entertainment,26.23,E1056,Paid
EXP-010399,E1128,Facilities,2026-02-21,Client entertainment,122.11,E1121,Paid
EXP-010594,E1171,Facilities,2026-02-21,Accommodation,466.01,E1121,Paid
EXP-010651,E1177,Facilities,2026-02-21,Client entertainment,58.76,E1121,Paid
EXP-010939,E1177,Facilities,2026-02-21,Client entertainment,58.76,E1121,Paid
EXP-000134,E0029,Finance,2026-02-22,Meals,153.35,E0210,Paid
EXP-002514,E0462,IT,2026-02-22,Meals,174.55,E0379,Paid
EXP-003729,E0566,Operations,2026-02-22,Meals,462.25,E0935,Paid
EXP-004185,E0611,Operations,2026-02-22,Client entertainment,95.44,E0908,Paid
EXP-004709,E0651,Operations,2026-02-22,Supplies,122.06,E0917,Paid
EXP-005040,E0681,Operations,2026-02-22,Accommodation,38.57,E0911,Paid
EXP-005064,E0683,Operations,2026-02-22,Meals,53.51,E0910,Paid
EXP-005325,E0705,Operations,2026-02-22,Accommodation,70.12,E0936,Paid
EXP-005658,E0736,Operations,2026-02-22,Supplies,76.09,E0902,Paid
EXP-005885,E0757,Operations,2026-02-22,Supplies,40.0,E0898,Paid
EXP-006260,E0787,Operations,2026-02-22,Training,338.09,E0915,Paid
EXP-006319,E0792,Operations,2026-02-22,Accommodation,130.65,E0916,Paid
EXP-006449,E0802,Operations,2026-02-22,Meals,41.26,E0923,Paid
EXP-006753,E0828,Operations,2026-02-22,Accommodation,160.2,E0921,Paid
EXP-007339,E0877,Operations,2026-02-22,Meals,53.19,E0909,Paid
EXP-007389,E0881,Operations,2026-02-22,Travel,93.42,E0910,Paid
EXP-007409,E0882,Operations,2026-02-22,Training,21.29,E0935,Paid
EXP-007512,E0888,Operations,2026-02-22,Training,60.14,E0905,Paid
EXP-007566,E0894,Operations,2026-02-22,Travel,97.74,E0908,Paid
EXP-007805,E0912,Operations,2026-02-22,Training,67.01,E0900,Paid
EXP-007947,E0923,Operations,2026-02-22,Meals,49.81,E0914,Paid
EXP-008155,E0939,Sales,2026-02-22,Travel,23.23,E1055,Paid
EXP-008770,E0986,Sales,2026-02-22,Training,287.55,E1055,Paid
EXP-008924,E0999,Sales,2026-02-22,Client entertainment,423.53,E0992,Paid
EXP-009569,E1053,Sales,2026-02-22,Client entertainment,37.02,E0987,Paid
EXP-009753,E1067,Sales,2026-02-22,Training,1422.65,E0955,Paid
EXP-010576,E1166,Facilities,2026-02-22,Client entertainment,460.03,E1121,Paid
EXP-001205,E0224,Procurement,2026-02-23,Travel,39.0,E0270,Paid
EXP-001571,E0287,Procurement,2026-02-23,Accommodation,99.18,E0277,Paid
EXP-001810,E0331,Human Resources,2026-02-23,Supplies,120.97,E0377,Paid
EXP-001855,E0339,Human Resources,2026-02-23,Accommodation,265.6,E0341,Paid
EXP-002644,E0481,Operations,2026-02-23,Training,195.78,E0927,Paid
EXP-002784,E0492,Operations,2026-02-23,Training,123.48,E0900,Paid
EXP-002884,E0499,Operations,2026-02-23,Training,9.98,E0900,Paid
EXP-003223,E0527,Operations,2026-02-23,Supplies,175.86,E0916,Paid
EXP-003495,E0548,Operations,2026-02-23,Accommodation,299.73,E0909,Paid
EXP-003905,E0582,Operations,2026-02-23,Travel,312.45,E0898,Paid
EXP-004328,E0621,Operations,2026-02-23,Meals,175.98,E0922,Paid
EXP-004416,E0627,Operations,2026-02-23,Client entertainment,40.7,E0918,Paid
EXP-005038,E0681,Operations,2026-02-23,Accommodation,470.59,E0911,Paid
EXP-005211,E0696,Operations,2026-02-23,Client entertainment,66.28,E0925,Paid
EXP-005486,E0721,Operations,2026-02-23,Client entertainment,157.21,E0914,Paid
EXP-005491,E0722,Operations,2026-02-23,Accommodation,71.87,E0936,Paid
EXP-005674,E0737,Operations,2026-02-23,Accommodation,330.22,E0915,Paid
EXP-006128,E0776,Operations,2026-02-23,Supplies,153.66,E0926,Paid
EXP-006136,E0777,Operations,2026-02-23,Meals,107.88,E0907,Paid
EXP-006196,E0783,Operations,2026-02-23,Training,109.07,E0918,Paid
EXP-006366,E0797,Operations,2026-02-23,Travel,284.99,E0909,Paid
EXP-006796,E0831,Operations,2026-02-23,Training,33.34,E0907,Paid
EXP-007168,E0860,Operations,2026-02-23,Travel,169.76,E0904,Paid
EXP-007208,E0863,Operations,2026-02-23,Travel,380.4,E0929,Paid
EXP-007225,E0864,Operations,2026-02-23,Training,34.35,E0912,Paid
EXP-007292,E0872,Operations,2026-02-23,Travel,122.78,E0937,Paid
EXP-007571,E0894,Operations,2026-02-23,Training,53.92,E0908,Paid
EXP-007582,E0895,Operations,2026-02-23,Meals,237.62,E0900,Paid
EXP-007783,E0911,Operations,2026-02-23,Client entertainment,60.68,E0922,Paid
EXP-007875,E0917,Operations,2026-02-23,Training,65.88,E0903,Paid
EXP-008589,E0973,Sales,2026-02-23,Accommodation,46.4,E0986,Paid
EXP-008727,E0983,Sales,2026-02-23,Accommodation,85.64,E0942,Paid
EXP-008800,E0989,Sales,2026-02-23,Accommodation,332.75,E0977,Paid
EXP-009090,E1013,Sales,2026-02-23,Client entertainment,164.25,E1032,Paid
EXP-009110,E1017,Sales,2026-02-23,Accommodation,75.94,E1065,Paid
EXP-009417,E1039,Sales,2026-02-23,Supplies,246.54,E0988,Paid
EXP-009529,E1051,Sales,2026-02-23,Travel,361.35,E1084,Paid
EXP-009909,E1080,Sales,2026-02-23,Client entertainment,31.22,E1048,Paid
EXP-010164,E1101,Sales,2026-02-23,Travel,45.15,E1039,Paid
EXP-010337,E1117,Legal,2026-02-23,Supplies,204.95,E1111,Paid
EXP-010458,E1144,Facilities,2026-02-23,Accommodation,339.42,E1121,Paid
EXP-010792,E1201,Facilities,2026-02-23,Meals,23.5,E1121,Paid
EXP-000734,E0136,Finance,2026-02-24,Accommodation,9.94,E0201,Paid
EXP-000928,E0173,Finance,2026-02-24,Travel,488.54,E0202,Paid
EXP-001486,E0274,Procurement,2026-02-24,Supplies,598.79,E0276,Paid
EXP-002220,E0406,IT,2026-02-24,Supplies,125.02,E0379,Paid
EXP-002337,E0428,IT,2026-02-24,Travel,242.29,E0379,Paid
EXP-003688,E0563,Operations,2026-02-24,Meals,97.14,E0916,Paid
EXP-004194,E0612,Operations,2026-02-24,Accommodation,46.13,E0922,Paid
EXP-004245,E0615,Operations,2026-02-24,Client entertainment,45.4,E0937,Paid
EXP-004316,E0620,Operations,2026-02-24,Accommodation,434.75,E0921,Paid
EXP-004426,E0628,Operations,2026-02-24,Travel,134.64,E0912,Paid
EXP-005027,E0681,Operations,2026-02-24,Client entertainment,136.22,E0911,Paid
EXP-005484,E0721,Operations,2026-02-24,Meals,111.75,E0914,Paid
EXP-005845,E0754,Operations,2026-02-24,Client entertainment,36.88,E0924,Paid
EXP-006543,E0809,Operations,2026-02-24,Meals,695.18,E0920,Paid
EXP-006933,E0841,Operations,2026-02-24,Training,159.43,E0919,Paid
EXP-007574,E0894,Operations,2026-02-24,Supplies,43.2,E0908,Paid
EXP-007758,E0909,Operations,2026-02-24,Client entertainment,60.41,E0922,Paid
EXP-008493,E0965,Sales,2026-02-24,Training,296.01,E0976,Paid
EXP-008574,E0971,Sales,2026-02-24,Meals,629.61,E1063,Paid
EXP-008592,E0973,Sales,2026-02-24,Accommodation,60.32,E0986,Paid
EXP-008735,E0984,Sales,2026-02-24,Accommodation,70.47,E1104,Paid
EXP-008985,E1005,Sales,2026-02-24,Meals,52.05,E1068,Paid
EXP-009217,E1024,Sales,2026-02-24,Supplies,59.94,E1074,Paid
EXP-009400,E1038,Sales,2026-02-24,Travel,24.71,E1055,Paid
EXP-009889,E1079,Sales,2026-02-24,Travel,176.2,E0958,Paid
EXP-010333,E1117,Legal,2026-02-24,Travel,64.61,E1111,Paid
EXP-010888,E1033,Sales,2026-02-24,Client entertainment,900.21,E1044,Paid
EXP-000206,E0040,Finance,2026-02-25,Meals,64.89,E0200,Paid
EXP-000481,E0089,Finance,2026-02-25,Client entertainment,247.3,E0198,Paid
EXP-001380,E0256,Procurement,2026-02-25,Accommodation,22.57,E0273,Paid
EXP-002325,E0425,IT,2026-02-25,Meals,208.39,E0379,Paid
EXP-002754,E0489,Operations,2026-02-25,Meals,388.13,E0930,Paid
EXP-003486,E0547,Operations,2026-02-25,Training,78.71,E0933,Paid
EXP-003706,E0565,Operations,2026-02-25,Accommodation,55.75,E0917,Paid
EXP-003749,E0567,Operations,2026-02-25,Travel,59.82,E0905,Paid
EXP-003925,E0583,Operations,2026-02-25,Training,82.06,E0907,Paid
EXP-004176,E0610,Operations,2026-02-25,Travel,265.83,E0907,Paid
EXP-004647,E0646,Operations,2026-02-25,Training,27.71,E0923,Paid
EXP-005030,E0681,Operations,2026-02-25,Training,58.57,E0911,Paid
EXP-005385,E0713,Operations,2026-02-25,Training,69.98,E0901,Paid
EXP-005685,E0738,Operations,2026-02-25,Training,168.24,E0903,Paid
EXP-005980,E0765,Operations,2026-02-25,Accommodation,68.92,E0912,Paid
EXP-007735,E0907,Operations,2026-02-25,Client entertainment,151.51,E0938,Paid
EXP-007775,E0910,Operations,2026-02-25,Meals,49.37,E0917,Paid
EXP-008248,E0946,Sales,2026-02-25,Training,68.26,E0992,Paid
EXP-008811,E0991,Sales,2026-02-25,Supplies,269.25,E0958,Paid
EXP-008959,E1004,Sales,2026-02-25,Travel,35.56,E0946,Paid
EXP-009305,E1032,Sales,2026-02-25,Accommodation,277.69,E1066,Paid
EXP-009446,E1042,Sales,2026-02-25,Accommodation,389.19,E0965,Paid
EXP-009461,E1043,Sales,2026-02-25,Meals,47.54,E1099,Paid
EXP-010084,E1095,Sales,2026-02-25,Accommodation,37.76,E0966,Paid
EXP-010303,E1111,Legal,2026-02-25,Training,157.71,E1118,Paid
EXP-010346,E1119,Legal,2026-02-25,Client entertainment,27.67,E1117,Paid
EXP-010680,E1183,Facilities,2026-02-25,Supplies,163.85,E1121,Paid
EXP-010730,E1192,Facilities,2026-02-25,Accommodation,69.29,E1121,Paid
EXP-010942,E1032,Sales,2026-02-25,Accommodation,277.69,E1066,Paid
EXP-010956,E0641,Operations,2026-02-25,Supplies,100.0,E0912,Paid
EXP-000490,E0091,Finance,2026-02-26,Travel,43.16,E0193,Paid
EXP-000632,E0115,Finance,2026-02-26,Accommodation,258.84,E0204,Paid
EXP-000633,E0115,Finance,2026-02-26,Accommodation,284.74,E0204,Paid
EXP-000665,E0120,Finance,2026-02-26,Client entertainment,11.77,E0203,Paid
EXP-001195,E0221,Procurement,2026-02-26,Travel,183.01,E0278,Paid
EXP-001474,E0272,Procurement,2026-02-26,Accommodation,380.53,E0280,Paid
EXP-001615,E0297,Human Resources,2026-02-26,Training,84.01,E0372,Paid
EXP-001759,E0324,Human Resources,2026-02-26,Training,54.77,E0377,Paid
EXP-001831,E0335,Human Resources,2026-02-26,Training,82.22,E0374,Paid
EXP-002225,E0407,IT,2026-02-26,Travel,180.56,E0379,Paid
EXP-002832,E0495,Operations,2026-02-26,Accommodation,197.63,E0900,Paid
EXP-002975,E0506,Operations,2026-02-26,Client entertainment,41.42,E0899,Paid
EXP-003371,E0541,Operations,2026-02-26,Training,134.64,E0930,Paid
EXP-003467,E0546,Operations,2026-02-26,Meals,68.56,E0933,Paid
EXP-003852,E0578,Operations,2026-02-26,Meals,77.47,E0901,Paid
EXP-004720,E0653,Operations,2026-02-26,Travel,51.64,E0936,Paid
EXP-005419,E0717,Operations,2026-02-26,Training,97.01,E0917,Paid
EXP-005536,E0725,Operations,2026-02-26,Client entertainment,118.45,E0917,Paid
EXP-005996,E0766,Operations,2026-02-26,Supplies,99.08,E0900,Paid
EXP-007111,E0856,Operations,2026-02-26,Meals,166.76,E0916,Paid
EXP-007461,E0885,Operations,2026-02-26,Training,119.05,E0914,Paid
EXP-007638,E0900,Operations,2026-02-26,Accommodation,279.73,E0935,Paid
EXP-007669,E0903,Operations,2026-02-26,Client entertainment,113.41,E0931,Paid
EXP-007991,E0926,Operations,2026-02-26,Supplies,56.48,E0906,Paid
EXP-008166,E0940,Sales,2026-02-26,Meals,194.87,E0955,Paid
EXP-008823,E0991,Sales,2026-02-26,Meals,70.97,E0958,Paid
EXP-009830,E1075,Sales,2026-02-26,Supplies,596.36,E1072,Paid
EXP-009931,E1081,Sales,2026-02-26,Accommodation,112.06,E1047,Paid
EXP-010131,E1098,Sales,2026-02-26,Training,162.01,E1042,Paid
EXP-010250,E1106,Sales,2026-02-26,Supplies,176.88,E1040,Paid
EXP-010325,E1116,Legal,2026-02-26,Meals,134.22,E1110,Paid
EXP-010397,E1128,Facilities,2026-02-26,Travel,50.05,E1121,Paid
EXP-010904,E1043,Sales,2026-02-26,Client entertainment,950.19,E1099,Paid
EXP-000755,E0139,Finance,2026-02-27,Accommodation,124.67,E0209,Paid
EXP-001161,E0214,Procurement,2026-02-27,Supplies,89.34,E0279,Paid
EXP-001538,E0284,Procurement,2026-02-27,Client entertainment,96.42,E0272,Paid
EXP-001787,E0327,Human Resources,2026-02-27,Accommodation,504.16,E0377,Paid
EXP-003283,E0534,Operations,2026-02-27,Meals,18.97,E0925,Paid
EXP-003700,E0564,Operations,2026-02-27,Meals,73.75,E0913,Paid
EXP-004153,E0609,Operations,2026-02-27,Meals,104.85,E0913,Paid
EXP-004251,E0615,Operations,2026-02-27,Travel,76.82,E0937,Paid
EXP-004333,E0621,Operations,2026-02-27,Client entertainment,24.35,E0922,Paid
EXP-004738,E0654,Operations,2026-02-27,Supplies,63.88,E0930,Paid
EXP-004743,E0654,Operations,2026-02-27,Supplies,85.83,E0930,Paid
EXP-006347,E0796,Operations,2026-02-27,Meals,97.27,E0937,Paid
EXP-006765,E0829,Operations,2026-02-27,Client entertainment,52.03,E0924,Paid
EXP-006775,E0830,Operations,2026-02-27,Meals,62.66,E0917,Paid
EXP-006873,E0837,Operations,2026-02-27,Accommodation,176.5,E0936,Paid
EXP-007125,E0857,Operations,2026-02-27,Supplies,75.77,E0937,Paid
EXP-007256,E0868,Operations,2026-02-27,Accommodation,170.6,E0906,Paid
EXP-007344,E0877,Operations,2026-02-27,Client entertainment,102.62,E0909,Paid
EXP-007628,E0900,Operations,2026-02-27,Client entertainment,47.29,E0935,Paid
EXP-007808,E0912,Operations,2026-02-27,Client entertainment,266.21,E0900,Paid
EXP-008074,E0932,Operations,2026-02-27,Training,99.93,E0930,Paid
EXP-008534,E0969,Sales,2026-02-27,Supplies,39.84,E1033,Paid
EXP-009510,E1048,Sales,2026-02-27,Travel,19.9,E1026,Paid
EXP-009813,E1074,Sales,2026-02-27,Travel,100.67,E1064,Paid
EXP-009954,E1084,Sales,2026-02-27,Meals,10.28,E1041,Paid
EXP-000026,E0007,Finance,2026-02-28,Travel,384.69,E0208,Paid
EXP-000655,E0119,Finance,2026-02-28,Meals,59.27,E0210,Paid
EXP-000674,E0122,Finance,2026-02-28,Training,77.58,E0210,Paid
EXP-000729,E0135,Finance,2026-02-28,Client entertainment,74.0,E0196,Paid
EXP-001022,E0187,Finance,2026-02-28,Supplies,82.83,E0198,Paid
EXP-001124,E0205,Finance,2026-02-28,Client entertainment,89.31,E0197,Paid
EXP-001257,E0235,Procurement,2026-02-28,Supplies,74.84,E0274,Paid
EXP-001910,E0351,Human Resources,2026-02-28,Travel,139.72,E0346,Paid
EXP-002207,E0405,IT,2026-02-28,Training,148.5,E0379,Paid
EXP-002298,E0421,IT,2026-02-28,Client entertainment,52.74,E0379,Paid
EXP-002819,E0495,Operations,2026-02-28,Travel,18.35,E0900,Paid
EXP-002821,E0495,Operations,2026-02-28,Travel,354.37,E0900,Paid
EXP-002992,E0508,Operations,2026-02-28,Accommodation,237.94,E0929,Paid
EXP-003176,E0524,Operations,2026-02-28,Travel,313.83,E0903,Paid
EXP-003577,E0556,Operations,2026-02-28,Supplies,45.08,E0909,Paid
EXP-004192,E0611,Operations,2026-02-28,Travel,107.49,E0908,Paid
EXP-004224,E0613,Operations,2026-02-28,Client entertainment,135.0,E0929,Paid
EXP-004378,E0624,Operations,2026-02-28,Travel,341.81,E0913,Paid
EXP-004528,E0637,Operations,2026-02-28,Travel,411.67,E0933,Paid
EXP-004728,E0653,Operations,2026-02-28,Meals,260.2,E0936,Paid
EXP-004834,E0664,Operations,2026-02-28,Supplies,185.79,E0932,Paid
EXP-004966,E0675,Operations,2026-02-28,Travel,46.37,E0938,Paid
EXP-005193,E0694,Operations,2026-02-28,Supplies,68.41,E0932,Paid
EXP-005628,E0734,Operations,2026-02-28,Travel,29.43,E0921,Paid
EXP-006083,E0772,Operations,2026-02-28,Travel,11.42,E0910,Paid
EXP-006251,E0787,Operations,2026-02-28,Travel,74.64,E0915,Paid
EXP-007590,E0895,Operations,2026-02-28,Meals,37.72,E0900,Paid
EXP-007722,E0907,Operations,2026-02-28,Client entertainment,220.72,E0938,Paid
EXP-007965,E0924,Operations,2026-02-28,Supplies,159.33,E0914,Paid
EXP-009150,E1019,Sales,2026-02-28,Training,75.96,E0984,Paid
EXP-009333,E1034,Sales,2026-02-28,Client entertainment,106.67,E0973,Paid
EXP-009367,E1036,Sales,2026-02-28,Meals,256.39,E1092,Paid
EXP-009616,E1057,Sales,2026-02-28,Supplies,44.0,E0958,Paid
EXP-009945,E1082,Sales,2026-02-28,Travel,38.74,E1002,Paid
EXP-010020,E1090,Sales,2026-02-28,Accommodation,240.74,E0999,Paid
EXP-010055,E1092,Sales,2026-02-28,Travel,46.46,E1057,Paid
EXP-010473,E1148,Facilities,2026-02-28,Travel,75.63,E1121,Paid
EXP-010843,E0965,Sales,2026-02-28,Client entertainment,927.44,E0976,Paid
EXP-010855,E1033,Sales,2026-02-28,Client entertainment,924.22,E1044,Paid
EXP-000449,E0085,Finance,2026-03-01,Travel,36.14,E0206,Paid
EXP-000562,E0104,Finance,2026-03-01,Travel,61.73,E0190,Paid
EXP-000759,E0139,Finance,2026-03-01,Meals,274.39,E0209,Paid
EXP-000801,E0149,Finance,2026-03-01,Accommodation,95.61,E0205,Paid
EXP-001395,E0258,Procurement,2026-03-01,Client entertainment,118.34,E0270,Paid
EXP-001661,E0307,Human Resources,2026-03-01,Supplies,191.23,E0350,Paid
EXP-002210,E0405,IT,2026-03-01,Supplies,236.71,E0379,Paid
EXP-002407,E0443,IT,2026-03-01,Training,111.63,E0379,Paid
EXP-002703,E0485,Operations,2026-03-01,Client entertainment,242.04,E0903,Paid
EXP-003310,E0535,Operations,2026-03-01,Training,87.31,E0897,Paid
EXP-003593,E0557,Operations,2026-03-01,Client entertainment,187.39,E0897,Paid
EXP-003695,E0564,Operations,2026-03-01,Training,138.37,E0913,Paid
EXP-003750,E0568,Operations,2026-03-01,Travel,240.04,E0897,Paid
EXP-004771,E0657,Operations,2026-03-01,Client entertainment,161.67,E0905,Paid
EXP-005406,E0716,Operations,2026-03-01,Meals,163.85,E0937,Paid
EXP-005731,E0742,Operations,2026-03-01,Travel,416.77,E0938,Paid
EXP-006247,E0787,Operations,2026-03-01,Accommodation,84.34,E0915,Paid
EXP-006932,E0841,Operations,2026-03-01,Client entertainment,15.66,E0919,Paid
EXP-006943,E0841,Operations,2026-03-01,Client entertainment,131.56,E0919,Paid
EXP-006986,E0845,Operations,2026-03-01,Client entertainment,195.66,E0916,Paid
EXP-010171,E1101,Sales,2026-03-01,Accommodation,338.16,E1039,Paid
EXP-010373,E1123,Facilities,2026-03-01,Meals,461.15,E1121,Paid
EXP-010693,E1186,Facilities,2026-03-01,Accommodation,102.79,E1121,Paid
EXP-010802,E1203,Facilities,2026-03-01,Client entertainment,76.1,E1121,Paid
EXP-000384,E0070,Finance,2026-03-02,Client entertainment,379.52,E0196,Paid
EXP-000425,E0079,Finance,2026-03-02,Travel,44.93,E0201,Paid
EXP-000765,E0140,Finance,2026-03-02,Supplies,267.93,E0199,Paid
EXP-001993,E0366,Human Resources,2026-03-02,Client entertainment,161.44,E0372,Paid
EXP-002956,E0505,Operations,2026-03-02,Client entertainment,122.73,E0912,Paid
EXP-003185,E0524,Operations,2026-03-02,Training,80.78,E0903,Paid
EXP-003755,E0568,Operations,2026-03-02,Supplies,67.39,E0897,Paid
EXP-003862,E0579,Operations,2026-03-02,Client entertainment,39.33,E0926,Paid
EXP-004012,E0591,Operations,2026-03-02,Training,181.6,E0908,Paid
EXP-004181,E0611,Operations,2026-03-02,Supplies,69.69,E0908,Paid
EXP-004296,E0618,Operations,2026-03-02,Travel,270.56,E0906,Paid
EXP-004307,E0619,Operations,2026-03-02,Accommodation,24.2,E0910,Paid
EXP-004671,E0648,Operations,2026-03-02,Travel,76.7,E0909,Paid
EXP-005415,E0717,Operations,2026-03-02,Training,223.11,E0917,Paid
EXP-005941,E0761,Operations,2026-03-02,Meals,28.48,E0907,Paid
EXP-006363,E0797,Operations,2026-03-02,Training,17.92,E0909,Paid
EXP-006677,E0820,Operations,2026-03-02,Training,165.42,E0926,Paid
EXP-006755,E0828,Operations,2026-03-02,Travel,104.0,E0921,Paid
EXP-006771,E0829,Operations,2026-03-02,Training,109.77,E0924,Paid
EXP-007496,E0887,Operations,2026-03-02,Training,13.85,E0926,Paid
EXP-008542,E0969,Sales,2026-03-02,Accommodation,363.9,E1033,Paid
EXP-009365,E1036,Sales,2026-03-02,Supplies,339.3,E1092,Paid
EXP-010034,E1091,Sales,2026-03-02,Accommodation,44.58,E1063,Paid
EXP-010854,E1033,Sales,2026-03-02,Client entertainment,947.7,E1044,Paid
EXP-000139,E0030,Finance,2026-03-03,Accommodation,100.73,E0210,Paid
EXP-000417,E0077,Finance,2026-03-03,Accommodation,242.04,E0202,Paid
EXP-000419,E0078,Finance,2026-03-03,Meals,69.45,E0205,Paid
EXP-000889,E0167,Finance,2026-03-03,Supplies,22.91,E0190,Paid
EXP-001176,E0218,Procurement,2026-03-03,Meals,47.2,E0275,Paid
EXP-001329,E0249,Procurement,2026-03-03,Accommodation,376.22,E0268,Paid
EXP-001753,E0322,Human Resources,2026-03-03,Meals,35.99,E0347,Paid
EXP-001906,E0351,Human Resources,2026-03-03,Training,36.04,E0346,Paid
EXP-001936,E0355,Human Resources,2026-03-03,Training,51.37,E0347,Paid
EXP-003078,E0516,Operations,2026-03-03,Accommodation,84.76,E0934,Paid
EXP-003818,E0575,Operations,2026-03-03,Travel,124.84,E0904,Paid
EXP-003911,E0582,Operations,2026-03-03,Supplies,93.94,E0898,Paid
EXP-004074,E0596,Operations,2026-03-03,Accommodation,156.56,E0908,Paid
EXP-004230,E0613,Operations,2026-03-03,Meals,27.32,E0929,Paid
EXP-004385,E0625,Operations,2026-03-03,Client entertainment,75.02,E0926,Paid
EXP-006703,E0825,Operations,2026-03-03,Training,191.45,E0905,Paid
EXP-007517,E0890,Operations,2026-03-03,Accommodation,204.12,E0901,Paid
EXP-007553,E0892,Operations,2026-03-03,Meals,45.49,E0899,Paid
EXP-007662,E0902,Operations,2026-03-03,Travel,276.16,E0001,Paid
EXP-007739,E0908,Operations,2026-03-03,Supplies,42.38,E0914,Paid
EXP-007856,E0916,Operations,2026-03-03,Supplies,334.43,E0001,Paid
EXP-008521,E0968,Sales,2026-03-03,Training,24.32,E1017,Paid
EXP-008532,E0969,Sales,2026-03-03,Client entertainment,121.9,E1033,Paid
EXP-008612,E0974,Sales,2026-03-03,Client entertainment,351.69,E1088,Paid
EXP-008660,E0979,Sales,2026-03-03,Supplies,1501.83,E0960,Paid
EXP-009065,E1011,Sales,2026-03-03,Training,50.47,E1102,Paid
EXP-009440,E1042,Sales,2026-03-03,Meals,150.32,E0965,Paid
EXP-009527,E1051,Sales,2026-03-03,Training,43.02,E1084,Paid
EXP-009983,E1086,Sales,2026-03-03,Supplies,134.16,E0959,Paid
EXP-010030,E1091,Sales,2026-03-03,Training,186.11,E1063,Paid
EXP-000055,E0014,Finance,2026-03-04,Supplies,72.05,E0199,Paid
EXP-000465,E0086,Finance,2026-03-04,Training,164.38,E0199,Paid
EXP-000722,E0133,Finance,2026-03-04,Accommodation,651.88,E0195,Paid
EXP-001193,E0221,Procurement,2026-03-04,Client entertainment,55.91,E0278,Paid
EXP-001366,E0253,Procurement,2026-03-04,Meals,571.53,E0272,Paid
EXP-001876,E0345,Human Resources,2026-03-04,Training,232.76,E0342,Paid
EXP-002465,E0455,IT,2026-03-04,Accommodation,386.73,E0379,Paid
EXP-003105,E0518,Operations,2026-03-04,Accommodation,194.27,E0902,Paid
EXP-003316,E0536,Operations,2026-03-04,Accommodation,78.46,E0910,Paid
EXP-003323,E0536,Operations,2026-03-04,Supplies,195.04,E0910,Paid
EXP-005617,E0733,Operations,2026-03-04,Training,181.92,E0919,Paid
EXP-005743,E0744,Operations,2026-03-04,Training,40.65,E0924,Paid
EXP-006191,E0783,Operations,2026-03-04,Client entertainment,23.71,E0918,Paid
EXP-007179,E0861,Operations,2026-03-04,Supplies,85.56,E0908,Paid
EXP-008462,E0963,Sales,2026-03-04,Accommodation,40.47,E0952,Paid
EXP-008599,E0973,Sales,2026-03-04,Client entertainment,169.89,E0986,Paid
EXP-008679,E0980,Sales,2026-03-04,Travel,400.31,E1093,Paid
EXP-009645,E1060,Sales,2026-03-04,Travel,64.01,E1069,Paid
EXP-010310,E1113,Legal,2026-03-04,Training,67.99,E1120,Paid
EXP-000027,E0007,Finance,2026-03-05,Meals,52.32,E0208,Paid
EXP-000212,E0040,Finance,2026-03-05,Accommodation,146.0,E0200,Paid
EXP-000872,E0164,Finance,2026-03-05,Accommodation,69.34,E0190,Paid
EXP-001554,E0285,Procurement,2026-03-05,Meals,55.55,E0277,Paid
EXP-001687,E0311,Human Resources,2026-03-05,Training,79.23,E0377,Paid
EXP-002362,E0434,IT,2026-03-05,Meals,118.6,E0379,Paid
EXP-002509,E0461,IT,2026-03-05,Client entertainment,38.58,E0379,Paid
EXP-002582,E0476,IT,2026-03-05,Travel,46.9,E0379,Paid
EXP-002935,E0504,Operations,2026-03-05,Client entertainment,308.74,E0933,Paid
EXP-003128,E0520,Operations,2026-03-05,Supplies,513.41,E0907,Paid
EXP-003134,E0520,Operations,2026-03-05,Accommodation,76.77,E0907,Paid
EXP-003941,E0586,Operations,2026-03-05,Client entertainment,367.85,E0898,Paid
EXP-004847,E0665,Operations,2026-03-05,Supplies,101.59,E0922,Paid
EXP-004899,E0670,Operations,2026-03-05,Travel,124.91,E0913,Paid
EXP-005045,E0682,Operations,2026-03-05,Client entertainment,66.47,E0899,Paid
EXP-005564,E0728,Operations,2026-03-05,Accommodation,1530.93,E0900,Paid
EXP-006112,E0775,Operations,2026-03-05,Accommodation,273.45,E0907,Paid
EXP-006676,E0820,Operations,2026-03-05,Meals,48.68,E0926,Paid
EXP-007096,E0854,Operations,2026-03-05,Travel,495.3,E0919,Paid
EXP-007234,E0866,Operations,2026-03-05,Supplies,82.75,E0921,Paid
EXP-008653,E0978,Sales,2026-03-05,Accommodation,268.25,E1024,Paid
EXP-008675,E0980,Sales,2026-03-05,Meals,508.57,E1093,Paid
EXP-009862,E1077,Sales,2026-03-05,Supplies,24.87,E1064,Paid
EXP-010100,E1096,Sales,2026-03-05,Accommodation,101.2,E0968,Paid
EXP-010152,E1100,Sales,2026-03-05,Travel,260.38,E1058,Paid
EXP-010246,E1105,Sales,2026-03-05,Client entertainment,62.99,E0953,Paid
EXP-010433,E1140,Facilities,2026-03-05,Accommodation,54.06,E1121,Paid
EXP-000483,E0090,Finance,2026-03-06,Accommodation,148.55,E0208,Paid
EXP-000818,E0154,Finance,2026-03-06,Accommodation,407.28,E0197,Paid
EXP-001111,E0200,Finance,2026-03-06,Accommodation,134.0,E0197,Paid
EXP-001504,E0276,Procurement,2026-03-06,Training,226.55,E0001,Paid
EXP-001725,E0317,Human Resources,2026-03-06,Accommodation,377.05,E0346,Paid
EXP-003460,E0546,Operations,2026-03-06,Client entertainment,219.61,E0933,Paid
EXP-003646,E0560,Operations,2026-03-06,Client entertainment,558.27,E0907,Paid
EXP-003791,E0573,Operations,2026-03-06,Training,88.55,E0915,Paid
EXP-004603,E0642,Operations,2026-03-06,Accommodation,149.0,E0901,Paid
EXP-005196,E0694,Operations,2026-03-06,Travel,21.46,E0932,Paid
EXP-005237,E0698,Operations,2026-03-06,Accommodation,140.63,E0910,Paid
EXP-005392,E0715,Operations,2026-03-06,Accommodation,212.81,E0922,Paid
EXP-005503,E0723,Operations,2026-03-06,Supplies,94.56,E0919,Paid
EXP-005572,E0728,Operations,2026-03-06,Supplies,35.91,E0900,Paid
EXP-005829,E0753,Operations,2026-03-06,Meals,450.63,E0932,Paid
EXP-006276,E0789,Operations,2026-03-06,Client entertainment,238.88,E0897,Paid
EXP-006625,E0817,Operations,2026-03-06,Meals,320.32,E0908,Paid
EXP-007166,E0860,Operations,2026-03-06,Travel,280.55,E0904,Paid
EXP-007732,E0907,Operations,2026-03-06,Meals,23.12,E0938,Paid
EXP-007836,E0914,Operations,2026-03-06,Client entertainment,24.41,E0001,Paid
EXP-007955,E0923,Operations,2026-03-06,Client entertainment,17.98,E0914,Paid
EXP-008017,E0927,Operations,2026-03-06,Training,190.11,E0907,Paid
EXP-008391,E0957,Sales,2026-03-06,Training,132.89,E1032,Paid
EXP-008519,E0968,Sales,2026-03-06,Meals,50.47,E1017,Paid
EXP-009298,E1031,Sales,2026-03-06,Accommodation,13.57,E0961,Paid
EXP-009418,E1041,Sales,2026-03-06,Accommodation,86.97,E0944,Paid
EXP-009904,E1079,Sales,2026-03-06,Meals,158.24,E0958,Paid
EXP-010413,E1133,Facilities,2026-03-06,Client entertainment,57.79,E1121,Paid
EXP-010794,E1202,Facilities,2026-03-06,Travel,18.45,E1121,Paid
EXP-000692,E0125,Finance,2026-03-07,Meals,61.16,E0196,Paid
EXP-001119,E0204,Finance,2026-03-07,Supplies,18.47,E0196,Paid
EXP-002351,E0431,IT,2026-03-07,Supplies,275.83,E0379,Paid
EXP-002643,E0481,Operations,2026-03-07,Accommodation,172.43,E0927,Paid
EXP-002876,E0498,Operations,2026-03-07,Training,110.67,E0934,Paid
EXP-005007,E0679,Operations,2026-03-07,Client entertainment,61.64,E0914,Paid
EXP-006166,E0779,Operations,2026-03-07,Client entertainment,107.76,E0916,Paid
EXP-008040,E0929,Operations,2026-03-07,Supplies,313.81,E0911,Paid
EXP-008360,E0955,Sales,2026-03-07,Travel,204.43,E1069,Paid
EXP-008438,E0961,Sales,2026-03-07,Training,121.87,E1097,Paid
EXP-008465,E0963,Sales,2026-03-07,Client entertainment,57.88,E0952,Paid
EXP-009266,E1029,Sales,2026-03-07,Meals,161.68,E1099,Paid
EXP-009404,E1038,Sales,2026-03-07,Training,334.72,E1055,Paid
EXP-009548,E1052,Sales,2026-03-07,Meals,118.32,E0987,Paid
EXP-010070,E1094,Sales,2026-03-07,Accommodation,88.56,E0945,Paid
EXP-010461,E1146,Facilities,2026-03-07,Meals,93.46,E1121,Paid
EXP-000009,E0002,Finance,2026-03-08,Travel,1201.38,E0197,Paid
EXP-000192,E0038,Finance,2026-03-08,Travel,86.65,E0208,Paid
EXP-000534,E0099,Finance,2026-03-08,Accommodation,79.71,E0191,Paid
EXP-000596,E0109,Finance,2026-03-08,Training,210.05,E0197,Paid
EXP-001031,E0188,Finance,2026-03-08,Client entertainment,34.87,E0196,Paid
EXP-001404,E0260,Procurement,2026-03-08,Client entertainment,147.91,E0277,Paid
EXP-001751,E0322,Human Resources,2026-03-08,Training,61.68,E0347,Paid
EXP-001756,E0323,Human Resources,2026-03-08,Meals,35.28,E0340,Paid
EXP-001800,E0330,Human Resources,2026-03-08,Supplies,34.04,E0347,Paid
EXP-001872,E0343,Human Resources,2026-03-08,Training,125.74,E0339,Paid
EXP-001895,E0348,Human Resources,2026-03-08,Accommodation,112.63,E0345,Paid
EXP-002346,E0429,IT,2026-03-08,Client entertainment,111.67,E0379,Paid
EXP-002483,E0457,IT,2026-03-08,Supplies,111.81,E0379,Paid
EXP-002524,E0463,IT,2026-03-08,Training,103.14,E0379,Paid
EXP-002592,E0477,Operations,2026-03-08,Accommodation,68.66,E0906,Paid
EXP-002708,E0486,Operations,2026-03-08,Accommodation,44.17,E0912,Paid
EXP-003238,E0528,Operations,2026-03-08,Training,188.5,E0930,Paid
EXP-003592,E0557,Operations,2026-03-08,Meals,90.23,E0897,Paid
EXP-003639,E0560,Operations,2026-03-08,Training,81.56,E0907,Paid
EXP-004135,E0605,Operations,2026-03-08,Client entertainment,228.73,E0927,Paid
EXP-006815,E0833,Operations,2026-03-08,Client entertainment,133.4,E0925,Paid
EXP-007289,E0872,Operations,2026-03-08,Travel,1165.34,E0937,Paid
EXP-007533,E0891,Operations,2026-03-08,Training,57.61,E0912,Paid
EXP-007774,E0910,Operations,2026-03-08,Training,84.73,E0917,Paid
EXP-008260,E0946,Sales,2026-03-08,Accommodation,50.13,E0992,Paid
EXP-008741,E0984,Sales,2026-03-08,Training,112.12,E1104,Paid
EXP-008986,E1005,Sales,2026-03-08,Client entertainment,226.76,E1068,Paid
EXP-008997,E1006,Sales,2026-03-08,Meals,151.27,E0948,Paid
EXP-009551,E1052,Sales,2026-03-08,Supplies,108.04,E0987,Paid
EXP-009839,E1076,Sales,2026-03-08,Travel,23.35,E1047,Paid
EXP-010720,E1189,Facilities,2026-03-08,Travel,38.93,E1121,Paid
EXP-010957,E0641,Operations,2026-03-08,Supplies,200.0,E0912,Paid
EXP-010969,E0641,Operations,2026-03-08,Supplies,150.0,E0912,Paid
EXP-001091,E0196,Finance,2026-03-09,Accommodation,35.76,E0001,Paid
EXP-001852,E0339,Human Resources,2026-03-09,Meals,19.93,E0341,Paid
EXP-002011,E0370,Human Resources,2026-03-09,Client entertainment,144.08,E0349,Paid
EXP-002017,E0370,Human Resources,2026-03-09,Training,109.88,E0349,Paid
EXP-002267,E0415,IT,2026-03-09,Supplies,94.92,E0379,Paid
EXP-002297,E0421,IT,2026-03-09,Travel,73.25,E0379,Paid
EXP-002322,E0424,IT,2026-03-09,Travel,168.89,E0379,Paid
EXP-002862,E0498,Operations,2026-03-09,Meals,135.85,E0934,Paid
EXP-002921,E0501,Operations,2026-03-09,Training,66.62,E0903,Paid
EXP-002959,E0505,Operations,2026-03-09,Accommodation,48.44,E0912,Paid
EXP-003423,E0543,Operations,2026-03-09,Meals,28.84,E0914,Paid
EXP-003502,E0548,Operations,2026-03-09,Accommodation,105.97,E0909,Paid
EXP-004172,E0610,Operations,2026-03-09,Accommodation,73.0,E0907,Paid
EXP-004244,E0614,Operations,2026-03-09,Travel,77.55,E0932,Paid
EXP-005901,E0759,Operations,2026-03-09,Meals,32.6,E0904,Paid
EXP-006010,E0767,Operations,2026-03-09,Travel,125.98,E0920,Paid
EXP-006750,E0828,Operations,2026-03-09,Travel,81.44,E0921,Paid
EXP-007269,E0870,Operations,2026-03-09,Travel,78.24,E0936,Paid
EXP-007324,E0876,Operations,2026-03-09,Client entertainment,344.85,E0911,Paid
EXP-007793,E0912,Operations,2026-03-09,Meals,35.61,E0900,Paid
EXP-007841,E0914,Operations,2026-03-09,Training,105.05,E0001,Paid
EXP-008382,E0957,Sales,2026-03-09,Supplies,184.66,E1032,Paid
EXP-008868,E0994,Sales,2026-03-09,Client entertainment,131.74,E0970,Paid
EXP-009504,E1048,Sales,2026-03-09,Supplies,42.83,E1026,Paid
EXP-009879,E1078,Sales,2026-03-09,Training,123.3,E1102,Paid
EXP-010008,E1089,Sales,2026-03-09,Supplies,17.63,E0959,Paid
EXP-010102,E1096,Sales,2026-03-09,Training,157.2,E0968,Paid
EXP-010460,E1146,Facilities,2026-03-09,Travel,301.43,E1146,Paid
EXP-000001,E0001,Finance,2026-03-10,Client entertainment,59.06,E0209,Paid
EXP-000156,E0032,Finance,2026-03-10,Accommodation,29.91,E0194,Paid
EXP-000528,E0096,Finance,2026-03-10,Client entertainment,45.82,E0190,Paid
EXP-000577,E0107,Finance,2026-03-10,Accommodation,53.7,E0199,Paid
EXP-000679,E0123,Finance,2026-03-10,Supplies,131.51,E0190,Paid
EXP-000938,E0174,Finance,2026-03-10,Travel,209.04,E0201,Paid
EXP-001353,E0252,Procurement,2026-03-10,Client entertainment,119.24,E0280,Paid
EXP-001381,E0256,Procurement,2026-03-10,Travel,58.27,E0273,Paid
EXP-001457,E0270,Procurement,2026-03-10,Supplies,202.88,E0267,Paid
EXP-002091,E0383,IT,2026-03-10,Client entertainment,20.41,E0379,Paid
EXP-002205,E0405,IT,2026-03-10,Accommodation,60.1,E0379,Paid
EXP-002410,E0443,IT,2026-03-10,Client entertainment,92.0,E0379,Paid
EXP-002878,E0499,Operations,2026-03-10,Training,56.34,E0900,Paid
EXP-003278,E0533,Operations,2026-03-10,Client entertainment,14.38,E0918,Paid
EXP-003399,E0543,Operations,2026-03-10,Client entertainment,229.39,E0914,Paid
EXP-003657,E0561,Operations,2026-03-10,Training,526.35,E0914,Paid
EXP-004471,E0631,Operations,2026-03-10,Travel,17.65,E0917,Paid
EXP-004515,E0635,Operations,2026-03-10,Accommodation,252.79,E0928,Paid
EXP-004536,E0638,Operations,2026-03-10,Supplies,186.75,E0916,Paid
EXP-004628,E0644,Operations,2026-03-10,Accommodation,64.57,E0911,Paid
EXP-004940,E0673,Operations,2026-03-10,Supplies,38.64,E0909,Paid
EXP-005796,E0749,Operations,2026-03-10,Meals,158.92,E0918,Paid
EXP-005799,E0750,Operations,2026-03-10,Travel,366.26,E0910,Paid
EXP-006243,E0786,Operations,2026-03-10,Travel,414.74,E0901,Paid
EXP-006721,E0826,Operations,2026-03-10,Accommodation,28.52,E0934,Paid
EXP-006746,E0828,Operations,2026-03-10,Accommodation,197.38,E0921,Paid
EXP-007011,E0848,Operations,2026-03-10,Supplies,91.89,E0910,Paid
EXP-007352,E0878,Operations,2026-03-10,Client entertainment,89.63,E0923,Paid
EXP-007474,E0886,Operations,2026-03-10,Supplies,140.7,E0914,Paid
EXP-007664,E0903,Operations,2026-03-10,Travel,139.06,E0931,Paid
EXP-007769,E0910,Operations,2026-03-10,Client entertainment,291.59,E0917,Paid
EXP-008108,E0935,Operations,2026-03-10,Client entertainment,87.8,E0900,Paid
EXP-008157,E0939,Sales,2026-03-10,Training,165.53,E1055,Paid
EXP-008865,E0994,Sales,2026-03-10,Client entertainment,84.35,E0970,Paid
EXP-009550,E1052,Sales,2026-03-10,Training,114.36,E0987,Paid
EXP-009803,E1072,Sales,2026-03-10,Travel,100.91,E0973,Paid
EXP-009806,E1072,Sales,2026-03-10,Meals,69.92,E0973,Paid
EXP-009946,E1082,Sales,2026-03-10,Accommodation,39.63,E1002,Paid
EXP-010604,E1172,Facilities,2026-03-10,Supplies,170.06,E1121,Paid
EXP-010795,E1202,Facilities,2026-03-10,Supplies,207.21,E1121,Paid
EXP-000069,E0016,Finance,2026-03-11,Training,99.59,E0199,Paid
EXP-000738,E0136,Finance,2026-03-11,Travel,486.72,E0201,Paid
EXP-000805,E0150,Finance,2026-03-11,Meals,216.84,E0192,Paid
EXP-001008,E0185,Finance,2026-03-11,Client entertainment,137.77,E0205,Paid
EXP-001063,E0192,Finance,2026-03-11,Travel,58.6,E0205,Paid
EXP-001513,E0279,Procurement,2026-03-11,Client entertainment,62.3,E0268,Paid
EXP-001710,E0315,Human Resources,2026-03-11,Travel,57.86,E0343,Paid
EXP-002148,E0393,IT,2026-03-11,Meals,288.74,E0379,Paid
EXP-004222,E0613,Operations,2026-03-11,Meals,123.54,E0929,Paid
EXP-004255,E0615,Operations,2026-03-11,Training,343.21,E0937,Paid
EXP-004794,E0660,Operations,2026-03-11,Travel,260.55,E0930,Paid
EXP-005239,E0698,Operations,2026-03-11,Travel,52.7,E0910,Paid
EXP-006378,E0798,Operations,2026-03-11,Client entertainment,22.39,E0932,Paid
EXP-007180,E0861,Operations,2026-03-11,Supplies,56.51,E0908,Paid
EXP-007648,E0901,Operations,2026-03-11,Meals,64.44,E0934,Paid
EXP-007876,E0917,Operations,2026-03-11,Accommodation,296.45,E0903,Paid
EXP-007969,E0924,Operations,2026-03-11,Training,92.41,E0914,Paid
EXP-009614,E1057,Sales,2026-03-11,Travel,119.49,E0958,Paid
EXP-009841,E1076,Sales,2026-03-11,Accommodation,140.31,E1047,Paid
EXP-010364,E1122,Facilities,2026-03-11,Accommodation,42.5,E1121,Paid
EXP-010437,E1140,Facilities,2026-03-11,Supplies,105.82,E1121,Paid
EXP-010450,E1143,Facilities,2026-03-11,Travel,29.03,E1121,Paid
EXP-010488,E1152,Facilities,2026-03-11,Client entertainment,64.77,E1121,Paid
EXP-000497,E0091,Finance,2026-03-12,Training,385.59,E0193,Paid
EXP-000878,E0165,Finance,2026-03-12,Accommodation,41.87,E0208,Paid
EXP-000944,E0175,Finance,2026-03-12,Training,117.65,E0195,Paid
EXP-001409,E0260,Procurement,2026-03-12,Meals,63.16,E0277,Paid
EXP-002081,E0381,IT,2026-03-12,Meals,71.44,E0379,Paid
EXP-002688,E0484,Operations,2026-03-12,Client entertainment,166.48,E0902,Paid
EXP-002885,E0499,Operations,2026-03-12,Supplies,106.55,E0900,Paid
EXP-003556,E0554,Operations,2026-03-12,Client entertainment,18.74,E0918,Paid
EXP-004655,E0647,Operations,2026-03-12,Client entertainment,62.08,E0934,Paid
EXP-005025,E0680,Operations,2026-03-12,Supplies,68.82,E0919,Paid
EXP-005494,E0722,Operations,2026-03-12,Meals,212.22,E0936,Paid
EXP-006179,E0781,Operations,2026-03-12,Supplies,315.93,E0936,Paid
EXP-006429,E0800,Operations,2026-03-12,Client entertainment,104.98,E0910,Paid
EXP-006672,E0820,Operations,2026-03-12,Meals,37.27,E0926,Paid
EXP-007107,E0855,Operations,2026-03-12,Travel,109.76,E0925,Paid
EXP-007482,E0887,Operations,2026-03-12,Accommodation,22.31,E0926,Paid
EXP-007527,E0890,Operations,2026-03-12,Client entertainment,107.24,E0901,Paid
EXP-007767,E0910,Operations,2026-03-12,Training,141.47,E0917,Paid
EXP-008117,E0936,Operations,2026-03-12,Client entertainment,222.82,E0920,Paid
EXP-008152,E0939,Sales,2026-03-12,Travel,107.3,E1055,Paid
EXP-008316,E0951,Sales,2026-03-12,Supplies,40.46,E0984,Paid
EXP-008345,E0955,Sales,2026-03-12,Travel,39.1,E1069,Paid
EXP-008880,E0995,Sales,2026-03-12,Meals,33.03,E0997,Paid
EXP-008941,E1000,Sales,2026-03-12,Accommodation,188.28,E0989,Paid
EXP-010051,E1092,Sales,2026-03-12,Accommodation,43.84,E1057,Paid
EXP-010160,E1100,Sales,2026-03-12,Supplies,104.47,E1058,Paid
EXP-000030,E0008,Finance,2026-03-13,Client entertainment,31.9,E0194,Paid
EXP-000595,E0109,Finance,2026-03-13,Accommodation,75.21,E0197,Paid
EXP-000664,E0120,Finance,2026-03-13,Meals,113.86,E0203,Paid
EXP-000751,E0138,Finance,2026-03-13,Meals,47.3,E0203,Paid
EXP-000771,E0141,Finance,2026-03-13,Accommodation,40.73,E0192,Paid
EXP-000898,E0169,Finance,2026-03-13,Accommodation,106.45,E0199,Paid
EXP-001251,E0234,Procurement,2026-03-13,Training,96.26,E0268,Paid
EXP-001281,E0239,Procurement,2026-03-13,Accommodation,246.43,E0277,Paid
EXP-001449,E0269,Procurement,2026-03-13,Supplies,127.99,E0278,Paid
EXP-001584,E0289,Procurement,2026-03-13,Accommodation,187.24,E0277,Paid
EXP-001780,E0326,Human Resources,2026-03-13,Client entertainment,65.22,E0339,Paid
EXP-002286,E0418,IT,2026-03-13,Client entertainment,272.26,E0379,Paid
EXP-002405,E0442,IT,2026-03-13,Travel,67.34,E0379,Paid
EXP-002594,E0477,Operations,2026-03-13,Meals,48.61,E0906,Paid
EXP-003045,E0513,Operations,2026-03-13,Accommodation,78.64,E0918,Paid
EXP-003578,E0556,Operations,2026-03-13,Accommodation,74.58,E0909,Paid
EXP-003672,E0563,Operations,2026-03-13,Accommodation,152.13,E0916,Paid
EXP-004632,E0644,Operations,2026-03-13,Accommodation,181.91,E0911,Paid
EXP-005224,E0697,Operations,2026-03-13,Training,126.47,E0934,Paid
EXP-005928,E0761,Operations,2026-03-13,Client entertainment,320.75,E0907,Paid
EXP-005999,E0766,Operations,2026-03-13,Supplies,74.46,E0900,Paid
EXP-006413,E0799,Operations,2026-03-13,Client entertainment,46.31,E0914,Paid
EXP-006989,E0845,Operations,2026-03-13,Travel,90.25,E0916,Paid
EXP-007009,E0846,Operations,2026-03-13,Accommodation,244.1,E0938,Paid
EXP-008411,E0959,Sales,2026-03-13,Accommodation,372.85,E1052,Paid
EXP-008484,E0964,Sales,2026-03-13,Travel,213.12,E1105,Paid
EXP-008703,E0982,Sales,2026-03-13,Meals,412.26,E0956,Paid
EXP-008715,E0982,Sales,2026-03-13,Client entertainment,25.38,E0956,Paid
EXP-009166,E1021,Sales,2026-03-13,Travel,171.43,E1010,Paid
EXP-009188,E1022,Sales,2026-03-13,Training,58.52,E0970,Paid
EXP-009193,E1023,Sales,2026-03-13,Training,194.35,E1042,Paid
EXP-010377,E1124,Facilities,2026-03-13,Travel,93.15,E1121,Paid
EXP-010715,E1189,Facilities,2026-03-13,Travel,190.23,E1121,Paid
EXP-000639,E0117,Finance,2026-03-14,Meals,512.97,E0190,Paid
EXP-000704,E0129,Finance,2026-03-14,Accommodation,32.77,E0205,Paid
EXP-001576,E0288,Procurement,2026-03-14,Accommodation,131.5,E0280,Paid
EXP-002269,E0415,IT,2026-03-14,Accommodation,84.09,E0379,Paid
EXP-002411,E0443,IT,2026-03-14,Supplies,14.8,E0379,Paid
EXP-003236,E0528,Operations,2026-03-14,Accommodation,45.67,E0930,Paid
EXP-004166,E0610,Operations,2026-03-14,Travel,248.03,E0907,Paid
EXP-004717,E0653,Operations,2026-03-14,Meals,38.29,E0936,Paid
EXP-004811,E0661,Operations,2026-03-14,Supplies,58.19,E0916,Paid
EXP-004864,E0668,Operations,2026-03-14,Client entertainment,162.31,E0913,Paid
EXP-004894,E0670,Operations,2026-03-14,Travel,30.94,E0913,Paid
EXP-005060,E0683,Operations,2026-03-14,Supplies,181.06,E0910,Paid
EXP-005262,E0699,Operations,2026-03-14,Training,90.21,E0931,Paid
EXP-005320,E0704,Operations,2026-03-14,Training,112.21,E0924,Paid
EXP-005972,E0764,Operations,2026-03-14,Travel,41.8,E0934,Paid
EXP-006055,E0770,Operations,2026-03-14,Training,55.31,E0912,Paid
EXP-006183,E0781,Operations,2026-03-14,Meals,123.17,E0936,Paid
EXP-006670,E0820,Operations,2026-03-14,Supplies,198.64,E0926,Paid
EXP-006706,E0825,Operations,2026-03-14,Client entertainment,276.8,E0905,Paid
EXP-006858,E0834,Operations,2026-03-14,Meals,39.71,E0933,Paid
EXP-007018,E0848,Operations,2026-03-14,Client entertainment,58.91,E0910,Paid
EXP-007343,E0877,Operations,2026-03-14,Supplies,5.17,E0909,Paid
EXP-007792,E0912,Operations,2026-03-14,Travel,489.28,E0900,Paid
EXP-007838,E0914,Operations,2026-03-14,Travel,77.99,E0001,Paid
EXP-008409,E0959,Sales,2026-03-14,Travel,81.4,E1052,Paid
EXP-008722,E0983,Sales,2026-03-14,Travel,111.59,E0942,Paid
EXP-008757,E0985,Sales,2026-03-14,Client entertainment,236.75,E0977,Paid
EXP-009005,E1006,Sales,2026-03-14,Client entertainment,15.19,E0948,Paid
EXP-009259,E1028,Sales,2026-03-14,Accommodation,121.73,E1026,Paid
EXP-009665,E1061,Sales,2026-03-14,Supplies,202.61,E1035,Paid
EXP-009788,E1071,Sales,2026-03-14,Meals,143.82,E0953,Paid
EXP-009792,E1071,Sales,2026-03-14,Supplies,71.55,E0953,Paid
EXP-000070,E0016,Finance,2026-03-15,Supplies,58.29,E0199,Paid
EXP-000353,E0066,Finance,2026-03-15,Client entertainment,127.49,E0194,Paid
EXP-000939,E0174,Finance,2026-03-15,Client entertainment,85.13,E0201,Paid
EXP-001014,E0186,Finance,2026-03-15,Meals,27.09,E0196,Paid
EXP-001411,E0261,Procurement,2026-03-15,Training,228.54,E0273,Paid
EXP-001492,E0275,Procurement,2026-03-15,Client entertainment,99.46,E0268,Paid
EXP-001543,E0284,Procurement,2026-03-15,Meals,105.71,E0272,Paid
EXP-002401,E0442,IT,2026-03-15,Supplies,70.47,E0379,Paid
EXP-002472,E0456,IT,2026-03-15,Client entertainment,369.49,E0379,Paid
EXP-002781,E0492,Operations,2026-03-15,Accommodation,475.48,E0900,Paid
EXP-003275,E0533,Operations,2026-03-15,Client entertainment,72.23,E0918,Paid
EXP-003336,E0537,Operations,2026-03-15,Training,37.68,E0914,Paid
EXP-003956,E0587,Operations,2026-03-15,Accommodation,74.73,E0906,Paid
EXP-004073,E0596,Operations,2026-03-15,Accommodation,75.45,E0908,Paid
EXP-004199,E0612,Operations,2026-03-15,Supplies,139.26,E0922,Paid
EXP-004246,E0615,Operations,2026-03-15,Meals,74.95,E0937,Paid
EXP-004842,E0665,Operations,2026-03-15,Supplies,83.48,E0922,Paid
EXP-005021,E0680,Operations,2026-03-15,Client entertainment,63.96,E0919,Paid
EXP-005302,E0703,Operations,2026-03-15,Accommodation,48.72,E0900,Paid
EXP-005734,E0742,Operations,2026-03-15,Training,66.21,E0938,Paid
EXP-005808,E0750,Operations,2026-03-15,Meals,90.63,E0910,Paid
EXP-006849,E0834,Operations,2026-03-15,Supplies,77.94,E0933,Paid
EXP-009663,E1061,Sales,2026-03-15,Supplies,16.66,E1035,Paid
EXP-010369,E1123,Facilities,2026-03-15,Accommodation,96.63,E1121,Paid
EXP-010463,E1146,Facilities,2026-03-15,Supplies,158.59,E1121,Paid
EXP-010890,E1033,Sales,2026-03-15,Client entertainment,951.7,E1044,Paid
EXP-000006,E0001,Finance,2026-03-16,Travel,142.85,E0209,Paid
EXP-000041,E0010,Finance,2026-03-16,Training,404.72,E0204,Paid
EXP-000342,E0064,Finance,2026-03-16,Supplies,67.9,E0210,Paid
EXP-000548,E0102,Finance,2026-03-16,Supplies,492.39,E0198,Paid
EXP-000846,E0160,Finance,2026-03-16,Supplies,166.97,E0203,Paid
EXP-001101,E0198,Finance,2026-03-16,Meals,193.79,E0200,Paid
EXP-001208,E0224,Procurement,2026-03-16,Accommodation,99.96,E0270,Paid
EXP-001540,E0284,Procurement,2026-03-16,Client entertainment,292.19,E0272,Paid
EXP-002280,E0416,IT,2026-03-16,Client entertainment,104.05,E0379,Paid
EXP-002987,E0508,Operations,2026-03-16,Supplies,105.49,E0929,Paid
EXP-003042,E0512,Operations,2026-03-16,Travel,100.47,E0903,Paid
EXP-003100,E0518,Operations,2026-03-16,Client entertainment,263.86,E0902,Paid
EXP-003137,E0521,Operations,2026-03-16,Training,34.1,E0917,Paid
EXP-003606,E0558,Operations,2026-03-16,Accommodation,85.88,E0906,Paid
EXP-003814,E0574,Operations,2026-03-16,Client entertainment,63.36,E0927,Paid
EXP-004137,E0605,Operations,2026-03-16,Accommodation,91.88,E0927,Paid
EXP-004546,E0638,Operations,2026-03-16,Client entertainment,1271.63,E0916,Paid
EXP-004608,E0643,Operations,2026-03-16,Client entertainment,47.73,E0921,Paid
EXP-005990,E0766,Operations,2026-03-16,Training,31.91,E0900,Paid
EXP-006014,E0767,Operations,2026-03-16,Training,273.92,E0920,Paid
EXP-006175,E0781,Operations,2026-03-16,Client entertainment,169.12,E0936,Paid
EXP-006221,E0785,Operations,2026-03-16,Meals,44.39,E0924,Paid
EXP-006352,E0796,Operations,2026-03-16,Meals,28.32,E0937,Paid
EXP-006485,E0805,Operations,2026-03-16,Supplies,116.78,E0900,Paid
EXP-006899,E0839,Operations,2026-03-16,Supplies,72.02,E0933,Paid
EXP-007064,E0852,Operations,2026-03-16,Meals,407.61,E0914,Paid
EXP-007314,E0874,Operations,2026-03-16,Client entertainment,57.69,E0908,Paid
EXP-007494,E0887,Operations,2026-03-16,Accommodation,98.02,E0926,Paid
EXP-008402,E0958,Sales,2026-03-16,Meals,89.39,E1057,Paid
EXP-008559,E0970,Sales,2026-03-16,Meals,56.28,E1021,Paid
EXP-008664,E0979,Sales,2026-03-16,Client entertainment,68.24,E0960,Paid
EXP-009000,E1006,Sales,2026-03-16,Accommodation,655.02,E0948,Paid
EXP-009328,E1034,Sales,2026-03-16,Meals,239.41,E0973,Paid
EXP-010807,E1204,Facilities,2026-03-16,Accommodation,263.5,E1121,Paid
EXP-000023,E0007,Finance,2026-03-17,Meals,47.25,E0208,Paid
EXP-000259,E0047,Finance,2026-03-17,Travel,88.14,E0195,Paid
EXP-000345,E0064,Finance,2026-03-17,Training,78.86,E0210,Paid
EXP-000444,E0084,Finance,2026-03-17,Training,27.7,E0207,Paid
EXP-000571,E0106,Finance,2026-03-17,Client entertainment,108.65,E0201,Paid
EXP-000857,E0161,Finance,2026-03-17,Accommodation,95.63,E0210,Paid
EXP-001152,E0213,Procurement,2026-03-17,Travel,46.38,E0273,Paid
EXP-001258,E0235,Procurement,2026-03-17,Accommodation,88.1,E0274,Paid
EXP-001344,E0250,Procurement,2026-03-17,Meals,154.12,E0279,Paid
EXP-001741,E0321,Human Resources,2026-03-17,Meals,242.19,E0344,Paid
EXP-001938,E0355,Human Resources,2026-03-17,Training,19.04,E0347,Paid
EXP-002127,E0390,IT,2026-03-17,Supplies,33.86,E0379,Paid
EXP-003156,E0522,Operations,2026-03-17,Supplies,84.84,E0916,Paid
EXP-003317,E0536,Operations,2026-03-17,Meals,373.3,E0910,Paid
EXP-003437,E0545,Operations,2026-03-17,Accommodation,210.11,E0931,Paid
EXP-005409,E0717,Operations,2026-03-17,Supplies,96.76,E0917,Paid
EXP-006082,E0772,Operations,2026-03-17,Training,271.6,E0910,Paid
EXP-006334,E0793,Operations,2026-03-17,Training,105.98,E0899,Paid
EXP-006517,E0807,Operations,2026-03-17,Supplies,63.12,E0907,Paid
EXP-006733,E0827,Operations,2026-03-17,Travel,76.89,E0915,Paid
EXP-006814,E0833,Operations,2026-03-17,Training,98.32,E0925,Paid
EXP-006953,E0842,Operations,2026-03-17,Accommodation,573.79,E0909,Paid
EXP-006977,E0844,Operations,2026-03-17,Accommodation,565.62,E0914,Paid
EXP-007649,E0901,Operations,2026-03-17,Supplies,66.45,E0934,Paid
EXP-008118,E0936,Operations,2026-03-17,Accommodation,211.4,E0920,Paid
EXP-008670,E0979,Sales,2026-03-17,Client entertainment,35.95,E0960,Paid
EXP-008710,E0982,Sales,2026-03-17,Meals,78.07,E0956,Paid
EXP-009723,E1065,Sales,2026-03-17,Supplies,55.53,E1029,Paid
EXP-009959,E1084,Sales,2026-03-17,Client entertainment,33.96,E1041,Paid
EXP-010124,E1097,Sales,2026-03-17,Training,47.09,E1030,Paid
EXP-010159,E1100,Sales,2026-03-17,Accommodation,158.38,E1058,Paid
EXP-010259,E1106,Sales,2026-03-17,Accommodation,249.97,E1040,Paid
EXP-010484,E1151,Facilities,2026-03-17,Travel,171.29,E1121,Paid
EXP-010525,E1157,Facilities,2026-03-17,Meals,49.61,E1121,Paid
EXP-010630,E1175,Facilities,2026-03-17,Supplies,22.85,E1121,Paid
EXP-000452,E0085,Finance,2026-03-18,Accommodation,9.73,E0206,Paid
EXP-000478,E0089,Finance,2026-03-18,Client entertainment,191.65,E0198,Paid
EXP-000672,E0122,Finance,2026-03-18,Training,44.15,E0210,Paid
EXP-000689,E0124,Finance,2026-03-18,Travel,84.01,E0195,Paid
EXP-000750,E0138,Finance,2026-03-18,Training,151.41,E0203,Paid
EXP-001081,E0195,Finance,2026-03-18,Supplies,51.33,E0204,Paid
EXP-001264,E0237,Procurement,2026-03-18,Supplies,162.87,E0267,Paid
EXP-001269,E0237,Procurement,2026-03-18,Training,163.87,E0267,Paid
EXP-001327,E0248,Procurement,2026-03-18,Meals,48.23,E0270,Paid
EXP-001396,E0259,Procurement,2026-03-18,Training,74.15,E0277,Paid
EXP-002661,E0482,Operations,2026-03-18,Travel,71.99,E0919,Paid
EXP-002922,E0501,Operations,2026-03-18,Client entertainment,87.1,E0903,Paid
EXP-003790,E0573,Operations,2026-03-18,Accommodation,20.4,E0915,Paid
EXP-004060,E0595,Operations,2026-03-18,Travel,182.62,E0935,Paid
EXP-004108,E0602,Operations,2026-03-18,Supplies,71.2,E0919,Paid
EXP-004267,E0616,Operations,2026-03-18,Training,47.82,E0926,Paid
EXP-004290,E0618,Operations,2026-03-18,Accommodation,60.59,E0906,Paid
EXP-004485,E0633,Operations,2026-03-18,Accommodation,82.35,E0901,Paid
EXP-004510,E0635,Operations,2026-03-18,Training,309.95,E0928,Paid
EXP-004702,E0651,Operations,2026-03-18,Meals,82.16,E0917,Paid
EXP-005201,E0696,Operations,2026-03-18,Accommodation,303.87,E0925,Paid
EXP-005229,E0697,Operations,2026-03-18,Meals,82.43,E0934,Paid
EXP-007203,E0863,Operations,2026-03-18,Supplies,111.89,E0929,Paid
EXP-007301,E0873,Operations,2026-03-18,Training,199.84,E0914,Paid
EXP-007647,E0901,Operations,2026-03-18,Travel,43.42,E0934,Paid
EXP-007755,E0909,Operations,2026-03-18,Meals,31.99,E0922,Paid
EXP-008169,E0940,Sales,2026-03-18,Supplies,108.23,E0955,Paid
EXP-008190,E0942,Sales,2026-03-18,Supplies,36.84,E1075,Paid
EXP-009074,E1011,Sales,2026-03-18,Accommodation,21.57,E1102,Paid
EXP-009098,E1016,Sales,2026-03-18,Supplies,87.75,E1070,Paid
EXP-009263,E1029,Sales,2026-03-18,Client entertainment,44.32,E1099,Paid
EXP-010024,E1090,Sales,2026-03-18,Training,147.42,E0999,Paid
EXP-010028,E1090,Sales,2026-03-18,Meals,48.66,E0999,Paid
EXP-010252,E1106,Sales,2026-03-18,Accommodation,149.31,E1040,Paid
EXP-010434,E1140,Facilities,2026-03-18,Travel,28.06,E1121,Paid
EXP-000289,E0053,Finance,2026-03-19,Client entertainment,12.37,E0201,Paid
EXP-000942,E0174,Finance,2026-03-19,Supplies,42.76,E0201,Paid
EXP-001042,E0190,Finance,2026-03-19,Accommodation,90.34,E0196,Paid
EXP-001247,E0231,Procurement,2026-03-19,Meals,451.46,E0273,Paid
EXP-001497,E0275,Procurement,2026-03-19,Client entertainment,44.29,E0268,Paid
EXP-001597,E0291,Procurement,2026-03-19,Supplies,307.92,E0269,Paid
EXP-001669,E0308,Human Resources,2026-03-19,Training,130.83,E0342,Paid
EXP-002654,E0482,Operations,2026-03-19,Accommodation,230.65,E0919,Paid
EXP-003031,E0512,Operations,2026-03-19,Training,79.27,E0903,Paid
EXP-003440,E0545,Operations,2026-03-19,Supplies,57.01,E0931,Paid
EXP-003621,E0559,Operations,2026-03-19,Training,256.9,E0917,Paid
EXP-004117,E0602,Operations,2026-03-19,Training,110.31,E0919,Paid
EXP-004126,E0605,Operations,2026-03-19,Training,186.87,E0927,Paid
EXP-004273,E0616,Operations,2026-03-19,Client entertainment,95.4,E0926,Paid
EXP-005143,E0690,Operations,2026-03-19,Supplies,133.7,E0918,Paid
EXP-005332,E0706,Operations,2026-03-19,Client entertainment,231.82,E0918,Paid
EXP-005787,E0749,Operations,2026-03-19,Accommodation,52.72,E0918,Paid
EXP-006063,E0771,Operations,2026-03-19,Client entertainment,13.17,E0933,Paid
EXP-006176,E0781,Operations,2026-03-19,Client entertainment,212.37,E0936,Paid
EXP-006787,E0830,Operations,2026-03-19,Travel,89.19,E0917,Paid
EXP-007484,E0887,Operations,2026-03-19,Client entertainment,196.7,E0926,Paid
EXP-007935,E0922,Operations,2026-03-19,Client entertainment,171.89,E0936,Paid
EXP-008072,E0931,Operations,2026-03-19,Training,155.45,E0929,Paid
EXP-008938,E1000,Sales,2026-03-19,Supplies,43.19,E0989,Paid
EXP-009063,E1011,Sales,2026-03-19,Client entertainment,192.75,E1102,Paid
EXP-009225,E1024,Sales,2026-03-19,Client entertainment,226.95,E1074,Paid
EXP-009456,E1043,Sales,2026-03-19,Training,35.99,E1099,Paid
EXP-009887,E1079,Sales,2026-03-19,Travel,132.29,E0958,Paid
EXP-010180,E1102,Sales,2026-03-19,Training,86.53,E1067,Paid
EXP-010355,E1121,Facilities,2026-03-19,Client entertainment,108.32,E0001,Paid
EXP-010385,E1125,Facilities,2026-03-19,Training,194.47,E1121,Paid
EXP-010426,E1137,Facilities,2026-03-19,Supplies,88.03,E1121,Paid
EXP-010735,E1192,Facilities,2026-03-19,Training,144.93,E1121,Paid
EXP-010885,E1033,Sales,2026-03-19,Client entertainment,918.6,E1044,Paid
EXP-000119,E0025,Finance,2026-03-20,Client entertainment,63.28,E0196,Paid
EXP-000148,E0031,Finance,2026-03-20,Accommodation,93.6,E0201,Paid
EXP-000211,E0040,Finance,2026-03-20,Accommodation,49.43,E0200,Paid
EXP-000605,E0111,Finance,2026-03-20,Accommodation,32.42,E0203,Paid
EXP-000753,E0138,Finance,2026-03-20,Travel,74.99,E0203,Paid
EXP-001093,E0196,Finance,2026-03-20,Client entertainment,37.37,E0001,Paid
EXP-001097,E0198,Finance,2026-03-20,Travel,137.39,E0200,Paid
EXP-001127,E0205,Finance,2026-03-20,Accommodation,285.7,E0197,Paid
EXP-001858,E0340,Human Resources,2026-03-20,Travel,123.05,E0337,Paid
EXP-002435,E0447,IT,2026-03-20,Accommodation,180.18,E0379,Paid
EXP-002673,E0483,Operations,2026-03-20,Meals,95.64,E0919,Paid
EXP-002835,E0495,Operations,2026-03-20,Training,54.06,E0900,Paid
EXP-002852,E0497,Operations,2026-03-20,Travel,124.73,E0909,Paid
EXP-004054,E0595,Operations,2026-03-20,Training,45.36,E0935,Paid
EXP-004093,E0599,Operations,2026-03-20,Meals,173.0,E0909,Paid
EXP-004104,E0599,Operations,2026-03-20,Travel,210.0,E0909,Paid
EXP-004282,E0617,Operations,2026-03-20,Training,27.87,E0933,Paid
EXP-004576,E0640,Operations,2026-03-20,Supplies,288.56,E0938,Paid
EXP-004865,E0668,Operations,2026-03-20,Accommodation,517.36,E0913,Paid
EXP-004918,E0672,Operations,2026-03-20,Accommodation,133.02,E0918,Paid
EXP-005202,E0696,Operations,2026-03-20,Supplies,122.95,E0925,Paid
EXP-006002,E0766,Operations,2026-03-20,Client entertainment,306.2,E0900,Paid
EXP-006035,E0769,Operations,2026-03-20,Meals,205.48,E0928,Paid
EXP-006690,E0821,Operations,2026-03-20,Meals,58.16,E0920,Paid
EXP-007217,E0864,Operations,2026-03-20,Travel,302.67,E0912,Paid
EXP-007598,E0897,Operations,2026-03-20,Meals,20.46,E0935,Paid
EXP-007849,E0915,Operations,2026-03-20,Client entertainment,43.73,E0911,Paid
EXP-007924,E0921,Operations,2026-03-20,Client entertainment,120.98,E0916,Paid
EXP-008607,E0974,Sales,2026-03-20,Supplies,163.17,E1088,Paid
EXP-009159,E1021,Sales,2026-03-20,Supplies,595.13,E1010,Paid
EXP-010251,E1106,Sales,2026-03-20,Supplies,1242.7,E1040,Paid
EXP-010824,E0965,Sales,2026-03-20,Client entertainment,993.07,E0976,Paid
EXP-010847,E0965,Sales,2026-03-20,Client entertainment,974.95,E0976,Paid
EXP-000690,E0125,Finance,2026-03-21,Supplies,52.17,E0196,Paid
EXP-000948,E0175,Finance,2026-03-21,Supplies,158.41,E0195,Paid
EXP-001106,E0199,Finance,2026-03-21,Meals,319.16,E0196,Paid
EXP-001335,E0249,Procurement,2026-03-21,Training,1314.63,E0268,Paid
EXP-001541,E0284,Procurement,2026-03-21,Training,128.11,E0272,Paid
EXP-001976,E0364,Human Resources,2026-03-21,Travel,119.36,E0376,Paid
EXP-002024,E0371,Human Resources,2026-03-21,Accommodation,557.45,E0350,Paid
EXP-002601,E0477,Operations,2026-03-21,Travel,300.28,E0906,Paid
EXP-003545,E0553,Operations,2026-03-21,Accommodation,336.24,E0919,Paid
EXP-003575,E0556,Operations,2026-03-21,Supplies,8.33,E0909,Paid
EXP-003841,E0578,Operations,2026-03-21,Accommodation,86.9,E0901,Paid
EXP-004446,E0629,Operations,2026-03-21,Travel,181.36,E0935,Paid
EXP-004537,E0638,Operations,2026-03-21,Supplies,107.29,E0916,Paid
EXP-004711,E0651,Operations,2026-03-21,Training,187.02,E0917,Paid
EXP-004850,E0665,Operations,2026-03-21,Client entertainment,90.4,E0922,Paid
EXP-004969,E0675,Operations,2026-03-21,Supplies,101.39,E0938,Paid
EXP-005022,E0680,Operations,2026-03-21,Travel,88.54,E0919,Paid
EXP-005766,E0746,Operations,2026-03-21,Training,87.12,E0930,Paid
EXP-005848,E0754,Operations,2026-03-21,Accommodation,195.55,E0924,Paid
EXP-005955,E0763,Operations,2026-03-21,Supplies,21.16,E0914,Paid
EXP-006214,E0785,Operations,2026-03-21,Travel,467.25,E0924,Paid
EXP-006293,E0791,Operations,2026-03-21,Accommodation,65.21,E0910,Paid
EXP-007040,E0850,Operations,2026-03-21,Training,198.13,E0918,Paid
EXP-007136,E0858,Operations,2026-03-21,Meals,50.92,E0917,Paid
EXP-007888,E0918,Operations,2026-03-21,Training,36.03,E0926,Paid
EXP-007921,E0921,Operations,2026-03-21,Accommodation,193.35,E0916,Paid
EXP-008432,E0961,Sales,2026-03-21,Accommodation,125.04,E1097,Paid
EXP-008725,E0983,Sales,2026-03-21,Training,161.64,E0942,Paid
EXP-009214,E1024,Sales,2026-03-21,Supplies,16.1,E1074,Paid
EXP-009290,E1031,Sales,2026-03-21,Client entertainment,18.61,E0961,Paid
EXP-009424,E1041,Sales,2026-03-21,Accommodation,134.34,E0944,Paid
EXP-009523,E1050,Sales,2026-03-21,Client entertainment,63.99,E1011,Paid
EXP-009971,E1085,Sales,2026-03-21,Travel,99.46,E0939,Paid
EXP-010244,E1105,Sales,2026-03-21,Supplies,27.39,E0953,Paid
EXP-010537,E1158,Facilities,2026-03-21,Client entertainment,77.0,E1121,Paid
EXP-010702,E1187,Facilities,2026-03-21,Client entertainment,429.9,E1121,Paid
EXP-000383,E0070,Finance,2026-03-22,Supplies,180.48,E0196,Paid
EXP-000997,E0183,Finance,2026-03-22,Training,47.55,E0198,Paid
EXP-001284,E0240,Procurement,2026-03-22,Travel,76.33,E0272,Paid
EXP-001590,E0290,Procurement,2026-03-22,Travel,173.49,E0272,Paid
EXP-002316,E0423,IT,2026-03-22,Training,40.0,E0379,Paid
EXP-002384,E0438,IT,2026-03-22,Meals,205.24,E0379,Paid
EXP-002459,E0453,IT,2026-03-22,Client entertainment,80.97,E0379,Paid
EXP-002761,E0489,Operations,2026-03-22,Training,55.7,E0930,Paid
EXP-003237,E0528,Operations,2026-03-22,Accommodation,161.45,E0930,Paid
EXP-003849,E0578,Operations,2026-03-22,Travel,674.46,E0901,Paid
EXP-003907,E0582,Operations,2026-03-22,Training,1099.45,E0898,Paid
EXP-004107,E0602,Operations,2026-03-22,Meals,137.8,E0919,Paid
EXP-004784,E0659,Operations,2026-03-22,Supplies,35.36,E0928,Paid
EXP-004816,E0663,Operations,2026-03-22,Meals,177.73,E0922,Paid
EXP-005124,E0688,Operations,2026-03-22,Accommodation,130.47,E0916,Paid
EXP-005344,E0706,Operations,2026-03-22,Client entertainment,27.6,E0918,Paid
EXP-005373,E0712,Operations,2026-03-22,Meals,219.63,E0925,Paid
EXP-005632,E0734,Operations,2026-03-22,Accommodation,446.45,E0921,Paid
EXP-005637,E0734,Operations,2026-03-22,Meals,419.19,E0921,Paid
EXP-005776,E0748,Operations,2026-03-22,Travel,533.99,E0926,Paid
EXP-006697,E0824,Operations,2026-03-22,Supplies,131.05,E0930,Paid
EXP-006761,E0828,Operations,2026-03-22,Accommodation,212.83,E0921,Paid
EXP-006763,E0829,Operations,2026-03-22,Meals,59.89,E0924,Paid
EXP-006816,E0833,Operations,2026-03-22,Client entertainment,38.61,E0925,Paid
EXP-007019,E0848,Operations,2026-03-22,Accommodation,423.03,E0910,Paid
EXP-007114,E0856,Operations,2026-03-22,Client entertainment,172.39,E0916,Paid
EXP-007148,E0859,Operations,2026-03-22,Travel,81.49,E0919,Paid
EXP-007227,E0866,Operations,2026-03-22,Training,44.21,E0921,Paid
EXP-007244,E0867,Operations,2026-03-22,Client entertainment,19.18,E0934,Paid
EXP-007261,E0870,Operations,2026-03-22,Meals,33.6,E0936,Paid
EXP-007325,E0876,Operations,2026-03-22,Supplies,148.54,E0911,Paid
EXP-007595,E0897,Operations,2026-03-22,Travel,201.42,E0935,Paid
EXP-008677,E0980,Sales,2026-03-22,Accommodation,348.53,E1093,Paid
EXP-009059,E1010,Sales,2026-03-22,Meals,80.49,E0980,Paid
EXP-009453,E1043,Sales,2026-03-22,Accommodation,135.94,E1099,Paid
EXP-010766,E1198,Facilities,2026-03-22,Supplies,378.44,E1121,Paid
EXP-000433,E0083,Finance,2026-03-23,Accommodation,339.53,E0199,Paid
EXP-000830,E0157,Finance,2026-03-23,Supplies,342.99,E0195,Paid
EXP-001470,E0272,Procurement,2026-03-23,Accommodation,321.47,E0280,Paid
EXP-001795,E0330,Human Resources,2026-03-23,Travel,68.25,E0347,Paid
EXP-002154,E0394,IT,2026-03-23,Training,179.95,E0379,Paid
EXP-002295,E0421,IT,2026-03-23,Travel,242.89,E0379,Paid
EXP-002507,E0461,IT,2026-03-23,Accommodation,32.77,E0379,Paid
EXP-002792,E0493,Operations,2026-03-23,Accommodation,37.67,E0932,Paid
EXP-002997,E0509,Operations,2026-03-23,Client entertainment,265.72,E0911,Paid
EXP-003116,E0519,Operations,2026-03-23,Accommodation,412.15,E0908,Paid
EXP-003535,E0552,Operations,2026-03-23,Client entertainment,74.26,E0911,Paid
EXP-003775,E0571,Operations,2026-03-23,Accommodation,87.62,E0906,Paid
EXP-004309,E0619,Operations,2026-03-23,Accommodation,16.21,E0910,Paid
EXP-004325,E0620,Operations,2026-03-23,Travel,813.76,E0921,Paid
EXP-004350,E0623,Operations,2026-03-23,Meals,57.14,E0909,Paid
EXP-004493,E0633,Operations,2026-03-23,Travel,142.45,E0901,Paid
EXP-004516,E0635,Operations,2026-03-23,Supplies,198.61,E0928,Paid
EXP-004756,E0656,Operations,2026-03-23,Meals,59.99,E0920,Paid
EXP-004817,E0663,Operations,2026-03-23,Supplies,169.06,E0922,Paid
EXP-004961,E0675,Operations,2026-03-23,Meals,75.4,E0938,Paid
EXP-005387,E0713,Operations,2026-03-23,Supplies,35.56,E0901,Paid
EXP-005508,E0723,Operations,2026-03-23,Supplies,50.92,E0919,Paid
EXP-005868,E0755,Operations,2026-03-23,Accommodation,323.83,E0901,Paid
EXP-006894,E0838,Operations,2026-03-23,Client entertainment,15.02,E0921,Paid
EXP-007115,E0856,Operations,2026-03-23,Supplies,149.51,E0916,Paid
EXP-007513,E0888,Operations,2026-03-23,Supplies,106.67,E0905,Paid
EXP-007538,E0891,Operations,2026-03-23,Accommodation,5.11,E0912,Paid
EXP-007846,E0915,Operations,2026-03-23,Client entertainment,180.6,E0911,Paid
EXP-007891,E0919,Operations,2026-03-23,Meals,66.28,E0898,Paid
EXP-007930,E0922,Operations,2026-03-23,Training,109.43,E0936,Paid
EXP-008126,E0937,Operations,2026-03-23,Supplies,147.82,E0910,Paid
EXP-008784,E0987,Sales,2026-03-23,Accommodation,61.95,E1001,Paid
EXP-008951,E1003,Sales,2026-03-23,Client entertainment,174.87,E1102,Paid
EXP-009073,E1011,Sales,2026-03-23,Client entertainment,141.45,E1102,Paid
EXP-010060,E1093,Sales,2026-03-23,Client entertainment,269.07,E1087,Paid
EXP-010850,E0965,Sales,2026-03-23,Client entertainment,981.79,E0976,Paid
EXP-000290,E0053,Finance,2026-03-24,Accommodation,28.42,E0201,Paid
EXP-000469,E0087,Finance,2026-03-24,Client entertainment,86.15,E0198,Paid
EXP-000697,E0126,Finance,2026-03-24,Training,102.17,E0205,Paid
EXP-000768,E0141,Finance,2026-03-24,Meals,892.04,E0192,Paid
EXP-001131,E0206,Finance,2026-03-24,Accommodation,202.92,E0203,Paid
EXP-001880,E0345,Human Resources,2026-03-24,Client entertainment,344.01,E0342,Paid
EXP-003106,E0518,Operations,2026-03-24,Client entertainment,155.5,E0902,Paid
EXP-003693,E0564,Operations,2026-03-24,Travel,9.27,E0913,Paid
EXP-005231,E0697,Operations,2026-03-24,Client entertainment,99.86,E0934,Paid
EXP-005355,E0708,Operations,2026-03-24,Supplies,140.15,E0907,Paid
EXP-005668,E0737,Operations,2026-03-24,Meals,177.31,E0915,Paid
EXP-005691,E0738,Operations,2026-03-24,Accommodation,12.15,E0903,Paid
EXP-006298,E0791,Operations,2026-03-24,Meals,84.16,E0910,Paid
EXP-006451,E0802,Operations,2026-03-24,Training,63.39,E0923,Paid
EXP-007160,E0860,Operations,2026-03-24,Accommodation,35.16,E0904,Paid
EXP-007614,E0898,Operations,2026-03-24,Training,297.88,E0903,Paid
EXP-007736,E0908,Operations,2026-03-24,Client entertainment,89.82,E0914,Paid
EXP-008008,E0927,Operations,2026-03-24,Meals,71.49,E0907,Paid
EXP-008218,E0944,Sales,2026-03-24,Travel,271.07,E0957,Paid
EXP-008297,E0949,Sales,2026-03-24,Training,78.66,E0955,Paid
EXP-008342,E0954,Sales,2026-03-24,Supplies,41.48,E1085,Paid
EXP-008538,E0969,Sales,2026-03-24,Accommodation,623.71,E1033,Paid
EXP-008802,E0989,Sales,2026-03-24,Travel,44.8,E0977,Paid
EXP-009052,E1010,Sales,2026-03-24,Client entertainment,52.62,E0980,Paid
EXP-009127,E1018,Sales,2026-03-24,Accommodation,58.1,E1019,Paid
EXP-010058,E1093,Sales,2026-03-24,Meals,306.51,E1087,Paid
EXP-010607,E1172,Facilities,2026-03-24,Travel,436.85,E1121,Paid
EXP-010634,E1175,Facilities,2026-03-24,Training,430.31,E1121,Paid
EXP-000739,E0136,Finance,2026-03-25,Supplies,80.41,E0201,Paid
EXP-000924,E0173,Finance,2026-03-25,Training,69.76,E0202,Paid
EXP-001870,E0343,Human Resources,2026-03-25,Training,686.97,E0339,Paid
EXP-001985,E0365,Human Resources,2026-03-25,Supplies,288.57,E0341,Paid
EXP-002628,E0480,Operations,2026-03-25,Supplies,186.57,E0903,Paid
EXP-004757,E0656,Operations,2026-03-25,Accommodation,347.29,E0920,Paid
EXP-005052,E0682,Operations,2026-03-25,Training,34.92,E0899,Paid
EXP-005147,E0690,Operations,2026-03-25,Supplies,91.67,E0918,Paid
EXP-005450,E0719,Operations,2026-03-25,Training,104.52,E0914,Paid
EXP-005783,E0748,Operations,2026-03-25,Meals,216.69,E0926,Paid
EXP-005918,E0760,Operations,2026-03-25,Client entertainment,187.92,E0899,Paid
EXP-005976,E0764,Operations,2026-03-25,Client entertainment,46.78,E0934,Paid
EXP-005992,E0766,Operations,2026-03-25,Meals,16.26,E0900,Paid
EXP-007565,E0894,Operations,2026-03-25,Meals,84.24,E0908,Paid
EXP-007880,E0917,Operations,2026-03-25,Supplies,20.44,E0903,Paid
EXP-008682,E0980,Sales,2026-03-25,Training,53.9,E1093,Paid
EXP-009120,E1017,Sales,2026-03-25,Travel,81.6,E1065,Paid
EXP-010336,E1117,Legal,2026-03-25,Meals,8.51,E1111,Paid
EXP-010674,E1182,Facilities,2026-03-25,Accommodation,93.76,E1121,Paid
EXP-010937,E0656,Operations,2026-03-25,Accommodation,347.29,E0920,Paid
EXP-000210,E0040,Finance,2026-03-26,Meals,506.62,E0200,Paid
EXP-000552,E0102,Finance,2026-03-26,Accommodation,40.01,E0198,Paid
EXP-003056,E0514,Operations,2026-03-26,Meals,34.42,E0907,Paid
EXP-003988,E0590,Operations,2026-03-26,Training,116.28,E0926,Paid
EXP-004178,E0610,Operations,2026-03-26,Supplies,40.89,E0907,Paid
EXP-004643,E0646,Operations,2026-03-26,Training,29.05,E0923,Paid
EXP-005451,E0719,Operations,2026-03-26,Client entertainment,125.89,E0914,Paid
EXP-005511,E0724,Operations,2026-03-26,Accommodation,74.24,E0925,Paid
EXP-005518,E0724,Operations,2026-03-26,Meals,114.88,E0925,Paid
EXP-006538,E0809,Operations,2026-03-26,Accommodation,23.07,E0920,Paid
EXP-006539,E0809,Operations,2026-03-26,Travel,81.64,E0920,Paid
EXP-006891,E0838,Operations,2026-03-26,Supplies,9.89,E0921,Paid
EXP-006988,E0845,Operations,2026-03-26,Training,328.72,E0916,Paid
EXP-007607,E0898,Operations,2026-03-26,Training,220.8,E0903,Paid
EXP-008010,E0927,Operations,2026-03-26,Travel,46.91,E0907,Paid
EXP-008306,E0949,Sales,2026-03-26,Travel,153.81,E0955,Paid
EXP-009772,E1068,Sales,2026-03-26,Training,89.48,E1071,Paid
EXP-009891,E1079,Sales,2026-03-26,Meals,60.2,E0958,Paid
EXP-009958,E1084,Sales,2026-03-26,Travel,75.21,E1041,Paid
EXP-010049,E1092,Sales,2026-03-26,Accommodation,390.36,E1057,Paid
EXP-010199,E1103,Sales,2026-03-26,Meals,108.77,E0975,Paid
EXP-010387,E1125,Facilities,2026-03-26,Meals,59.51,E1121,Paid
EXP-010679,E1183,Facilities,2026-03-26,Accommodation,6.98,E1121,Paid
EXP-010799,E1202,Facilities,2026-03-26,Supplies,65.53,E1121,Paid
EXP-010940,E0102,Finance,2026-03-26,Accommodation,40.01,E0198,Paid
EXP-000166,E0033,Finance,2026-03-27,Client entertainment,101.67,E0199,Paid
EXP-000219,E0041,Finance,2026-03-27,Training,44.55,E0205,Paid
EXP-000440,E0084,Finance,2026-03-27,Meals,241.63,E0207,Paid
EXP-001390,E0258,Procurement,2026-03-27,Supplies,270.6,E0270,Paid
EXP-001964,E0362,Human Resources,2026-03-27,Travel,143.93,E0340,Paid
EXP-002112,E0386,IT,2026-03-27,Meals,122.39,E0379,Paid
EXP-002191,E0402,IT,2026-03-27,Supplies,428.53,E0379,Paid
EXP-002648,E0481,Operations,2026-03-27,Travel,108.55,E0927,Paid
EXP-002656,E0482,Operations,2026-03-27,Training,101.25,E0919,Paid
EXP-002983,E0507,Operations,2026-03-27,Accommodation,152.22,E0930,Paid
EXP-003016,E0510,Operations,2026-03-27,Meals,92.73,E0920,Paid
EXP-003125,E0520,Operations,2026-03-27,Training,35.08,E0907,Paid
EXP-003288,E0534,Operations,2026-03-27,Meals,67.58,E0925,Paid
EXP-003819,E0575,Operations,2026-03-27,Meals,18.29,E0904,Paid
EXP-004132,E0605,Operations,2026-03-27,Travel,78.38,E0927,Paid
EXP-004409,E0626,Operations,2026-03-27,Accommodation,20.68,E0910,Paid
EXP-005138,E0690,Operations,2026-03-27,Travel,53.19,E0918,Paid
EXP-005145,E0690,Operations,2026-03-27,Client entertainment,115.04,E0918,Paid
EXP-005176,E0692,Operations,2026-03-27,Training,96.35,E0930,Paid
EXP-005221,E0697,Operations,2026-03-27,Travel,241.04,E0934,Paid
EXP-005254,E0699,Operations,2026-03-27,Training,52.01,E0931,Paid
EXP-005670,E0737,Operations,2026-03-27,Client entertainment,27.29,E0915,Paid
EXP-005963,E0763,Operations,2026-03-27,Meals,168.04,E0914,Paid
EXP-005970,E0764,Operations,2026-03-27,Accommodation,40.16,E0934,Paid
EXP-006307,E0792,Operations,2026-03-27,Supplies,39.82,E0916,Paid
EXP-006722,E0826,Operations,2026-03-27,Supplies,232.51,E0934,Paid
EXP-007058,E0851,Operations,2026-03-27,Accommodation,15.92,E0932,Paid
EXP-007405,E0881,Operations,2026-03-27,Accommodation,107.47,E0910,Paid
EXP-007419,E0882,Operations,2026-03-27,Supplies,167.93,E0935,Paid
EXP-007515,E0890,Operations,2026-03-27,Travel,302.25,E0901,Paid
EXP-007625,E0899,Operations,2026-03-27,Training,96.67,E0903,Paid
EXP-007926,E0922,Operations,2026-03-27,Travel,723.19,E0936,Paid
EXP-007978,E0925,Operations,2026-03-27,Meals,58.01,E0900,Paid
EXP-008583,E0972,Sales,2026-03-27,Meals,106.94,E1087,Paid
EXP-009512,E1048,Sales,2026-03-27,Client entertainment,487.29,E1026,Paid
EXP-009981,E1086,Sales,2026-03-27,Client entertainment,87.71,E0959,Paid
EXP-010001,E1089,Sales,2026-03-27,Supplies,140.66,E0959,Paid
EXP-010568,E1164,Facilities,2026-03-27,Client entertainment,155.91,E1121,Paid
EXP-001375,E0255,Procurement,2026-03-28,Client entertainment,618.09,E0269,Paid
EXP-003044,E0513,Operations,2026-03-28,Training,115.46,E0918,Paid
EXP-003380,E0541,Operations,2026-03-28,Client entertainment,17.63,E0930,Paid
EXP-003436,E0545,Operations,2026-03-28,Accommodation,276.92,E0931,Paid
EXP-004943,E0673,Operations,2026-03-28,Meals,122.08,E0909,Paid
EXP-005113,E0688,Operations,2026-03-28,Supplies,906.04,E0916,Paid
EXP-005321,E0704,Operations,2026-03-28,Client entertainment,227.56,E0924,Paid
EXP-006151,E0778,Operations,2026-03-28,Training,27.8,E0906,Paid
EXP-006405,E0799,Operations,2026-03-28,Accommodation,60.16,E0914,Paid
EXP-006613,E0816,Operations,2026-03-28,Meals,188.74,E0917,Paid
EXP-006949,E0842,Operations,2026-03-28,Accommodation,66.88,E0909,Paid
EXP-007387,E0880,Operations,2026-03-28,Training,129.73,E0914,Paid
EXP-008300,E0949,Sales,2026-03-28,Training,69.03,E0955,Paid
EXP-008634,E0977,Sales,2026-03-28,Accommodation,164.55,E0995,Paid
EXP-009104,E1016,Sales,2026-03-28,Accommodation,252.82,E1070,Paid
EXP-009234,E1025,Sales,2026-03-28,Meals,104.1,E0983,Paid
EXP-009377,E1037,Sales,2026-03-28,Travel,32.49,E0993,Paid
EXP-000787,E0143,Finance,2026-03-29,Accommodation,126.13,E0193,Paid
EXP-001117,E0204,Finance,2026-03-29,Travel,48.43,E0196,Paid
EXP-001295,E0242,Procurement,2026-03-29,Client entertainment,30.83,E0267,Paid
EXP-001523,E0281,Procurement,2026-03-29,Accommodation,61.55,E0268,Paid
EXP-001857,E0340,Human Resources,2026-03-29,Meals,36.47,E0337,Paid
EXP-003074,E0515,Operations,2026-03-29,Meals,182.24,E0912,Paid
EXP-003252,E0529,Operations,2026-03-29,Supplies,46.5,E0913,Paid
EXP-004080,E0597,Operations,2026-03-29,Travel,102.09,E0910,Paid
EXP-004502,E0635,Operations,2026-03-29,Supplies,62.12,E0928,Paid
EXP-004880,E0669,Operations,2026-03-29,Meals,122.33,E0900,Paid
EXP-005410,E0717,Operations,2026-03-29,Client entertainment,124.81,E0917,Paid
EXP-006047,E0770,Operations,2026-03-29,Meals,73.82,E0912,Paid
EXP-006599,E0814,Operations,2026-03-29,Meals,116.84,E0920,Paid
EXP-006669,E0820,Operations,2026-03-29,Meals,80.57,E0926,Paid
EXP-006848,E0834,Operations,2026-03-29,Travel,260.61,E0933,Paid
EXP-008482,E0964,Sales,2026-03-29,Training,69.37,E1105,Paid
EXP-008773,E0987,Sales,2026-03-29,Meals,36.62,E1001,Paid
EXP-009876,E1078,Sales,2026-03-29,Accommodation,94.52,E1078,Paid
EXP-010285,E1109,Legal,2026-03-29,Training,30.59,E1120,Paid
EXP-010503,E1153,Facilities,2026-03-29,Training,121.46,E1121,Paid
EXP-000763,E0140,Finance,2026-03-30,Meals,181.28,E0199,Paid
EXP-001280,E0239,Procurement,2026-03-30,Client entertainment,702.98,E0277,Paid
EXP-001320,E0246,Procurement,2026-03-30,Meals,219.45,E0267,Paid
EXP-002133,E0391,IT,2026-03-30,Supplies,818.47,E0379,Paid
EXP-002811,E0494,Operations,2026-03-30,Client entertainment,74.09,E0929,Paid
EXP-003504,E0549,Operations,2026-03-30,Training,132.46,E0923,Paid
EXP-003685,E0563,Operations,2026-03-30,Client entertainment,62.85,E0916,Paid
EXP-003837,E0577,Operations,2026-03-30,Client entertainment,97.11,E0933,Paid
EXP-004029,E0593,Operations,2026-03-30,Training,246.61,E0938,Paid
EXP-004239,E0614,Operations,2026-03-30,Client entertainment,85.65,E0932,Paid
EXP-004467,E0631,Operations,2026-03-30,Meals,208.49,E0917,Paid
EXP-004681,E0649,Operations,2026-03-30,Travel,49.78,E0901,Paid
EXP-005058,E0683,Operations,2026-03-30,Accommodation,677.31,E0910,Paid
EXP-005434,E0718,Operations,2026-03-30,Client entertainment,131.92,E0913,Paid
EXP-005897,E0759,Operations,2026-03-30,Client entertainment,81.2,E0904,Paid
EXP-006211,E0785,Operations,2026-03-30,Travel,132.54,E0924,Paid
EXP-006349,E0796,Operations,2026-03-30,Client entertainment,61.07,E0937,Paid
EXP-007406,E0882,Operations,2026-03-30,Training,107.48,E0935,Paid
EXP-007431,E0883,Operations,2026-03-30,Client entertainment,17.72,E0898,Paid
EXP-007604,E0897,Operations,2026-03-30,Meals,124.94,E0935,Paid
EXP-007686,E0904,Operations,2026-03-30,Accommodation,207.58,E0915,Paid
EXP-007745,E0908,Operations,2026-03-30,Meals,19.57,E0914,Paid
EXP-008213,E0943,Sales,2026-03-30,Meals,125.42,E0972,Paid
EXP-008416,E0960,Sales,2026-03-30,Training,234.05,E1093,Paid
EXP-008453,E0962,Sales,2026-03-30,Accommodation,124.89,E1028,Paid
EXP-008917,E0999,Sales,2026-03-30,Meals,165.76,E0992,Paid
EXP-009016,E1008,Sales,2026-03-30,Training,37.66,E0986,Paid
EXP-009413,E1039,Sales,2026-03-30,Supplies,28.16,E0988,Paid
EXP-009916,E1080,Sales,2026-03-30,Meals,148.19,E1048,Paid
EXP-009919,E1080,Sales,2026-03-30,Training,35.89,E1048,Paid
EXP-010066,E1094,Sales,2026-03-30,Supplies,80.87,E0945,Paid
EXP-010542,E1159,Facilities,2026-03-30,Meals,223.48,E1121,Paid
EXP-010610,E1173,Facilities,2026-03-30,Supplies,427.73,E1121,Paid
EXP-010655,E1178,Facilities,2026-03-30,Client entertainment,43.18,E1121,Paid
EXP-010765,E1197,Facilities,2026-03-30,Client entertainment,79.37,E1121,Paid
EXP-000254,E0046,Finance,2026-03-31,Travel,31.64,E0210,Paid
EXP-000346,E0065,Finance,2026-03-31,Meals,92.62,E0198,Paid
EXP-000354,E0066,Finance,2026-03-31,Accommodation,334.82,E0194,Paid
EXP-000702,E0129,Finance,2026-03-31,Training,17.0,E0205,Paid
EXP-001033,E0188,Finance,2026-03-31,Client entertainment,57.85,E0196,Paid
EXP-001488,E0274,Procurement,2026-03-31,Accommodation,20.74,E0276,Paid
EXP-001652,E0304,Human Resources,2026-03-31,Training,208.1,E0341,Paid
EXP-001663,E0307,Human Resources,2026-03-31,Meals,284.37,E0350,Paid
EXP-001707,E0314,Human Resources,2026-03-31,Supplies,147.86,E0342,Paid
EXP-002030,E0373,Human Resources,2026-03-31,Training,290.34,E0378,Paid
EXP-003214,E0526,Operations,2026-03-31,Client entertainment,472.52,E0914,Paid
EXP-004667,E0648,Operations,2026-03-31,Client entertainment,22.2,E0909,Paid
EXP-004908,E0671,Operations,2026-03-31,Accommodation,7.64,E0910,Paid
EXP-005236,E0698,Operations,2026-03-31,Supplies,54.53,E0910,Paid
EXP-005266,E0699,Operations,2026-03-31,Travel,39.78,E0931,Paid
EXP-005367,E0712,Operations,2026-03-31,Supplies,87.9,E0925,Paid
EXP-005408,E0717,Operations,2026-03-31,Training,209.36,E0917,Paid
EXP-005475,E0721,Operations,2026-03-31,Meals,36.57,E0914,Paid
EXP-005563,E0728,Operations,2026-03-31,Meals,179.84,E0900,Paid
EXP-005961,E0763,Operations,2026-03-31,Meals,65.95,E0914,Paid
EXP-006172,E0779,Operations,2026-03-31,Supplies,45.69,E0916,Paid
EXP-006318,E0792,Operations,2026-03-31,Meals,232.07,E0916,Paid
EXP-006357,E0796,Operations,2026-03-31,Client entertainment,36.19,E0937,Paid
EXP-006439,E0801,Operations,2026-03-31,Meals,123.86,E0903,Paid
EXP-006514,E0807,Operations,2026-03-31,Meals,74.99,E0907,Paid
EXP-007718,E0907,Operations,2026-03-31,Supplies,142.93,E0938,Paid
EXP-007904,E0920,Operations,2026-03-31,Accommodation,96.08,E0914,Paid
EXP-008123,E0936,Operations,2026-03-31,Training,280.05,E0920,Paid
EXP-008648,E0978,Sales,2026-03-31,Training,114.47,E1024,Paid
EXP-008806,E0989,Sales,2026-03-31,Meals,52.54,E0977,Paid
EXP-009460,E1043,Sales,2026-03-31,Training,102.31,E1099,Paid
EXP-009719,E1065,Sales,2026-03-31,Supplies,73.1,E1029,Paid
EXP-010026,E1090,Sales,2026-03-31,Travel,25.05,E0999,Paid
EXP-010509,E1154,Facilities,2026-03-31,Accommodation,106.95,E1121,Paid
EXP-010915,E1043,Sales,2026-03-31,Client entertainment,924.67,E1099,Paid
EXP-000129,E0028,Finance,2026-04-01,Travel,44.27,E0191,Paid
EXP-000228,E0043,Finance,2026-04-01,Accommodation,204.0,E0207,Paid
EXP-000447,E0085,Finance,2026-04-01,Accommodation,241.01,E0206,Paid
EXP-000606,E0111,Finance,2026-04-01,Training,430.35,E0203,Paid
EXP-000746,E0138,Finance,2026-04-01,Training,71.63,E0203,Paid
EXP-001270,E0237,Procurement,2026-04-01,Client entertainment,18.14,E0267,Paid
EXP-001935,E0355,Human Resources,2026-04-01,Client entertainment,399.39,E0347,Paid
EXP-002144,E0393,IT,2026-04-01,Supplies,55.73,E0379,Paid
EXP-002195,E0402,IT,2026-04-01,Meals,139.89,E0379,Paid
EXP-002371,E0436,IT,2026-04-01,Training,219.19,E0379,Paid
EXP-002724,E0486,Operations,2026-04-01,Supplies,263.99,E0912,Paid
EXP-002977,E0506,Operations,2026-04-01,Accommodation,134.21,E0899,Paid
EXP-003562,E0555,Operations,2026-04-01,Training,44.87,E0934,Paid
EXP-003759,E0568,Operations,2026-04-01,Training,305.74,E0897,Paid
EXP-004514,E0635,Operations,2026-04-01,Training,220.46,E0928,Paid
EXP-004656,E0647,Operations,2026-04-01,Supplies,226.24,E0934,Paid
EXP-005020,E0680,Operations,2026-04-01,Meals,186.08,E0919,Paid
EXP-006367,E0797,Operations,2026-04-01,Training,90.63,E0909,Paid
EXP-006969,E0844,Operations,2026-04-01,Client entertainment,201.49,E0914,Paid
EXP-007240,E0867,Operations,2026-04-01,Supplies,18.99,E0934,Paid
EXP-007242,E0867,Operations,2026-04-01,Supplies,113.15,E0934,Paid
EXP-007884,E0917,Operations,2026-04-01,Accommodation,86.9,E0903,Paid
EXP-008127,E0937,Operations,2026-04-01,Travel,133.8,E0910,Paid
EXP-008761,E0985,Sales,2026-04-01,Accommodation,33.19,E0977,Paid
EXP-009517,E1050,Sales,2026-04-01,Travel,405.84,E1011,Paid
EXP-009775,E1070,Sales,2026-04-01,Supplies,158.74,E1009,Paid
EXP-010163,E1100,Sales,2026-04-01,Training,118.57,E1058,Paid
EXP-010293,E1110,Legal,2026-04-01,Travel,15.41,E1117,Paid
EXP-010809,E1204,Facilities,2026-04-01,Travel,79.78,E1121,Paid
EXP-000794,E0145,Finance,2026-04-02,Client entertainment,81.34,E0193,Paid
EXP-002055,E0377,Human Resources,2026-04-02,Client entertainment,342.34,E0344,Paid
EXP-002110,E0386,IT,2026-04-02,Client entertainment,90.0,E0379,Paid
EXP-002613,E0479,Operations,2026-04-02,Meals,46.66,E0925,Paid
EXP-002877,E0498,Operations,2026-04-02,Training,16.17,E0934,Paid
EXP-003360,E0539,Operations,2026-04-02,Accommodation,178.73,E0912,Paid
EXP-003721,E0566,Operations,2026-04-02,Accommodation,47.25,E0935,Paid
EXP-004354,E0623,Operations,2026-04-02,Meals,118.66,E0909,Paid
EXP-004891,E0670,Operations,2026-04-02,Supplies,118.04,E0913,Paid
EXP-005203,E0696,Operations,2026-04-02,Training,39.39,E0925,Paid
EXP-005263,E0699,Operations,2026-04-02,Travel,26.55,E0931,Paid
EXP-006939,E0841,Operations,2026-04-02,Travel,317.44,E0919,Paid
EXP-007295,E0872,Operations,2026-04-02,Accommodation,194.54,E0937,Paid
EXP-007660,E0902,Operations,2026-04-02,Travel,168.12,E0001,Paid
EXP-007760,E0909,Operations,2026-04-02,Meals,66.42,E0922,Paid
EXP-007934,E0922,Operations,2026-04-02,Supplies,219.55,E0936,Paid
EXP-008358,E0955,Sales,2026-04-02,Training,34.09,E1069,Paid
EXP-008570,E0971,Sales,2026-04-02,Client entertainment,62.91,E1063,Paid
EXP-009015,E1007,Sales,2026-04-02,Supplies,105.17,E1022,Paid
EXP-009673,E1062,Sales,2026-04-02,Client entertainment,110.47,E0998,Paid
EXP-009674,E1062,Sales,2026-04-02,Meals,763.91,E0998,Paid
EXP-010552,E1162,Facilities,2026-04-02,Supplies,193.74,E1121,Paid
EXP-000093,E0019,Finance,2026-04-03,Travel,25.75,E0197,Paid
EXP-000159,E0033,Finance,2026-04-03,Client entertainment,204.48,E0199,Paid
EXP-000262,E0048,Finance,2026-04-03,Client entertainment,86.91,E0196,Paid
EXP-000265,E0048,Finance,2026-04-03,Training,71.22,E0196,Paid
EXP-001017,E0186,Finance,2026-04-03,Accommodation,195.11,E0196,Paid
EXP-002108,E0386,IT,2026-04-03,Client entertainment,55.32,E0379,Paid
EXP-002216,E0406,IT,2026-04-03,Supplies,297.57,E0379,Paid
EXP-002508,E0461,IT,2026-04-03,Meals,45.36,E0379,Paid
EXP-002760,E0489,Operations,2026-04-03,Meals,95.08,E0930,Paid
EXP-002951,E0504,Operations,2026-04-03,Supplies,153.03,E0933,Paid
EXP-003027,E0511,Operations,2026-04-03,Accommodation,280.23,E0898,Paid
EXP-003110,E0519,Operations,2026-04-03,Meals,116.44,E0908,Paid
EXP-003157,E0522,Operations,2026-04-03,Accommodation,437.06,E0916,Paid
EXP-003523,E0550,Operations,2026-04-03,Travel,150.02,E0912,Paid
EXP-004171,E0610,Operations,2026-04-03,Accommodation,177.87,E0907,Paid
EXP-004544,E0638,Operations,2026-04-03,Accommodation,20.82,E0916,Paid
EXP-005284,E0702,Operations,2026-04-03,Client entertainment,69.22,E0897,Paid
EXP-005648,E0735,Operations,2026-04-03,Travel,78.87,E0915,Paid
EXP-006099,E0773,Operations,2026-04-03,Client entertainment,62.27,E0936,Paid
EXP-006696,E0824,Operations,2026-04-03,Accommodation,20.71,E0930,Paid
EXP-007087,E0854,Operations,2026-04-03,Client entertainment,145.53,E0919,Paid
EXP-007175,E0861,Operations,2026-04-03,Supplies,478.79,E0908,Paid
EXP-007958,E0923,Operations,2026-04-03,Client entertainment,24.89,E0914,Paid
EXP-008094,E0934,Operations,2026-04-03,Accommodation,50.4,E0916,Paid
EXP-008611,E0974,Sales,2026-04-03,Training,38.2,E1088,Paid
EXP-009095,E1015,Sales,2026-04-03,Supplies,180.57,E1034,Paid
EXP-009206,E1023,Sales,2026-04-03,Accommodation,52.61,E1042,Paid
EXP-009486,E1045,Sales,2026-04-03,Meals,46.44,E0986,Paid
EXP-010068,E1094,Sales,2026-04-03,Training,172.75,E0945,Paid
EXP-000165,E0033,Finance,2026-04-04,Supplies,473.22,E0199,Paid
EXP-000216,E0040,Finance,2026-04-04,Supplies,334.81,E0200,Paid
EXP-000282,E0052,Finance,2026-04-04,Training,275.74,E0190,Paid
EXP-000627,E0114,Finance,2026-04-04,Supplies,400.98,E0196,Paid
EXP-000686,E0124,Finance,2026-04-04,Accommodation,135.07,E0195,Paid
EXP-001900,E0350,Human Resources,2026-04-04,Travel,52.9,E0348,Paid
EXP-002010,E0370,Human Resources,2026-04-04,Meals,121.68,E0349,Paid
EXP-002264,E0414,IT,2026-04-04,Meals,77.89,E0379,Paid
EXP-002274,E0416,IT,2026-04-04,Training,86.84,E0379,Paid
EXP-002428,E0446,IT,2026-04-04,Accommodation,344.67,E0379,Paid
EXP-003522,E0550,Operations,2026-04-04,Meals,69.31,E0912,Paid
EXP-003860,E0579,Operations,2026-04-04,Accommodation,55.25,E0926,Paid
EXP-004703,E0651,Operations,2026-04-04,Training,20.27,E0917,Paid
EXP-004791,E0660,Operations,2026-04-04,Client entertainment,97.62,E0930,Paid
EXP-005121,E0688,Operations,2026-04-04,Client entertainment,82.33,E0916,Paid
EXP-005157,E0691,Operations,2026-04-04,Travel,61.38,E0930,Paid
EXP-005215,E0696,Operations,2026-04-04,Supplies,29.38,E0925,Paid
EXP-005397,E0715,Operations,2026-04-04,Training,235.74,E0922,Paid
EXP-005793,E0749,Operations,2026-04-04,Client entertainment,64.09,E0918,Paid
EXP-005924,E0760,Operations,2026-04-04,Client entertainment,49.07,E0899,Paid
EXP-006227,E0785,Operations,2026-04-04,Training,154.88,E0924,Paid
EXP-006266,E0788,Operations,2026-04-04,Supplies,188.1,E0925,Paid
EXP-006734,E0827,Operations,2026-04-04,Client entertainment,26.5,E0915,Paid
EXP-006862,E0836,Operations,2026-04-04,Supplies,131.18,E0899,Paid
EXP-006881,E0838,Operations,2026-04-04,Travel,29.0,E0921,Paid
EXP-007390,E0881,Operations,2026-04-04,Travel,1104.37,E0910,Paid
EXP-007850,E0915,Operations,2026-04-04,Travel,16.05,E0911,Paid
EXP-007996,E0926,Operations,2026-04-04,Supplies,212.81,E0906,Paid
EXP-008250,E0946,Sales,2026-04-04,Accommodation,142.56,E0992,Paid
EXP-009335,E1034,Sales,2026-04-04,Client entertainment,105.34,E0973,Paid
EXP-009933,E1081,Sales,2026-04-04,Supplies,185.03,E1047,Paid
EXP-010230,E1105,Sales,2026-04-04,Travel,156.57,E0953,Paid
EXP-000116,E0025,Finance,2026-04-05,Meals,68.48,E0196,Paid
EXP-000182,E0036,Finance,2026-04-05,Accommodation,153.74,E0199,Paid
EXP-000479,E0089,Finance,2026-04-05,Meals,102.02,E0198,Paid
EXP-000518,E0095,Finance,2026-04-05,Meals,115.54,E0208,Paid
EXP-000572,E0106,Finance,2026-04-05,Training,506.74,E0201,Paid
EXP-000687,E0124,Finance,2026-04-05,Training,59.98,E0195,Paid
EXP-000716,E0132,Finance,2026-04-05,Training,56.0,E0190,Paid
EXP-001019,E0187,Finance,2026-04-05,Meals,116.44,E0198,Paid
EXP-002070,E0380,IT,2026-04-05,Meals,23.16,E0379,Paid
EXP-002695,E0485,Operations,2026-04-05,Travel,54.36,E0903,Paid
EXP-002734,E0487,Operations,2026-04-05,Training,20.63,E0937,Paid
EXP-004395,E0625,Operations,2026-04-05,Supplies,38.64,E0926,Paid
EXP-004550,E0639,Operations,2026-04-05,Accommodation,108.85,E0921,Paid
EXP-004558,E0639,Operations,2026-04-05,Client entertainment,168.5,E0921,Paid
EXP-004653,E0647,Operations,2026-04-05,Travel,75.47,E0934,Paid
EXP-004657,E0647,Operations,2026-04-05,Supplies,193.29,E0934,Paid
EXP-004745,E0654,Operations,2026-04-05,Supplies,296.7,E0930,Paid
EXP-004822,E0663,Operations,2026-04-05,Travel,179.49,E0922,Paid
EXP-005001,E0679,Operations,2026-04-05,Accommodation,131.65,E0914,Paid
EXP-006040,E0769,Operations,2026-04-05,Meals,122.96,E0928,Paid
EXP-006109,E0773,Operations,2026-04-05,Travel,37.82,E0936,Paid
EXP-006570,E0812,Operations,2026-04-05,Supplies,49.54,E0908,Paid
EXP-007226,E0866,Operations,2026-04-05,Supplies,238.69,E0921,Paid
EXP-007466,E0885,Operations,2026-04-05,Accommodation,69.44,E0914,Paid
EXP-007966,E0924,Operations,2026-04-05,Travel,121.72,E0914,Paid
EXP-008631,E0976,Sales,2026-04-05,Travel,40.19,E1026,Paid
EXP-008949,E1003,Sales,2026-04-05,Client entertainment,126.68,E1102,Paid
EXP-008972,E1004,Sales,2026-04-05,Supplies,619.52,E0946,Paid
EXP-009466,E1044,Sales,2026-04-05,Client entertainment,103.62,E1072,Paid
EXP-009545,E1052,Sales,2026-04-05,Travel,107.67,E0987,Paid
EXP-009570,E1053,Sales,2026-04-05,Accommodation,99.25,E0987,Paid
EXP-009771,E1068,Sales,2026-04-05,Travel,202.53,E1071,Paid
EXP-009962,E1085,Sales,2026-04-05,Travel,29.94,E0939,Paid
EXP-010453,E1143,Facilities,2026-04-05,Travel,33.34,E1121,Paid
EXP-010689,E1185,Facilities,2026-04-05,Supplies,216.43,E1121,Paid
EXP-000863,E0163,Finance,2026-04-06,Meals,160.57,E0192,Paid
EXP-001968,E0362,Human Resources,2026-04-06,Client entertainment,207.76,E0340,Paid
EXP-002094,E0383,IT,2026-04-06,Meals,246.23,E0379,Paid
EXP-002377,E0437,IT,2026-04-06,Supplies,106.52,E0379,Paid
EXP-002485,E0457,IT,2026-04-06,Meals,133.19,E0379,Paid
EXP-002747,E0488,Operations,2026-04-06,Supplies,92.96,E0901,Paid
EXP-003866,E0579,Operations,2026-04-06,Training,140.46,E0926,Paid
EXP-004163,E0610,Operations,2026-04-06,Meals,55.93,E0907,Paid
EXP-005272,E0700,Operations,2026-04-06,Client entertainment,141.16,E0902,Paid
EXP-006016,E0767,Operations,2026-04-06,Meals,45.37,E0920,Paid
EXP-007306,E0873,Operations,2026-04-06,Supplies,45.83,E0914,Paid
EXP-007313,E0874,Operations,2026-04-06,Accommodation,188.39,E0908,Paid
EXP-007522,E0890,Operations,2026-04-06,Accommodation,253.15,E0901,Paid
EXP-007544,E0891,Operations,2026-04-06,Travel,155.83,E0912,Paid
EXP-007897,E0919,Operations,2026-04-06,Accommodation,172.45,E0898,Paid
EXP-008025,E0928,Operations,2026-04-06,Training,300.14,E0929,Paid
EXP-008717,E0982,Sales,2026-04-06,Client entertainment,152.89,E0956,Paid
EXP-009108,E1017,Sales,2026-04-06,Accommodation,65.26,E1065,Paid
EXP-009288,E1031,Sales,2026-04-06,Travel,219.06,E0961,Paid
EXP-009420,E1041,Sales,2026-04-06,Training,86.37,E0944,Paid
EXP-009423,E1041,Sales,2026-04-06,Travel,26.26,E0944,Paid
EXP-009442,E1042,Sales,2026-04-06,Training,62.06,E0965,Paid
EXP-009617,E1057,Sales,2026-04-06,Training,210.25,E0958,Paid
EXP-009996,E1089,Sales,2026-04-06,Client entertainment,380.08,E0959,Paid
EXP-010077,E1094,Sales,2026-04-06,Client entertainment,135.13,E0945,Paid
EXP-010272,E1107,Legal,2026-04-06,Accommodation,24.29,E1119,Paid
EXP-000173,E0035,Finance,2026-04-07,Training,374.84,E0190,Paid
EXP-000386,E0072,Finance,2026-04-07,Travel,16.74,E0198,Paid
EXP-001044,E0190,Finance,2026-04-07,Training,161.48,E0196,Paid
EXP-001194,E0221,Procurement,2026-04-07,Meals,61.66,E0278,Paid
EXP-001676,E0309,Human Resources,2026-04-07,Client entertainment,19.21,E0338,Paid
EXP-001731,E0319,Human Resources,2026-04-07,Training,13.69,E0338,Paid
EXP-003014,E0510,Operations,2026-04-07,Accommodation,194.41,E0920,Paid
EXP-003479,E0547,Operations,2026-04-07,Meals,90.0,E0933,Paid
EXP-003594,E0557,Operations,2026-04-07,Accommodation,97.3,E0897,Paid
EXP-003906,E0582,Operations,2026-04-07,Travel,39.18,E0898,Paid
EXP-004191,E0611,Operations,2026-04-07,Client entertainment,22.63,E0908,Paid
EXP-004329,E0621,Operations,2026-04-07,Meals,49.47,E0922,Paid
EXP-004407,E0626,Operations,2026-04-07,Training,202.48,E0910,Paid
EXP-004573,E0640,Operations,2026-04-07,Travel,56.56,E0938,Paid
EXP-005056,E0683,Operations,2026-04-07,Meals,179.1,E0910,Paid
EXP-005178,E0692,Operations,2026-04-07,Travel,262.25,E0930,Paid
EXP-005456,E0720,Operations,2026-04-07,Meals,25.01,E0920,Paid
EXP-006513,E0807,Operations,2026-04-07,Training,270.12,E0907,Paid
EXP-006549,E0810,Operations,2026-04-07,Training,68.65,E0937,Paid
EXP-006892,E0838,Operations,2026-04-07,Training,57.33,E0921,Paid
EXP-007276,E0871,Operations,2026-04-07,Client entertainment,257.46,E0899,Paid
EXP-007331,E0876,Operations,2026-04-07,Supplies,648.8,E0911,Paid
EXP-007523,E0890,Operations,2026-04-07,Meals,451.9,E0901,Paid
EXP-008496,E0965,Sales,2026-04-07,Accommodation,334.32,E0976,Paid
EXP-008523,E0968,Sales,2026-04-07,Accommodation,76.7,E1017,Paid
EXP-008739,E0984,Sales,2026-04-07,Travel,451.31,E1104,Paid
EXP-009863,E1077,Sales,2026-04-07,Training,158.51,E1064,Paid
EXP-010266,E1106,Sales,2026-04-07,Supplies,182.86,E1040,Paid
EXP-000054,E0014,Finance,2026-04-08,Client entertainment,23.08,E0199,Paid
EXP-001792,E0328,Human Resources,2026-04-08,Client entertainment,48.86,E0346,Paid
EXP-001987,E0365,Human Resources,2026-04-08,Client entertainment,11.16,E0341,Paid
EXP-002366,E0434,IT,2026-04-08,Travel,65.04,E0379,Paid
EXP-002493,E0458,IT,2026-04-08,Client entertainment,105.17,E0379,Paid
EXP-002625,E0480,Operations,2026-04-08,Meals,71.86,E0903,Paid
EXP-002725,E0487,Operations,2026-04-08,Supplies,206.57,E0937,Paid
EXP-002764,E0489,Operations,2026-04-08,Training,45.44,E0930,Paid
EXP-003013,E0510,Operations,2026-04-08,Travel,357.75,E0920,Paid
EXP-003279,E0533,Operations,2026-04-08,Travel,33.44,E0918,Paid
EXP-003500,E0548,Operations,2026-04-08,Travel,44.12,E0909,Paid
EXP-003961,E0587,Operations,2026-04-08,Accommodation,175.46,E0906,Paid
EXP-004210,E0612,Operations,2026-04-08,Client entertainment,249.29,E0922,Paid
EXP-004285,E0617,Operations,2026-04-08,Supplies,93.81,E0933,Paid
EXP-004830,E0664,Operations,2026-04-08,Meals,26.72,E0932,Paid
EXP-005390,E0715,Operations,2026-04-08,Client entertainment,381.86,E0922,Paid
EXP-006674,E0820,Operations,2026-04-08,Accommodation,22.01,E0926,Paid
EXP-007029,E0849,Operations,2026-04-08,Accommodation,124.0,E0932,Paid
EXP-007319,E0874,Operations,2026-04-08,Supplies,36.59,E0908,Paid
EXP-007668,E0903,Operations,2026-04-08,Meals,111.55,E0931,Paid
EXP-008264,E0946,Sales,2026-04-08,Supplies,70.7,E0992,Paid
EXP-008690,E0981,Sales,2026-04-08,Meals,140.24,E0992,Paid
EXP-009770,E1068,Sales,2026-04-08,Accommodation,157.08,E1071,Paid
EXP-009899,E1079,Sales,2026-04-08,Supplies,53.1,E0958,Paid
EXP-010350,E1120,Legal,2026-04-08,Accommodation,112.2,E1111,Paid
EXP-010535,E1158,Facilities,2026-04-08,Accommodation,144.34,E1121,Paid
EXP-010884,E1033,Sales,2026-04-08,Client entertainment,984.62,E1044,Paid
EXP-000071,E0016,Finance,2026-04-09,Supplies,215.03,E0199,Paid
EXP-000909,E0171,Finance,2026-04-09,Travel,24.51,E0207,Paid
EXP-001924,E0354,Human Resources,2026-04-09,Training,174.54,E0337,Paid
EXP-002576,E0474,IT,2026-04-09,Supplies,157.63,E0379,Paid
EXP-002636,E0480,Operations,2026-04-09,Meals,124.79,E0903,Paid
EXP-003588,E0557,Operations,2026-04-09,Accommodation,88.62,E0897,Paid
EXP-003722,E0566,Operations,2026-04-09,Training,389.98,E0935,Paid
EXP-003782,E0571,Operations,2026-04-09,Client entertainment,123.53,E0906,Paid
EXP-003976,E0588,Operations,2026-04-09,Supplies,41.91,E0932,Paid
EXP-004024,E0593,Operations,2026-04-09,Client entertainment,75.83,E0938,Paid
EXP-004906,E0671,Operations,2026-04-09,Meals,22.63,E0910,Paid
EXP-004965,E0675,Operations,2026-04-09,Supplies,113.59,E0938,Paid
EXP-005371,E0712,Operations,2026-04-09,Accommodation,99.43,E0925,Paid
EXP-006202,E0784,Operations,2026-04-09,Client entertainment,347.78,E0916,Paid
EXP-006234,E0786,Operations,2026-04-09,Training,279.55,E0901,Paid
EXP-006745,E0828,Operations,2026-04-09,Accommodation,180.01,E0921,Paid
EXP-007163,E0860,Operations,2026-04-09,Supplies,458.75,E0904,Paid
EXP-007380,E0880,Operations,2026-04-09,Client entertainment,83.74,E0914,Paid
EXP-007601,E0897,Operations,2026-04-09,Supplies,32.99,E0935,Paid
EXP-007740,E0908,Operations,2026-04-09,Supplies,218.54,E0914,Paid
EXP-008096,E0934,Operations,2026-04-09,Meals,518.22,E0916,Paid
EXP-008174,E0941,Sales,2026-04-09,Client entertainment,25.0,E1024,Paid
EXP-008197,E0942,Sales,2026-04-09,Accommodation,53.92,E1075,Paid
EXP-008437,E0961,Sales,2026-04-09,Accommodation,51.63,E1097,Paid
EXP-008897,E0998,Sales,2026-04-09,Training,285.46,E1081,Paid
EXP-009662,E1061,Sales,2026-04-09,Meals,24.12,E1035,Paid
EXP-010114,E1097,Sales,2026-04-09,Client entertainment,837.06,E1030,Paid
EXP-010295,E1110,Legal,2026-04-09,Training,74.63,E1117,Paid
EXP-010299,E1110,Legal,2026-04-09,Accommodation,100.5,E1117,Paid
EXP-010887,E1033,Sales,2026-04-09,Client entertainment,961.72,E1044,Paid
EXP-001639,E0301,Human Resources,2026-04-10,Accommodation,344.76,E0343,Paid
EXP-001656,E0305,Human Resources,2026-04-10,Meals,89.06,E0348,Paid
EXP-001808,E0331,Human Resources,2026-04-10,Meals,162.34,E0377,Paid
EXP-003082,E0516,Operations,2026-04-10,Training,68.92,E0934,Paid
EXP-003366,E0539,Operations,2026-04-10,Travel,278.61,E0912,Paid
EXP-004022,E0593,Operations,2026-04-10,Training,263.83,E0938,Paid
EXP-004257,E0615,Operations,2026-04-10,Accommodation,218.82,E0937,Paid
EXP-004571,E0640,Operations,2026-04-10,Client entertainment,128.91,E0938,Paid
EXP-005810,E0750,Operations,2026-04-10,Meals,121.88,E0910,Paid
EXP-005967,E0764,Operations,2026-04-10,Accommodation,294.77,E0934,Paid
EXP-006122,E0776,Operations,2026-04-10,Travel,201.4,E0926,Paid
EXP-006704,E0825,Operations,2026-04-10,Travel,56.56,E0905,Paid
EXP-006875,E0837,Operations,2026-04-10,Accommodation,111.45,E0936,Paid
EXP-007057,E0851,Operations,2026-04-10,Meals,43.79,E0932,Paid
EXP-007504,E0888,Operations,2026-04-10,Meals,95.3,E0905,Paid
EXP-007687,E0904,Operations,2026-04-10,Training,143.79,E0915,Paid
EXP-007705,E0906,Operations,2026-04-10,Accommodation,209.45,E0937,Paid
EXP-007714,E0906,Operations,2026-04-10,Travel,14.49,E0937,Paid
EXP-007754,E0909,Operations,2026-04-10,Client entertainment,300.35,E0922,Paid
EXP-007900,E0920,Operations,2026-04-10,Meals,398.86,E0914,Paid
EXP-008206,E0943,Sales,2026-04-10,Meals,69.07,E0972,Paid
EXP-008625,E0976,Sales,2026-04-10,Meals,117.19,E1026,Paid
EXP-008931,E1000,Sales,2026-04-10,Accommodation,141.32,E0989,Paid
EXP-009038,E1009,Sales,2026-04-10,Supplies,74.04,E1040,Paid
EXP-009374,E1036,Sales,2026-04-10,Accommodation,160.52,E1092,Paid
EXP-009542,E1052,Sales,2026-04-10,Accommodation,62.18,E0987,Paid
EXP-010048,E1092,Sales,2026-04-10,Client entertainment,94.47,E1057,Paid
EXP-010849,E0965,Sales,2026-04-10,Client entertainment,906.64,E0976,Paid
EXP-000185,E0036,Finance,2026-04-11,Meals,60.61,E0199,Paid
EXP-000423,E0078,Finance,2026-04-11,Training,88.21,E0205,Paid
EXP-000461,E0086,Finance,2026-04-11,Supplies,152.76,E0199,Paid
EXP-000507,E0094,Finance,2026-04-11,Client entertainment,164.82,E0202,Paid
EXP-000591,E0109,Finance,2026-04-11,Client entertainment,65.36,E0197,Paid
EXP-001326,E0248,Procurement,2026-04-11,Accommodation,183.42,E0270,Paid
EXP-001546,E0284,Procurement,2026-04-11,Accommodation,130.01,E0272,Paid
EXP-002365,E0434,IT,2026-04-11,Supplies,22.64,E0379,Paid
EXP-003212,E0526,Operations,2026-04-11,Travel,14.04,E0914,Paid
EXP-003566,E0555,Operations,2026-04-11,Accommodation,45.87,E0934,Paid
EXP-004134,E0605,Operations,2026-04-11,Meals,73.18,E0927,Paid
EXP-004252,E0615,Operations,2026-04-11,Accommodation,851.5,E0937,Paid
EXP-004422,E0627,Operations,2026-04-11,Client entertainment,59.35,E0918,Paid
EXP-004809,E0661,Operations,2026-04-11,Client entertainment,52.15,E0916,Paid
EXP-005028,E0681,Operations,2026-04-11,Training,276.1,E0911,Paid
EXP-005095,E0686,Operations,2026-04-11,Training,90.37,E0909,Paid
EXP-005267,E0699,Operations,2026-04-11,Accommodation,132.79,E0931,Paid
EXP-005310,E0703,Operations,2026-04-11,Training,59.42,E0900,Paid
EXP-005837,E0753,Operations,2026-04-11,Client entertainment,330.66,E0932,Paid
EXP-006127,E0776,Operations,2026-04-11,Supplies,15.34,E0926,Paid
EXP-007799,E0912,Operations,2026-04-11,Meals,198.15,E0900,Paid
EXP-007940,E0922,Operations,2026-04-11,Supplies,51.19,E0936,Paid
EXP-009062,E1010,Sales,2026-04-11,Travel,113.99,E0980,Paid
EXP-010088,E1095,Sales,2026-04-11,Travel,621.03,E0966,Paid
EXP-010371,E1123,Facilities,2026-04-11,Supplies,18.7,E1121,Paid
EXP-010820,E0965,Sales,2026-04-11,Client entertainment,912.2,E0976,Paid
EXP-000175,E0035,Finance,2026-04-12,Supplies,54.99,E0190,Paid
EXP-000767,E0141,Finance,2026-04-12,Supplies,70.77,E0192,Paid
EXP-000811,E0151,Finance,2026-04-12,Client entertainment,98.57,E0196,Paid
EXP-001196,E0221,Procurement,2026-04-12,Meals,164.81,E0278,Paid
EXP-001322,E0246,Procurement,2026-04-12,Meals,83.87,E0267,Paid
EXP-001434,E0265,Procurement,2026-04-12,Client entertainment,245.46,E0278,Paid
EXP-001510,E0279,Procurement,2026-04-12,Meals,116.87,E0268,Paid
EXP-002550,E0470,IT,2026-04-12,Meals,121.02,E0379,Paid
EXP-002873,E0498,Operations,2026-04-12,Travel,58.86,E0934,Paid
EXP-003257,E0529,Operations,2026-04-12,Meals,103.69,E0913,Paid
EXP-003417,E0543,Operations,2026-04-12,Training,181.69,E0914,Paid
EXP-003491,E0548,Operations,2026-04-12,Supplies,216.43,E0909,Paid
EXP-003499,E0548,Operations,2026-04-12,Accommodation,84.74,E0909,Paid
EXP-004933,E0673,Operations,2026-04-12,Client entertainment,258.7,E0909,Paid
EXP-005006,E0679,Operations,2026-04-12,Training,38.41,E0914,Paid
EXP-005431,E0718,Operations,2026-04-12,Accommodation,102.77,E0913,Paid
EXP-005965,E0764,Operations,2026-04-12,Client entertainment,46.01,E0934,Paid
EXP-006747,E0828,Operations,2026-04-12,Accommodation,48.36,E0921,Paid
EXP-006840,E0833,Operations,2026-04-12,Travel,97.79,E0925,Paid
EXP-007074,E0853,Operations,2026-04-12,Accommodation,400.46,E0930,Paid
EXP-007485,E0887,Operations,2026-04-12,Travel,112.68,E0926,Paid
EXP-007883,E0917,Operations,2026-04-12,Training,74.91,E0903,Paid
EXP-007997,E0926,Operations,2026-04-12,Client entertainment,34.74,E0906,Paid
EXP-008002,E0927,Operations,2026-04-12,Travel,145.53,E0907,Paid
EXP-008276,E0947,Sales,2026-04-12,Accommodation,187.71,E1033,Paid
EXP-009902,E1079,Sales,2026-04-12,Client entertainment,53.92,E0958,Paid
EXP-000737,E0136,Finance,2026-04-13,Meals,20.54,E0201,Paid
EXP-000829,E0156,Finance,2026-04-13,Supplies,149.26,E0207,Paid
EXP-001349,E0251,Procurement,2026-04-13,Meals,28.8,E0277,Paid
EXP-001425,E0264,Procurement,2026-04-13,Travel,258.32,E0275,Paid
EXP-001662,E0307,Human Resources,2026-04-13,Accommodation,68.63,E0350,Paid
EXP-002095,E0383,IT,2026-04-13,Travel,103.39,E0379,Paid
EXP-002339,E0428,IT,2026-04-13,Accommodation,142.09,E0379,Paid
EXP-002686,E0484,Operations,2026-04-13,Training,34.04,E0902,Paid
EXP-003076,E0516,Operations,2026-04-13,Meals,130.31,E0934,Paid
EXP-003447,E0546,Operations,2026-04-13,Supplies,33.99,E0933,Paid
EXP-004069,E0596,Operations,2026-04-13,Accommodation,20.86,E0908,Paid
EXP-004466,E0631,Operations,2026-04-13,Supplies,152.74,E0917,Paid
EXP-004658,E0647,Operations,2026-04-13,Supplies,298.53,E0934,Paid
EXP-004881,E0669,Operations,2026-04-13,Client entertainment,34.55,E0900,Paid
EXP-005016,E0680,Operations,2026-04-13,Accommodation,71.3,E0919,Paid
EXP-005437,E0718,Operations,2026-04-13,Client entertainment,289.34,E0913,Paid
EXP-005547,E0726,Operations,2026-04-13,Accommodation,121.57,E0906,Paid
EXP-006233,E0786,Operations,2026-04-13,Supplies,41.9,E0901,Paid
EXP-006383,E0798,Operations,2026-04-13,Travel,53.75,E0932,Paid
EXP-006893,E0838,Operations,2026-04-13,Training,165.07,E0921,Paid
EXP-007310,E0874,Operations,2026-04-13,Client entertainment,177.28,E0908,Paid
EXP-007933,E0922,Operations,2026-04-13,Travel,60.53,E0936,Paid
EXP-009179,E1022,Sales,2026-04-13,Supplies,62.3,E0970,Paid
EXP-009360,E1036,Sales,2026-04-13,Client entertainment,24.7,E1092,Paid
EXP-009730,E1065,Sales,2026-04-13,Travel,159.24,E1029,Paid
EXP-010000,E1089,Sales,2026-04-13,Client entertainment,85.25,E0959,Paid
EXP-010301,E1110,Legal,2026-04-13,Accommodation,170.16,E1117,Paid
EXP-010440,E1141,Facilities,2026-04-13,Training,229.35,E1121,Paid
EXP-010548,E1160,Facilities,2026-04-13,Client entertainment,220.44,E1121,Paid
EXP-010589,E1167,Facilities,2026-04-13,Travel,337.42,E1121,Paid
EXP-010829,E0965,Sales,2026-04-13,Client entertainment,918.78,E0976,Paid
EXP-000132,E0029,Finance,2026-04-14,Supplies,527.93,E0210,Paid
EXP-000135,E0030,Finance,2026-04-14,Client entertainment,49.74,E0210,Paid
EXP-000225,E0042,Finance,2026-04-14,Supplies,38.27,E0193,Paid
EXP-000675,E0122,Finance,2026-04-14,Travel,32.42,E0210,Paid
EXP-001593,E0290,Procurement,2026-04-14,Supplies,51.9,E0272,Paid
EXP-001694,E0312,Human Resources,2026-04-14,Travel,467.72,E0378,Paid
EXP-002139,E0392,IT,2026-04-14,Accommodation,221.04,E0379,Paid
EXP-002671,E0483,Operations,2026-04-14,Supplies,77.26,E0919,Paid
EXP-003404,E0543,Operations,2026-04-14,Supplies,51.52,E0914,Paid
EXP-003850,E0578,Operations,2026-04-14,Travel,92.51,E0901,Paid
EXP-004629,E0644,Operations,2026-04-14,Training,82.78,E0911,Paid
EXP-004993,E0678,Operations,2026-04-14,Accommodation,229.25,E0918,Paid
EXP-005283,E0700,Operations,2026-04-14,Accommodation,382.07,E0902,Paid
EXP-005330,E0705,Operations,2026-04-14,Meals,653.52,E0936,Paid
EXP-005611,E0732,Operations,2026-04-14,Travel,191.96,E0923,Paid
EXP-005702,E0739,Operations,2026-04-14,Supplies,31.02,E0930,Paid
EXP-005788,E0749,Operations,2026-04-14,Supplies,144.22,E0918,Paid
EXP-005893,E0757,Operations,2026-04-14,Travel,74.68,E0898,Paid
EXP-006492,E0805,Operations,2026-04-14,Training,81.0,E0900,Paid
EXP-006739,E0827,Operations,2026-04-14,Accommodation,18.3,E0915,Paid
EXP-006819,E0833,Operations,2026-04-14,Supplies,75.33,E0925,Paid
EXP-007170,E0860,Operations,2026-04-14,Client entertainment,136.47,E0904,Paid
EXP-007404,E0881,Operations,2026-04-14,Training,46.66,E0910,Paid
EXP-007416,E0882,Operations,2026-04-14,Supplies,173.04,E0935,Paid
EXP-008774,E0987,Sales,2026-04-14,Travel,38.18,E1001,Paid
EXP-008965,E1004,Sales,2026-04-14,Meals,138.34,E0946,Paid
EXP-009138,E1019,Sales,2026-04-14,Client entertainment,124.4,E0984,Paid
EXP-009147,E1019,Sales,2026-04-14,Supplies,28.37,E0984,Paid
EXP-009575,E1055,Sales,2026-04-14,Accommodation,69.83,E1098,Paid
EXP-009599,E1056,Sales,2026-04-14,Travel,111.95,E1074,Paid
EXP-009690,E1063,Sales,2026-04-14,Client entertainment,191.42,E1050,Paid
EXP-009878,E1078,Sales,2026-04-14,Supplies,49.99,E1102,Paid
EXP-010243,E1105,Sales,2026-04-14,Meals,43.65,E0953,Paid
EXP-010353,E1121,Facilities,2026-04-14,Accommodation,84.24,E0001,Paid
EXP-010908,E1043,Sales,2026-04-14,Client entertainment,973.85,E1099,Paid
EXP-000908,E0171,Finance,2026-04-15,Travel,141.01,E0207,Paid
EXP-000990,E0182,Finance,2026-04-15,Training,154.29,E0198,Paid
EXP-001016,E0186,Finance,2026-04-15,Meals,292.77,E0196,Paid
EXP-001879,E0345,Human Resources,2026-04-15,Accommodation,15.96,E0342,Paid
EXP-002962,E0505,Operations,2026-04-15,Supplies,131.94,E0912,Paid
EXP-003680,E0563,Operations,2026-04-15,Travel,42.61,E0916,Paid
EXP-003864,E0579,Operations,2026-04-15,Travel,77.15,E0926,Paid
EXP-004053,E0595,Operations,2026-04-15,Accommodation,371.61,E0935,Paid
EXP-004374,E0624,Operations,2026-04-15,Travel,61.82,E0913,Paid
EXP-004821,E0663,Operations,2026-04-15,Meals,92.43,E0922,Paid
EXP-004927,E0672,Operations,2026-04-15,Meals,43.88,E0918,Paid
EXP-005171,E0692,Operations,2026-04-15,Travel,388.72,E0930,Paid
EXP-005926,E0760,Operations,2026-04-15,Supplies,71.78,E0899,Paid
EXP-006713,E0825,Operations,2026-04-15,Client entertainment,41.61,E0905,Paid
EXP-006885,E0838,Operations,2026-04-15,Supplies,92.66,E0921,Paid
EXP-007150,E0859,Operations,2026-04-15,Client entertainment,279.39,E0919,Paid
EXP-007470,E0886,Operations,2026-04-15,Supplies,120.04,E0914,Paid
EXP-007833,E0914,Operations,2026-04-15,Supplies,71.18,E0001,Paid
EXP-008004,E0927,Operations,2026-04-15,Supplies,728.65,E0907,Paid
EXP-008658,E0979,Sales,2026-04-15,Meals,60.23,E0960,Paid
EXP-008759,E0985,Sales,2026-04-15,Client entertainment,33.64,E0977,Paid
EXP-009146,E1019,Sales,2026-04-15,Accommodation,71.63,E0984,Paid
EXP-010128,E1098,Sales,2026-04-15,Travel,235.33,E1042,Paid
EXP-010201,E1103,Sales,2026-04-15,Supplies,114.23,E0975,Paid
EXP-010343,E1119,Legal,2026-04-15,Meals,161.15,E1117,Paid
EXP-000046,E0011,Finance,2026-04-16,Accommodation,98.73,E0197,Paid
EXP-000361,E0067,Finance,2026-04-16,Supplies,108.91,E0204,Paid
EXP-000862,E0162,Finance,2026-04-16,Training,113.14,E0193,Paid
EXP-001517,E0280,Procurement,2026-04-16,Client entertainment,70.77,E0270,Paid
EXP-001624,E0298,Human Resources,2026-04-16,Meals,45.68,E0375,Paid
EXP-001850,E0339,Human Resources,2026-04-16,Meals,79.18,E0341,Paid
EXP-002583,E0476,IT,2026-04-16,Supplies,72.01,E0379,Paid
EXP-002746,E0488,Operations,2026-04-16,Accommodation,189.42,E0901,Paid
EXP-003526,E0550,Operations,2026-04-16,Travel,105.88,E0912,Paid
EXP-003709,E0565,Operations,2026-04-16,Accommodation,54.46,E0917,Paid
EXP-003743,E0567,Operations,2026-04-16,Accommodation,17.1,E0905,Paid
EXP-004967,E0675,Operations,2026-04-16,Training,120.72,E0938,Paid
EXP-005114,E0688,Operations,2026-04-16,Travel,58.23,E0916,Paid
EXP-005466,E0720,Operations,2026-04-16,Training,89.36,E0920,Paid
EXP-007499,E0888,Operations,2026-04-16,Client entertainment,119.89,E0905,Paid
EXP-007943,E0923,Operations,2026-04-16,Supplies,28.82,E0914,Paid
EXP-008185,E0942,Sales,2026-04-16,Supplies,98.42,E1075,Paid
EXP-008487,E0964,Sales,2026-04-16,Training,208.63,E1105,Paid
EXP-008507,E0966,Sales,2026-04-16,Client entertainment,120.47,E1012,Paid
EXP-008932,E1000,Sales,2026-04-16,Accommodation,114.07,E0989,Paid
EXP-009006,E1007,Sales,2026-04-16,Training,27.84,E1022,Paid
EXP-009203,E1023,Sales,2026-04-16,Accommodation,502.97,E1042,Paid
EXP-009278,E1030,Sales,2026-04-16,Accommodation,88.96,E0977,Paid
EXP-009405,E1038,Sales,2026-04-16,Supplies,33.11,E1055,Paid
EXP-009961,E1084,Sales,2026-04-16,Meals,219.46,E1041,Paid
EXP-010666,E1179,Facilities,2026-04-16,Supplies,114.29,E1121,Paid
EXP-010713,E1188,Facilities,2026-04-16,Supplies,155.49,E1121,Paid
EXP-000207,E0040,Finance,2026-04-17,Meals,52.31,E0200,Paid
EXP-000514,E0095,Finance,2026-04-17,Supplies,277.11,E0208,Paid
EXP-000930,E0174,Finance,2026-04-17,Training,81.45,E0201,Paid
EXP-001361,E0252,Procurement,2026-04-17,Meals,160.28,E0280,Paid
EXP-001503,E0276,Procurement,2026-04-17,Supplies,92.23,E0001,Paid
EXP-001555,E0285,Procurement,2026-04-17,Supplies,36.08,E0277,Paid
EXP-001737,E0320,Human Resources,2026-04-17,Supplies,241.35,E0378,Paid
EXP-002537,E0466,IT,2026-04-17,Accommodation,625.35,E0379,Paid
EXP-002670,E0483,Operations,2026-04-17,Accommodation,15.06,E0919,Paid
EXP-003187,E0524,Operations,2026-04-17,Accommodation,117.9,E0903,Paid
EXP-003325,E0537,Operations,2026-04-17,Supplies,106.35,E0914,Paid
EXP-003416,E0543,Operations,2026-04-17,Meals,50.11,E0914,Paid
EXP-003766,E0569,Operations,2026-04-17,Training,19.81,E0914,Paid
EXP-004425,E0627,Operations,2026-04-17,Accommodation,65.49,E0918,Paid
EXP-004530,E0637,Operations,2026-04-17,Supplies,36.92,E0933,Paid
EXP-004610,E0643,Operations,2026-04-17,Meals,26.25,E0921,Paid
EXP-004886,E0669,Operations,2026-04-17,Supplies,30.32,E0900,Paid
EXP-005768,E0746,Operations,2026-04-17,Supplies,210.52,E0930,Paid
EXP-006300,E0791,Operations,2026-04-17,Client entertainment,28.0,E0910,Paid
EXP-007501,E0888,Operations,2026-04-17,Training,218.86,E0905,Paid
EXP-007985,E0925,Operations,2026-04-17,Supplies,198.6,E0900,Paid
EXP-008162,E0940,Sales,2026-04-17,Meals,37.18,E0955,Paid
EXP-008287,E0948,Sales,2026-04-17,Supplies,24.92,E0976,Paid
EXP-008606,E0974,Sales,2026-04-17,Accommodation,358.03,E1088,Paid
EXP-008816,E0991,Sales,2026-04-17,Training,30.72,E0958,Paid
EXP-009056,E1010,Sales,2026-04-17,Meals,123.03,E0980,Paid
EXP-009319,E1033,Sales,2026-04-17,Meals,144.76,E1044,Paid
EXP-009355,E1035,Sales,2026-04-17,Travel,60.07,E0967,Paid
EXP-009660,E1061,Sales,2026-04-17,Accommodation,98.61,E1035,Paid
EXP-010626,E1174,Facilities,2026-04-17,Training,36.62,E1121,Paid
EXP-000112,E0024,Finance,2026-04-18,Accommodation,85.8,E0201,Paid
EXP-000567,E0105,Finance,2026-04-18,Training,73.08,E0199,Paid
EXP-001110,E0200,Finance,2026-04-18,Travel,64.8,E0197,Paid
EXP-001424,E0264,Procurement,2026-04-18,Supplies,126.32,E0275,Paid
EXP-001692,E0312,Human Resources,2026-04-18,Travel,55.21,E0378,Paid
EXP-001768,E0325,Human Resources,2026-04-18,Training,278.34,E0344,Paid
EXP-002181,E0401,IT,2026-04-18,Travel,33.77,E0379,Paid
EXP-002292,E0419,IT,2026-04-18,Travel,297.25,E0379,Paid
EXP-003321,E0536,Operations,2026-04-18,Client entertainment,696.8,E0910,Paid
EXP-003334,E0537,Operations,2026-04-18,Travel,416.05,E0914,Paid
EXP-003752,E0568,Operations,2026-04-18,Training,27.74,E0897,Paid
EXP-004574,E0640,Operations,2026-04-18,Travel,123.12,E0938,Paid
EXP-005029,E0681,Operations,2026-04-18,Meals,293.62,E0911,Paid
EXP-005209,E0696,Operations,2026-04-18,Training,25.12,E0925,Paid
EXP-005399,E0715,Operations,2026-04-18,Supplies,196.07,E0922,Paid
EXP-005878,E0756,Operations,2026-04-18,Training,225.1,E0932,Paid
EXP-005902,E0759,Operations,2026-04-18,Accommodation,154.74,E0904,Paid
EXP-006111,E0775,Operations,2026-04-18,Accommodation,33.72,E0907,Paid
EXP-006922,E0841,Operations,2026-04-18,Meals,142.82,E0919,Paid
EXP-007243,E0867,Operations,2026-04-18,Client entertainment,53.21,E0934,Paid
EXP-007497,E0888,Operations,2026-04-18,Travel,238.13,E0905,Paid
EXP-008195,E0942,Sales,2026-04-18,Client entertainment,236.42,E1075,Paid
EXP-008829,E0992,Sales,2026-04-18,Training,21.07,E1060,Paid
EXP-009620,E1058,Sales,2026-04-18,Training,148.67,E1060,Paid
EXP-009790,E1071,Sales,2026-04-18,Meals,114.49,E0953,Paid
EXP-009997,E1089,Sales,2026-04-18,Accommodation,17.21,E0959,Paid
EXP-010134,E1098,Sales,2026-04-18,Accommodation,7.07,E1042,Paid
EXP-010145,E1099,Sales,2026-04-18,Client entertainment,240.6,E1097,Paid
EXP-000013,E0005,Finance,2026-04-19,Client entertainment,124.22,E0190,Paid
EXP-000121,E0025,Finance,2026-04-19,Accommodation,98.61,E0196,Paid
EXP-001981,E0365,Human Resources,2026-04-19,Travel,72.85,E0341,Paid
EXP-002178,E0400,IT,2026-04-19,Client entertainment,183.23,E0379,Paid
EXP-003102,E0518,Operations,2026-04-19,Meals,116.23,E0902,Paid
EXP-003763,E0569,Operations,2026-04-19,Training,110.61,E0914,Paid
EXP-006129,E0776,Operations,2026-04-19,Supplies,173.66,E0926,Paid
EXP-006181,E0781,Operations,2026-04-19,Training,45.06,E0936,Paid
EXP-006199,E0783,Operations,2026-04-19,Supplies,92.29,E0918,Paid
EXP-006441,E0801,Operations,2026-04-19,Accommodation,123.2,E0903,Paid
EXP-007586,E0895,Operations,2026-04-19,Training,275.77,E0900,Paid
EXP-008652,E0978,Sales,2026-04-19,Training,546.95,E1024,Paid
EXP-008887,E0996,Sales,2026-04-19,Client entertainment,86.91,E1083,Paid
EXP-009330,E1034,Sales,2026-04-19,Meals,252.44,E0973,Paid
EXP-009642,E1060,Sales,2026-04-19,Supplies,87.1,E1069,Paid
EXP-009737,E1066,Sales,2026-04-19,Travel,54.32,E1052,Paid
EXP-010267,E1106,Sales,2026-04-19,Accommodation,198.08,E1040,Paid
EXP-010338,E1118,Legal,2026-04-19,Meals,167.7,E1114,Paid
EXP-010922,E1043,Sales,2026-04-19,Client entertainment,944.65,E1099,Paid
EXP-000559,E0104,Finance,2026-04-20,Training,16.64,E0190,Paid
EXP-000812,E0154,Finance,2026-04-20,Training,56.16,E0197,Paid
EXP-000915,E0172,Finance,2026-04-20,Supplies,93.79,E0208,Paid
EXP-000941,E0174,Finance,2026-04-20,Meals,182.25,E0201,Paid
EXP-001514,E0279,Procurement,2026-04-20,Travel,311.96,E0268,Paid
EXP-001675,E0309,Human Resources,2026-04-20,Training,52.37,E0338,Paid
EXP-003248,E0529,Operations,2026-04-20,Training,108.84,E0913,Paid
EXP-003254,E0529,Operations,2026-04-20,Supplies,294.42,E0913,Paid
EXP-003269,E0530,Operations,2026-04-20,Travel,63.03,E0919,Paid
EXP-003297,E0535,Operations,2026-04-20,Travel,119.22,E0897,Paid
EXP-003991,E0590,Operations,2026-04-20,Travel,47.53,E0926,Paid
EXP-003994,E0590,Operations,2026-04-20,Client entertainment,117.17,E0926,Paid
EXP-004373,E0624,Operations,2026-04-20,Travel,346.65,E0913,Paid
EXP-004766,E0657,Operations,2026-04-20,Accommodation,35.65,E0905,Paid
EXP-005555,E0727,Operations,2026-04-20,Meals,386.35,E0906,Paid
EXP-005732,E0742,Operations,2026-04-20,Meals,336.68,E0938,Paid
EXP-005854,E0754,Operations,2026-04-20,Training,121.91,E0924,Paid
EXP-006436,E0801,Operations,2026-04-20,Accommodation,36.36,E0903,Paid
EXP-006626,E0817,Operations,2026-04-20,Meals,5.13,E0908,Paid
EXP-006821,E0833,Operations,2026-04-20,Travel,287.85,E0925,Paid
EXP-007069,E0852,Operations,2026-04-20,Supplies,29.91,E0914,Paid
EXP-007291,E0872,Operations,2026-04-20,Travel,60.26,E0937,Paid
EXP-007503,E0888,Operations,2026-04-20,Accommodation,232.96,E0905,Paid
EXP-008019,E0928,Operations,2026-04-20,Supplies,110.68,E0929,Paid
EXP-008056,E0930,Operations,2026-04-20,Meals,102.47,E0899,Paid
EXP-008124,E0936,Operations,2026-04-20,Meals,11.64,E0920,Paid
EXP-008578,E0972,Sales,2026-04-20,Supplies,120.52,E1087,Paid
EXP-009213,E1024,Sales,2026-04-20,Client entertainment,143.82,E1074,Paid
EXP-009774,E1070,Sales,2026-04-20,Meals,55.03,E1009,Paid
EXP-010098,E1096,Sales,2026-04-20,Supplies,115.65,E0968,Paid
EXP-010204,E1103,Sales,2026-04-20,Meals,72.06,E0975,Paid
EXP-010671,E1181,Facilities,2026-04-20,Client entertainment,143.08,E1121,Paid
EXP-000019,E0006,Finance,2026-04-21,Supplies,87.8,E0207,Paid
EXP-000153,E0032,Finance,2026-04-21,Training,92.16,E0194,Paid
EXP-000405,E0076,Finance,2026-04-21,Client entertainment,652.39,E0208,Paid
EXP-000993,E0182,Finance,2026-04-21,Travel,198.68,E0198,Paid
EXP-001393,E0258,Procurement,2026-04-21,Meals,127.14,E0270,Paid
EXP-001403,E0260,Procurement,2026-04-21,Travel,190.84,E0277,Paid
EXP-001875,E0345,Human Resources,2026-04-21,Travel,385.38,E0342,Paid
EXP-002503,E0460,IT,2026-04-21,Travel,16.44,E0379,Paid
EXP-002680,E0484,Operations,2026-04-21,Supplies,95.67,E0902,Paid
EXP-003140,E0521,Operations,2026-04-21,Supplies,112.17,E0917,Paid
EXP-003626,E0559,Operations,2026-04-21,Accommodation,344.87,E0917,Paid
EXP-003835,E0577,Operations,2026-04-21,Training,130.47,E0933,Paid
EXP-003885,E0581,Operations,2026-04-21,Supplies,24.11,E0915,Paid
EXP-004119,E0603,Operations,2026-04-21,Meals,76.79,E0904,Paid
EXP-004619,E0643,Operations,2026-04-21,Supplies,129.16,E0921,Paid
EXP-005433,E0718,Operations,2026-04-21,Supplies,207.77,E0913,Paid
EXP-005443,E0719,Operations,2026-04-21,Training,31.16,E0914,Paid
EXP-005801,E0750,Operations,2026-04-21,Travel,339.17,E0910,Paid
EXP-006274,E0788,Operations,2026-04-21,Accommodation,22.46,E0925,Paid
EXP-006285,E0789,Operations,2026-04-21,Accommodation,300.39,E0897,Paid
EXP-006876,E0837,Operations,2026-04-21,Supplies,100.34,E0936,Paid
EXP-006926,E0841,Operations,2026-04-21,Travel,152.78,E0919,Paid
EXP-007024,E0849,Operations,2026-04-21,Client entertainment,333.82,E0932,Paid
EXP-007329,E0876,Operations,2026-04-21,Supplies,217.31,E0911,Paid
EXP-007450,E0884,Operations,2026-04-21,Travel,65.38,E0901,Paid
EXP-008210,E0943,Sales,2026-04-21,Supplies,96.48,E0972,Paid
EXP-008421,E0960,Sales,2026-04-21,Client entertainment,21.41,E1093,Paid
EXP-008533,E0969,Sales,2026-04-21,Supplies,42.38,E1033,Paid
EXP-008903,E0998,Sales,2026-04-21,Supplies,277.77,E1081,Paid
EXP-009991,E1087,Sales,2026-04-21,Accommodation,84.18,E0942,Paid
EXP-010435,E1140,Facilities,2026-04-21,Meals,7.08,E1121,Paid
EXP-000509,E0094,Finance,2026-04-22,Client entertainment,485.76,E0202,Paid
EXP-001324,E0248,Procurement,2026-04-22,Client entertainment,115.14,E0270,Paid
EXP-001445,E0268,Procurement,2026-04-22,Training,128.02,E0275,Paid
EXP-001529,E0282,Procurement,2026-04-22,Supplies,45.42,E0269,Paid
EXP-001641,E0301,Human Resources,2026-04-22,Supplies,199.06,E0343,Paid
EXP-001779,E0326,Human Resources,2026-04-22,Meals,759.49,E0339,Paid
EXP-002919,E0501,Operations,2026-04-22,Travel,1455.7,E0903,Paid
EXP-004193,E0612,Operations,2026-04-22,Training,42.89,E0922,Paid
EXP-006302,E0791,Operations,2026-04-22,Meals,165.28,E0910,Paid
EXP-007119,E0857,Operations,2026-04-22,Travel,76.49,E0937,Paid
EXP-007867,E0916,Operations,2026-04-22,Training,581.71,E0001,Paid
EXP-008143,E0939,Sales,2026-04-22,Meals,84.27,E1055,Paid
EXP-008719,E0982,Sales,2026-04-22,Client entertainment,47.48,E0956,Paid
EXP-008772,E0987,Sales,2026-04-22,Client entertainment,80.33,E1001,Paid
EXP-008920,E0999,Sales,2026-04-22,Meals,30.82,E0992,Paid
EXP-008939,E1000,Sales,2026-04-22,Training,46.99,E0989,Paid
EXP-009136,E1019,Sales,2026-04-22,Training,242.51,E0984,Paid
EXP-009781,E1070,Sales,2026-04-22,Client entertainment,80.46,E1009,Paid
EXP-010242,E1105,Sales,2026-04-22,Training,60.31,E0953,Paid
EXP-010556,E1163,Facilities,2026-04-22,Travel,123.39,E1121,Paid
EXP-010704,E1187,Facilities,2026-04-22,Supplies,158.0,E1121,Paid
EXP-010717,E1189,Facilities,2026-04-22,Meals,226.2,E1121,Paid
EXP-010803,E1203,Facilities,2026-04-22,Training,51.22,E1121,Paid
EXP-000293,E0054,Finance,2026-04-23,Client entertainment,295.05,E0203,Paid
EXP-000389,E0072,Finance,2026-04-23,Travel,266.81,E0198,Paid
EXP-000422,E0078,Finance,2026-04-23,Accommodation,31.39,E0205,Paid
EXP-000785,E0143,Finance,2026-04-23,Training,579.83,E0193,Paid
EXP-001159,E0213,Procurement,2026-04-23,Accommodation,99.49,E0273,Paid
EXP-001299,E0243,Procurement,2026-04-23,Client entertainment,41.29,E0274,Paid
EXP-001799,E0330,Human Resources,2026-04-23,Travel,91.9,E0347,Paid
EXP-001878,E0345,Human Resources,2026-04-23,Accommodation,68.03,E0342,Paid
EXP-002040,E0374,Human Resources,2026-04-23,Travel,13.98,E0376,Paid
EXP-002130,E0391,IT,2026-04-23,Training,65.15,E0379,Paid
EXP-003228,E0527,Operations,2026-04-23,Training,299.65,E0916,Paid
EXP-003382,E0541,Operations,2026-04-23,Client entertainment,694.64,E0930,Paid
EXP-003517,E0549,Operations,2026-04-23,Supplies,255.26,E0923,Paid
EXP-003768,E0569,Operations,2026-04-23,Supplies,200.59,E0914,Paid
EXP-004294,E0618,Operations,2026-04-23,Travel,56.51,E0906,Paid
EXP-004714,E0653,Operations,2026-04-23,Accommodation,111.27,E0936,Paid
EXP-004941,E0673,Operations,2026-04-23,Client entertainment,167.28,E0909,Paid
EXP-005291,E0702,Operations,2026-04-23,Supplies,65.8,E0897,Paid
EXP-005369,E0712,Operations,2026-04-23,Training,115.7,E0925,Paid
EXP-005374,E0712,Operations,2026-04-23,Travel,60.89,E0925,Paid
EXP-005694,E0738,Operations,2026-04-23,Travel,30.4,E0903,Paid
EXP-006091,E0772,Operations,2026-04-23,Supplies,208.01,E0910,Paid
EXP-006675,E0820,Operations,2026-04-23,Client entertainment,82.91,E0926,Paid
EXP-006808,E0832,Operations,2026-04-23,Travel,360.58,E0904,Paid
EXP-007171,E0860,Operations,2026-04-23,Accommodation,75.03,E0904,Paid
EXP-007229,E0866,Operations,2026-04-23,Accommodation,82.83,E0921,Paid
EXP-007257,E0868,Operations,2026-04-23,Travel,169.8,E0906,Paid
EXP-007303,E0873,Operations,2026-04-23,Client entertainment,25.34,E0914,Paid
EXP-007816,E0913,Operations,2026-04-23,Supplies,149.06,E0927,Paid
EXP-008872,E0994,Sales,2026-04-23,Travel,68.49,E0970,Paid
EXP-009105,E1016,Sales,2026-04-23,Supplies,15.1,E1070,Paid
EXP-009438,E1042,Sales,2026-04-23,Training,36.39,E0965,Paid
EXP-009484,E1045,Sales,2026-04-23,Training,102.08,E0986,Paid
EXP-009628,E1058,Sales,2026-04-23,Accommodation,87.26,E1060,Paid
EXP-010289,E1109,Legal,2026-04-23,Training,196.9,E1120,Paid
EXP-010478,E1150,Facilities,2026-04-23,Travel,183.7,E1121,Paid
EXP-010962,E0641,Operations,2026-04-23,Supplies,250.0,E0912,Paid
EXP-000235,E0044,Finance,2026-04-24,Supplies,74.4,E0194,Paid
EXP-000667,E0121,Finance,2026-04-24,Client entertainment,40.44,E0200,Paid
EXP-001140,E0211,Procurement,2026-04-24,Client entertainment,89.63,E0280,Paid
EXP-001739,E0320,Human Resources,2026-04-24,Accommodation,118.79,E0378,Paid
EXP-001811,E0331,Human Resources,2026-04-24,Accommodation,141.87,E0377,Paid
EXP-001827,E0335,Human Resources,2026-04-24,Training,88.11,E0374,Paid
EXP-002122,E0389,IT,2026-04-24,Accommodation,47.5,E0379,Paid
EXP-002392,E0440,IT,2026-04-24,Travel,238.14,E0379,Paid
EXP-003098,E0518,Operations,2026-04-24,Meals,262.56,E0902,Paid
EXP-003689,E0563,Operations,2026-04-24,Meals,315.94,E0916,Paid
EXP-003879,E0580,Operations,2026-04-24,Supplies,200.43,E0912,Paid
EXP-004036,E0594,Operations,2026-04-24,Accommodation,40.11,E0908,Paid
EXP-004249,E0615,Operations,2026-04-24,Supplies,179.02,E0937,Paid
EXP-004260,E0616,Operations,2026-04-24,Client entertainment,79.37,E0926,Paid
EXP-004420,E0627,Operations,2026-04-24,Accommodation,80.5,E0918,Paid
EXP-004533,E0637,Operations,2026-04-24,Training,7.42,E0933,Paid
EXP-005859,E0754,Operations,2026-04-24,Client entertainment,19.63,E0924,Paid
EXP-006093,E0773,Operations,2026-04-24,Meals,109.34,E0936,Paid
EXP-006681,E0821,Operations,2026-04-24,Accommodation,550.19,E0920,Paid
EXP-006818,E0833,Operations,2026-04-24,Training,101.11,E0925,Paid
EXP-007236,E0867,Operations,2026-04-24,Client entertainment,222.49,E0934,Paid
EXP-007446,E0884,Operations,2026-04-24,Meals,59.24,E0901,Paid
EXP-007772,E0910,Operations,2026-04-24,Accommodation,164.91,E0917,Paid
EXP-008057,E0930,Operations,2026-04-24,Travel,49.62,E0899,Paid
EXP-008450,E0962,Sales,2026-04-24,Accommodation,60.47,E1028,Paid
EXP-008733,E0984,Sales,2026-04-24,Client entertainment,126.89,E1104,Paid
EXP-008840,E0992,Sales,2026-04-24,Supplies,132.1,E1060,Paid
EXP-008879,E0995,Sales,2026-04-24,Meals,67.27,E0997,Paid
EXP-009011,E1007,Sales,2026-04-24,Supplies,782.81,E1022,Paid
EXP-009359,E1036,Sales,2026-04-24,Travel,248.59,E1092,Paid
EXP-009745,E1066,Sales,2026-04-24,Training,73.93,E1052,Paid
EXP-009787,E1071,Sales,2026-04-24,Client entertainment,51.1,E0953,Paid
EXP-010228,E1104,Sales,2026-04-24,Client entertainment,186.32,E1056,Paid
EXP-010236,E1105,Sales,2026-04-24,Client entertainment,37.03,E0953,Paid
EXP-010347,E1119,Legal,2026-04-24,Travel,128.39,E1117,Paid
EXP-010663,E1179,Facilities,2026-04-24,Accommodation,174.12,E1121,Paid
EXP-010677,E1182,Facilities,2026-04-24,Travel,139.32,E1121,Paid
EXP-000249,E0045,Finance,2026-04-25,Training,33.43,E0203,Paid
EXP-001165,E0214,Procurement,2026-04-25,Accommodation,145.2,E0279,Paid
EXP-002083,E0381,IT,2026-04-25,Supplies,21.48,E0379,Paid
EXP-002281,E0417,IT,2026-04-25,Meals,170.66,E0379,Paid
EXP-002467,E0455,IT,2026-04-25,Travel,191.6,E0379,Paid
EXP-002950,E0504,Operations,2026-04-25,Meals,20.5,E0933,Paid
EXP-003344,E0538,Operations,2026-04-25,Supplies,355.4,E0919,Paid
EXP-003582,E0556,Operations,2026-04-25,Accommodation,92.12,E0909,Paid
EXP-003656,E0561,Operations,2026-04-25,Supplies,66.39,E0914,Paid
EXP-003765,E0569,Operations,2026-04-25,Travel,97.41,E0914,Paid
EXP-004006,E0591,Operations,2026-04-25,Training,96.02,E0908,Paid
EXP-004098,E0599,Operations,2026-04-25,Client entertainment,83.65,E0909,Paid
EXP-004118,E0603,Operations,2026-04-25,Meals,112.95,E0904,Paid
EXP-004219,E0613,Operations,2026-04-25,Meals,97.03,E0929,Paid
EXP-004412,E0627,Operations,2026-04-25,Client entertainment,43.21,E0918,Paid
EXP-004829,E0664,Operations,2026-04-25,Training,203.3,E0932,Paid
EXP-004922,E0672,Operations,2026-04-25,Client entertainment,148.41,E0918,Paid
EXP-005131,E0689,Operations,2026-04-25,Accommodation,167.87,E0904,Paid
EXP-005152,E0690,Operations,2026-04-25,Accommodation,276.31,E0918,Paid
EXP-005979,E0765,Operations,2026-04-25,Accommodation,34.82,E0765,Paid
EXP-006526,E0808,Operations,2026-04-25,Supplies,82.61,E0898,Paid
EXP-006774,E0829,Operations,2026-04-25,Supplies,97.84,E0924,Paid
EXP-006966,E0844,Operations,2026-04-25,Meals,599.73,E0914,Paid
EXP-007046,E0851,Operations,2026-04-25,Client entertainment,46.82,E0932,Paid
EXP-007980,E0925,Operations,2026-04-25,Accommodation,173.25,E0900,Paid
EXP-008661,E0979,Sales,2026-04-25,Supplies,150.06,E0960,Paid
EXP-010002,E1089,Sales,2026-04-25,Meals,447.5,E0959,Paid
EXP-010421,E1137,Facilities,2026-04-25,Client entertainment,73.6,E1121,Paid
EXP-000638,E0117,Finance,2026-04-26,Travel,243.72,E0190,Paid
EXP-001079,E0194,Finance,2026-04-26,Travel,280.31,E0200,Paid
EXP-001189,E0220,Procurement,2026-04-26,Travel,120.3,E0268,Paid
EXP-001856,E0340,Human Resources,2026-04-26,Supplies,22.22,E0337,Paid
EXP-002556,E0471,IT,2026-04-26,Travel,25.82,E0379,Paid
EXP-002896,E0499,Operations,2026-04-26,Supplies,73.93,E0900,Paid
EXP-004059,E0595,Operations,2026-04-26,Supplies,397.56,E0935,Paid
EXP-004487,E0633,Operations,2026-04-26,Meals,35.04,E0901,Paid
EXP-004712,E0653,Operations,2026-04-26,Supplies,191.76,E0936,Paid
EXP-005129,E0689,Operations,2026-04-26,Accommodation,239.7,E0904,Paid
EXP-005526,E0725,Operations,2026-04-26,Meals,79.07,E0917,Paid
EXP-005705,E0739,Operations,2026-04-26,Travel,128.27,E0930,Paid
EXP-006328,E0793,Operations,2026-04-26,Meals,331.29,E0899,Paid
EXP-006375,E0798,Operations,2026-04-26,Travel,104.86,E0932,Paid
EXP-006403,E0799,Operations,2026-04-26,Travel,93.49,E0914,Paid
EXP-006564,E0811,Operations,2026-04-26,Travel,77.96,E0926,Paid
EXP-007151,E0859,Operations,2026-04-26,Training,70.05,E0919,Paid
EXP-007611,E0898,Operations,2026-04-26,Travel,85.69,E0903,Paid
EXP-008643,E0977,Sales,2026-04-26,Meals,94.77,E0995,Paid
EXP-008824,E0991,Sales,2026-04-26,Meals,68.35,E0958,Paid
EXP-009194,E1023,Sales,2026-04-26,Client entertainment,115.25,E1042,Paid
EXP-009332,E1034,Sales,2026-04-26,Travel,412.84,E0973,Paid
EXP-009833,E1075,Sales,2026-04-26,Client entertainment,256.64,E1072,Paid
EXP-010198,E1103,Sales,2026-04-26,Supplies,26.79,E0975,Paid
EXP-010255,E1106,Sales,2026-04-26,Supplies,154.43,E1040,Paid
EXP-010392,E1127,Facilities,2026-04-26,Meals,93.39,E1121,Paid
EXP-010524,E1157,Facilities,2026-04-26,Training,99.93,E1121,Paid
EXP-010719,E1189,Facilities,2026-04-26,Meals,80.2,E1121,Paid
EXP-000017,E0006,Finance,2026-04-27,Accommodation,244.62,E0207,Paid
EXP-000792,E0145,Finance,2026-04-27,Travel,388.52,E0193,Paid
EXP-001635,E0300,Human Resources,2026-04-27,Training,258.06,E0344,Paid
EXP-001873,E0343,Human Resources,2026-04-27,Supplies,112.85,E0339,Paid
EXP-002159,E0395,IT,2026-04-27,Supplies,86.24,E0379,Paid
EXP-002874,E0498,Operations,2026-04-27,Client entertainment,132.69,E0934,Paid
EXP-002985,E0508,Operations,2026-04-27,Travel,82.46,E0929,Paid
EXP-003478,E0547,Operations,2026-04-27,Accommodation,189.67,E0933,Paid
EXP-004365,E0624,Operations,2026-04-27,Accommodation,67.79,E0913,Paid
EXP-004398,E0625,Operations,2026-04-27,Training,146.67,E0926,Paid
EXP-004474,E0631,Operations,2026-04-27,Travel,64.79,E0917,Paid
EXP-004501,E0635,Operations,2026-04-27,Meals,90.11,E0928,Paid
EXP-004575,E0640,Operations,2026-04-27,Supplies,78.5,E0938,Paid
EXP-004648,E0646,Operations,2026-04-27,Training,706.94,E0923,Paid
EXP-005359,E0711,Operations,2026-04-27,Client entertainment,69.98,E0916,Paid
EXP-005412,E0717,Operations,2026-04-27,Meals,67.95,E0917,Paid
EXP-005679,E0738,Operations,2026-04-27,Travel,62.09,E0903,Paid
EXP-005748,E0744,Operations,2026-04-27,Accommodation,50.35,E0924,Paid
EXP-005968,E0764,Operations,2026-04-27,Meals,141.65,E0934,Paid
EXP-006065,E0771,Operations,2026-04-27,Accommodation,37.78,E0933,Paid
EXP-006584,E0813,Operations,2026-04-27,Supplies,153.95,E0901,Paid
EXP-007424,E0883,Operations,2026-04-27,Training,23.54,E0898,Paid
EXP-007820,E0913,Operations,2026-04-27,Travel,45.47,E0927,Paid
EXP-008199,E0943,Sales,2026-04-27,Travel,138.38,E0972,Paid
EXP-008629,E0976,Sales,2026-04-27,Client entertainment,225.61,E1026,Paid
EXP-008928,E1000,Sales,2026-04-27,Meals,603.99,E0989,Paid
EXP-009126,E1018,Sales,2026-04-27,Meals,312.39,E1019,Paid
EXP-009399,E1038,Sales,2026-04-27,Supplies,128.31,E1055,Paid
EXP-009537,E1051,Sales,2026-04-27,Training,27.13,E1084,Paid
EXP-009671,E1062,Sales,2026-04-27,Training,65.28,E0998,Paid
EXP-009910,E1080,Sales,2026-04-27,Training,65.35,E1048,Paid
EXP-009922,E1080,Sales,2026-04-27,Travel,300.35,E1048,Paid
EXP-010778,E1200,Facilities,2026-04-27,Supplies,19.38,E1121,Paid
EXP-000337,E0063,Finance,2026-04-28,Accommodation,24.71,E0199,Paid
EXP-001566,E0286,Procurement,2026-04-28,Travel,115.77,E0279,Paid
EXP-001582,E0289,Procurement,2026-04-28,Client entertainment,268.49,E0277,Paid
EXP-001740,E0321,Human Resources,2026-04-28,Client entertainment,102.96,E0344,Paid
EXP-002089,E0382,IT,2026-04-28,Client entertainment,88.88,E0379,Paid
EXP-002330,E0426,IT,2026-04-28,Meals,40.0,E0379,Paid
EXP-002334,E0427,IT,2026-04-28,Accommodation,58.9,E0379,Paid
EXP-002979,E0506,Operations,2026-04-28,Accommodation,98.56,E0899,Paid
EXP-004272,E0616,Operations,2026-04-28,Client entertainment,258.37,E0926,Paid
EXP-004860,E0668,Operations,2026-04-28,Travel,238.81,E0913,Paid
EXP-005569,E0728,Operations,2026-04-28,Client entertainment,34.12,E0900,Paid
EXP-005597,E0730,Operations,2026-04-28,Travel,61.66,E0900,Paid
EXP-005652,E0736,Operations,2026-04-28,Accommodation,170.7,E0902,Paid
EXP-006647,E0818,Operations,2026-04-28,Meals,124.53,E0931,Paid
EXP-006668,E0820,Operations,2026-04-28,Client entertainment,69.08,E0926,Paid
EXP-006749,E0828,Operations,2026-04-28,Supplies,64.92,E0921,Paid
EXP-007575,E0894,Operations,2026-04-28,Supplies,147.38,E0908,Paid
EXP-007779,E0911,Operations,2026-04-28,Supplies,147.82,E0922,Paid
EXP-008785,E0988,Sales,2026-04-28,Training,320.26,E1030,Paid
EXP-008850,E0993,Sales,2026-04-28,Training,64.79,E1048,Paid
EXP-009167,E1021,Sales,2026-04-28,Client entertainment,103.45,E1010,Paid
EXP-009383,E1037,Sales,2026-04-28,Client entertainment,130.32,E0993,Paid
EXP-010059,E1093,Sales,2026-04-28,Supplies,75.93,E1087,Paid
EXP-010545,E1159,Facilities,2026-04-28,Supplies,38.77,E1121,Paid
EXP-010797,E1202,Facilities,2026-04-28,Travel,463.0,E1121,Paid
EXP-000744,E0137,Finance,2026-04-29,Client entertainment,78.39,E0205,Paid
EXP-001245,E0231,Procurement,2026-04-29,Accommodation,331.49,E0273,Paid
EXP-001471,E0272,Procurement,2026-04-29,Supplies,313.65,E0280,Paid
EXP-001550,E0285,Procurement,2026-04-29,Client entertainment,75.56,E0277,Paid
EXP-002251,E0411,IT,2026-04-29,Meals,106.55,E0379,Paid
EXP-002335,E0427,IT,2026-04-29,Accommodation,81.96,E0379,Paid
EXP-002404,E0442,IT,2026-04-29,Client entertainment,74.13,E0379,Paid
EXP-002430,E0446,IT,2026-04-29,Training,49.63,E0379,Paid
EXP-002539,E0467,IT,2026-04-29,Client entertainment,42.56,E0379,Paid
EXP-003066,E0515,Operations,2026-04-29,Client entertainment,47.17,E0912,Paid
EXP-003295,E0534,Operations,2026-04-29,Meals,57.04,E0925,Paid
EXP-004843,E0665,Operations,2026-04-29,Training,184.14,E0922,Paid
EXP-005923,E0760,Operations,2026-04-29,Travel,87.83,E0899,Paid
EXP-006424,E0800,Operations,2026-04-29,Training,756.49,E0910,Paid
EXP-006751,E0828,Operations,2026-04-29,Accommodation,227.1,E0921,Paid
EXP-006952,E0842,Operations,2026-04-29,Training,219.8,E0909,Paid
EXP-007394,E0881,Operations,2026-04-29,Supplies,99.75,E0910,Paid
EXP-007957,E0923,Operations,2026-04-29,Accommodation,116.43,E0914,Paid
EXP-008305,E0949,Sales,2026-04-29,Client entertainment,273.56,E0955,Paid
EXP-008638,E0977,Sales,2026-04-29,Client entertainment,41.89,E0995,Paid
EXP-008756,E0985,Sales,2026-04-29,Training,89.55,E0977,Paid
EXP-009624,E1058,Sales,2026-04-29,Travel,44.48,E1060,Paid
EXP-009890,E1079,Sales,2026-04-29,Client entertainment,262.68,E0958,Paid
EXP-010549,E1160,Facilities,2026-04-29,Client entertainment,429.98,E1121,Paid
EXP-010739,E1194,Facilities,2026-04-29,Client entertainment,30.39,E1121,Paid
EXP-000063,E0015,Finance,2026-04-30,Travel,42.36,E0192,Paid
EXP-000171,E0034,Finance,2026-04-30,Training,65.23,E0196,Paid
EXP-000368,E0068,Finance,2026-04-30,Supplies,375.17,E0201,Paid
EXP-000836,E0158,Finance,2026-04-30,Supplies,131.82,E0202,Paid
EXP-001431,E0265,Procurement,2026-04-30,Accommodation,126.75,E0278,Paid
EXP-001865,E0342,Human Resources,2026-04-30,Supplies,162.37,E0374,Paid
EXP-002849,E0496,Operations,2026-04-30,Meals,68.32,E0899,Paid
EXP-003081,E0516,Operations,2026-04-30,Supplies,57.12,E0934,Paid
EXP-003173,E0523,Operations,2026-04-30,Meals,607.37,E0920,Paid
EXP-003384,E0541,Operations,2026-04-30,Meals,169.8,E0930,Paid
EXP-003715,E0565,Operations,2026-04-30,Travel,184.8,E0917,Paid
EXP-003771,E0571,Operations,2026-04-30,Travel,147.9,E0906,Paid
EXP-004236,E0614,Operations,2026-04-30,Accommodation,46.57,E0932,Paid
EXP-004529,E0637,Operations,2026-04-30,Travel,48.69,E0933,Paid
EXP-004554,E0639,Operations,2026-04-30,Client entertainment,65.29,E0921,Paid
EXP-004589,E0641,Operations,2026-04-30,Travel,12.73,E0912,Paid
EXP-004839,E0664,Operations,2026-04-30,Client entertainment,127.76,E0932,Paid
EXP-006213,E0785,Operations,2026-04-30,Meals,55.14,E0924,Paid
EXP-006238,E0786,Operations,2026-04-30,Accommodation,368.23,E0901,Paid
EXP-006545,E0810,Operations,2026-04-30,Accommodation,125.61,E0937,Paid
EXP-006836,E0833,Operations,2026-04-30,Training,33.91,E0925,Paid
EXP-007432,E0883,Operations,2026-04-30,Client entertainment,38.93,E0898,Paid
EXP-007505,E0888,Operations,2026-04-30,Accommodation,61.56,E0905,Paid
EXP-008266,E0947,Sales,2026-04-30,Training,159.4,E1033,Paid
EXP-008443,E0961,Sales,2026-04-30,Meals,285.91,E1097,Paid
EXP-008700,E0982,Sales,2026-04-30,Meals,144.61,E0956,Paid
EXP-008848,E0993,Sales,2026-04-30,Meals,320.38,E1048,Paid
EXP-009302,E1032,Sales,2026-04-30,Accommodation,33.89,E1066,Paid
EXP-009375,E1037,Sales,2026-04-30,Meals,319.81,E0993,Paid
EXP-009516,E1050,Sales,2026-04-30,Supplies,398.39,E1011,Paid
EXP-010092,E1096,Sales,2026-04-30,Client entertainment,120.53,E0968,Paid
EXP-010226,E1104,Sales,2026-04-30,Client entertainment,224.57,E1056,Paid
EXP-000583,E0108,Finance,2026-05-01,Accommodation,491.22,E0210,Paid
EXP-000611,E0112,Finance,2026-05-01,Training,222.33,E0205,Paid
EXP-001479,E0273,Procurement,2026-05-01,Travel,84.35,E0278,Paid
EXP-002166,E0397,IT,2026-05-01,Meals,140.99,E0379,Paid
EXP-002368,E0436,IT,2026-05-01,Meals,79.12,E0379,Paid
EXP-002408,E0443,IT,2026-05-01,Supplies,30.4,E0379,Paid
EXP-002523,E0463,IT,2026-05-01,Meals,220.26,E0379,Paid
EXP-002619,E0480,Operations,2026-05-01,Travel,70.0,E0903,Paid
EXP-002846,E0496,Operations,2026-05-01,Client entertainment,225.05,E0899,Paid
EXP-002893,E0499,Operations,2026-05-01,Travel,223.03,E0900,Paid
EXP-003267,E0530,Operations,2026-05-01,Travel,54.12,E0919,Paid
EXP-003390,E0542,Operations,2026-05-01,Supplies,26.14,E0898,Paid
EXP-003670,E0563,Operations,2026-05-01,Meals,70.37,E0916,Paid
EXP-003686,E0563,Operations,2026-05-01,Client entertainment,37.62,E0916,Paid
EXP-003756,E0568,Operations,2026-05-01,Client entertainment,222.35,E0897,Paid
EXP-003875,E0580,Operations,2026-05-01,Client entertainment,110.34,E0912,Paid
EXP-004021,E0593,Operations,2026-05-01,Training,266.87,E0938,Paid
EXP-004593,E0641,Operations,2026-05-01,Client entertainment,136.76,E0912,Paid
EXP-004609,E0643,Operations,2026-05-01,Client entertainment,138.08,E0921,Paid
EXP-005954,E0763,Operations,2026-05-01,Meals,203.33,E0914,Paid
EXP-006491,E0805,Operations,2026-05-01,Meals,86.17,E0900,Paid
EXP-006710,E0825,Operations,2026-05-01,Meals,151.58,E0905,Paid
EXP-007127,E0857,Operations,2026-05-01,Supplies,335.88,E0937,Paid
EXP-007294,E0872,Operations,2026-05-01,Meals,68.95,E0937,Paid
EXP-007417,E0882,Operations,2026-05-01,Training,36.94,E0935,Paid
EXP-007615,E0898,Operations,2026-05-01,Travel,122.33,E0903,Paid
EXP-007627,E0899,Operations,2026-05-01,Training,125.01,E0903,Paid
EXP-007973,E0924,Operations,2026-05-01,Travel,238.53,E0914,Paid
EXP-008097,E0934,Operations,2026-05-01,Accommodation,397.79,E0916,Paid
EXP-008101,E0934,Operations,2026-05-01,Accommodation,31.23,E0916,Paid
EXP-008160,E0940,Sales,2026-05-01,Client entertainment,118.5,E0955,Paid
EXP-008230,E0945,Sales,2026-05-01,Client entertainment,206.94,E1064,Paid
EXP-008588,E0972,Sales,2026-05-01,Supplies,32.48,E1087,Paid
EXP-008777,E0987,Sales,2026-05-01,Travel,67.19,E1001,Paid
EXP-009411,E1039,Sales,2026-05-01,Travel,57.61,E0988,Paid
EXP-009501,E1047,Sales,2026-05-01,Training,279.74,E1071,Paid
EXP-009564,E1053,Sales,2026-05-01,Training,15.88,E0987,Paid
EXP-009608,E1057,Sales,2026-05-01,Accommodation,122.36,E0958,Paid
EXP-010327,E1116,Legal,2026-05-01,Travel,105.2,E1110,Paid
EXP-010502,E1153,Facilities,2026-05-01,Training,177.92,E1121,Paid
EXP-010856,E1033,Sales,2026-05-01,Client entertainment,966.02,E1044,Paid
EXP-000260,E0048,Finance,2026-05-02,Supplies,36.88,E0196,Paid
EXP-000470,E0087,Finance,2026-05-02,Travel,123.03,E0198,Paid
EXP-001236,E0230,Procurement,2026-05-02,Accommodation,36.7,E0274,Paid
EXP-001713,E0315,Human Resources,2026-05-02,Training,131.95,E0343,Paid
EXP-001774,E0326,Human Resources,2026-05-02,Client entertainment,71.89,E0339,Paid
EXP-002551,E0470,IT,2026-05-02,Client entertainment,40.49,E0379,Paid
EXP-002699,E0485,Operations,2026-05-02,Travel,16.44,E0903,Paid
EXP-003069,E0515,Operations,2026-05-02,Training,35.18,E0912,Paid
EXP-003398,E0542,Operations,2026-05-02,Client entertainment,187.49,E0898,Paid
EXP-003555,E0554,Operations,2026-05-02,Meals,123.89,E0918,Paid
EXP-004699,E0651,Operations,2026-05-02,Client entertainment,440.03,E0917,Paid
EXP-004876,E0669,Operations,2026-05-02,Meals,206.02,E0900,Paid
EXP-004883,E0669,Operations,2026-05-02,Travel,80.97,E0900,Paid
EXP-005093,E0685,Operations,2026-05-02,Meals,844.49,E0907,Paid
EXP-005253,E0699,Operations,2026-05-02,Supplies,119.65,E0931,Paid
EXP-005391,E0715,Operations,2026-05-02,Meals,55.7,E0922,Paid
EXP-005495,E0722,Operations,2026-05-02,Travel,70.57,E0936,Paid
EXP-005665,E0737,Operations,2026-05-02,Client entertainment,99.43,E0915,Paid
EXP-005795,E0749,Operations,2026-05-02,Accommodation,34.24,E0918,Paid
EXP-006369,E0797,Operations,2026-05-02,Meals,152.04,E0909,Paid
EXP-007004,E0846,Operations,2026-05-02,Supplies,86.91,E0938,Paid
EXP-007075,E0853,Operations,2026-05-02,Meals,58.24,E0930,Paid
EXP-007400,E0881,Operations,2026-05-02,Accommodation,58.86,E0910,Paid
EXP-007444,E0884,Operations,2026-05-02,Travel,110.5,E0901,Paid
EXP-007765,E0910,Operations,2026-05-02,Supplies,38.6,E0917,Paid
EXP-007801,E0912,Operations,2026-05-02,Travel,96.94,E0900,Paid
EXP-008145,E0939,Sales,2026-05-02,Accommodation,42.97,E1055,Paid
EXP-008911,E0998,Sales,2026-05-02,Supplies,13.22,E1081,Paid
EXP-009116,E1017,Sales,2026-05-02,Training,21.27,E1065,Paid
EXP-009765,E1068,Sales,2026-05-02,Meals,43.27,E1071,Paid
EXP-010064,E1094,Sales,2026-05-02,Travel,126.2,E0945,Paid
EXP-010403,E1129,Facilities,2026-05-02,Accommodation,84.65,E1121,Paid
EXP-010753,E1195,Facilities,2026-05-02,Travel,284.23,E1121,Paid
EXP-000044,E0010,Finance,2026-05-03,Meals,56.54,E0204,Paid
EXP-000977,E0180,Finance,2026-05-03,Meals,46.84,E0208,Paid
EXP-001147,E0212,Procurement,2026-05-03,Accommodation,88.91,E0269,Paid
EXP-001352,E0252,Procurement,2026-05-03,Meals,41.3,E0280,Paid
EXP-001401,E0259,Procurement,2026-05-03,Meals,144.13,E0277,Paid
EXP-001589,E0290,Procurement,2026-05-03,Accommodation,67.72,E0272,Paid
EXP-001645,E0302,Human Resources,2026-05-03,Supplies,32.65,E0377,Paid
EXP-001817,E0333,Human Resources,2026-05-03,Meals,184.96,E0349,Paid
EXP-002288,E0418,IT,2026-05-03,Accommodation,112.29,E0379,Paid
EXP-002557,E0471,IT,2026-05-03,Meals,260.18,E0379,Paid
EXP-002838,E0496,Operations,2026-05-03,Supplies,172.26,E0899,Paid
EXP-003392,E0542,Operations,2026-05-03,Meals,169.6,E0898,Paid
EXP-004722,E0653,Operations,2026-05-03,Client entertainment,58.05,E0936,Paid
EXP-005463,E0720,Operations,2026-05-03,Travel,55.6,E0920,Paid
EXP-005781,E0748,Operations,2026-05-03,Travel,270.2,E0926,Paid
EXP-006294,E0791,Operations,2026-05-03,Travel,101.47,E0910,Paid
EXP-006432,E0801,Operations,2026-05-03,Travel,45.34,E0903,Paid
EXP-006476,E0803,Operations,2026-05-03,Client entertainment,86.33,E0930,Paid
EXP-006829,E0833,Operations,2026-05-03,Training,28.78,E0925,Paid
EXP-007113,E0856,Operations,2026-05-03,Meals,83.05,E0916,Paid
EXP-007165,E0860,Operations,2026-05-03,Training,132.74,E0904,Paid
EXP-007543,E0891,Operations,2026-05-03,Training,48.48,E0912,Paid
EXP-007633,E0900,Operations,2026-05-03,Accommodation,59.38,E0935,Paid
EXP-007983,E0925,Operations,2026-05-03,Supplies,16.63,E0900,Paid
EXP-008441,E0961,Sales,2026-05-03,Client entertainment,338.61,E1097,Paid
EXP-008626,E0976,Sales,2026-05-03,Travel,251.46,E1026,Paid
EXP-009622,E1058,Sales,2026-05-03,Meals,115.15,E1060,Paid
EXP-009825,E1075,Sales,2026-05-03,Travel,62.97,E1072,Paid
EXP-010708,E1188,Facilities,2026-05-03,Travel,41.47,E1121,Paid
EXP-000002,E0001,Finance,2026-05-04,Travel,166.14,E0209,Paid
EXP-000400,E0076,Finance,2026-05-04,Client entertainment,93.37,E0208,Paid
EXP-000614,E0112,Finance,2026-05-04,Client entertainment,86.48,E0205,Paid
EXP-001493,E0275,Procurement,2026-05-04,Training,370.58,E0268,Paid
EXP-001567,E0286,Procurement,2026-05-04,Meals,144.24,E0279,Paid
EXP-001805,E0331,Human Resources,2026-05-04,Meals,252.42,E0377,Paid
EXP-002593,E0477,Operations,2026-05-04,Supplies,61.58,E0906,Paid
EXP-003603,E0558,Operations,2026-05-04,Training,645.34,E0906,Paid
EXP-003719,E0566,Operations,2026-05-04,Supplies,291.23,E0935,Paid
EXP-003804,E0574,Operations,2026-05-04,Supplies,40.92,E0927,Paid
EXP-003883,E0580,Operations,2026-05-04,Accommodation,147.66,E0912,Paid
EXP-005726,E0742,Operations,2026-05-04,Supplies,45.65,E0938,Paid
EXP-006012,E0767,Operations,2026-05-04,Training,249.83,E0920,Paid
EXP-006258,E0787,Operations,2026-05-04,Training,64.39,E0915,Paid
EXP-006271,E0788,Operations,2026-05-04,Meals,45.65,E0925,Paid
EXP-006785,E0830,Operations,2026-05-04,Training,93.51,E0917,Paid
EXP-007300,E0873,Operations,2026-05-04,Meals,178.24,E0914,Paid
EXP-007606,E0898,Operations,2026-05-04,Accommodation,52.5,E0903,Paid
EXP-007724,E0907,Operations,2026-05-04,Meals,35.77,E0938,Paid
EXP-008470,E0964,Sales,2026-05-04,Supplies,115.46,E1105,Paid
EXP-008502,E0966,Sales,2026-05-04,Meals,1295.57,E1012,Paid
EXP-009279,E1030,Sales,2026-05-04,Supplies,237.57,E0977,Paid
EXP-009464,E1044,Sales,2026-05-04,Accommodation,108.57,E1072,Paid
EXP-009488,E1047,Sales,2026-05-04,Meals,241.27,E1071,Paid
EXP-009499,E1047,Sales,2026-05-04,Training,41.52,E1071,Paid
EXP-009669,E1061,Sales,2026-05-04,Client entertainment,397.92,E1035,Paid
EXP-009718,E1064,Sales,2026-05-04,Training,141.31,E1053,Paid
EXP-009748,E1067,Sales,2026-05-04,Training,145.57,E0955,Paid
EXP-009854,E1076,Sales,2026-05-04,Training,215.05,E1047,Paid
EXP-010053,E1092,Sales,2026-05-04,Meals,119.69,E1057,Paid
EXP-010307,E1111,Legal,2026-05-04,Supplies,299.77,E1118,Paid
EXP-010394,E1128,Facilities,2026-05-04,Meals,39.86,E1121,Paid
EXP-010686,E1185,Facilities,2026-05-04,Supplies,51.6,E1121,Paid
EXP-000747,E0138,Finance,2026-05-05,Supplies,86.79,E0203,Paid
EXP-001201,E0222,Procurement,2026-05-05,Meals,66.34,E0273,Paid
EXP-001275,E0239,Procurement,2026-05-05,Accommodation,462.16,E0277,Paid
EXP-001689,E0311,Human Resources,2026-05-05,Accommodation,65.93,E0377,Paid
EXP-001722,E0317,Human Resources,2026-05-05,Training,279.52,E0346,Paid
EXP-001834,E0336,Human Resources,2026-05-05,Travel,97.43,E0378,Paid
EXP-002125,E0390,IT,2026-05-05,Meals,346.04,E0379,Paid
EXP-002192,E0402,IT,2026-05-05,Accommodation,1012.38,E0379,Paid
EXP-002349,E0430,IT,2026-05-05,Client entertainment,72.64,E0379,Paid
EXP-002387,E0440,IT,2026-05-05,Training,21.22,E0379,Paid
EXP-003231,E0527,Operations,2026-05-05,Travel,619.03,E0916,Paid
EXP-003421,E0543,Operations,2026-05-05,Client entertainment,64.38,E0914,Paid
EXP-004203,E0612,Operations,2026-05-05,Training,351.91,E0922,Paid
EXP-004278,E0617,Operations,2026-05-05,Training,176.97,E0933,Paid
EXP-004781,E0659,Operations,2026-05-05,Training,345.05,E0928,Paid
EXP-004808,E0661,Operations,2026-05-05,Travel,42.63,E0916,Paid
EXP-005771,E0746,Operations,2026-05-05,Training,43.24,E0930,Paid
EXP-006161,E0779,Operations,2026-05-05,Training,231.63,E0916,Paid
EXP-006278,E0789,Operations,2026-05-05,Meals,46.6,E0897,Paid
EXP-006776,E0830,Operations,2026-05-05,Meals,65.29,E0917,Paid
EXP-006905,E0839,Operations,2026-05-05,Client entertainment,602.74,E0933,Paid
EXP-007500,E0888,Operations,2026-05-05,Travel,118.92,E0905,Paid
EXP-008228,E0945,Sales,2026-05-05,Meals,178.73,E1064,Paid
EXP-008466,E0963,Sales,2026-05-05,Supplies,169.99,E0952,Paid
EXP-008549,E0970,Sales,2026-05-05,Meals,65.71,E1021,Paid
EXP-008709,E0982,Sales,2026-05-05,Meals,275.3,E0956,Paid
EXP-008851,E0993,Sales,2026-05-05,Client entertainment,44.34,E1048,Paid
EXP-008905,E0998,Sales,2026-05-05,Client entertainment,188.42,E1081,Paid
EXP-009037,E1009,Sales,2026-05-05,Client entertainment,39.82,E1040,Paid
EXP-009815,E1074,Sales,2026-05-05,Meals,57.52,E1064,Paid
EXP-010041,E1091,Sales,2026-05-05,Supplies,281.29,E1063,Paid
EXP-010339,E1118,Legal,2026-05-05,Travel,929.68,E1114,Paid
EXP-010785,E1201,Facilities,2026-05-05,Meals,236.39,E1121,Paid
EXP-000196,E0039,Finance,2026-05-06,Supplies,57.51,E0190,Paid
EXP-000426,E0079,Finance,2026-05-06,Meals,263.72,E0201,Paid
EXP-000856,E0161,Finance,2026-05-06,Training,362.79,E0210,Paid
EXP-002052,E0376,Human Resources,2026-05-06,Meals,56.74,E0378,Paid
EXP-002841,E0496,Operations,2026-05-06,Meals,150.12,E0899,Paid
EXP-002847,E0496,Operations,2026-05-06,Client entertainment,235.8,E0899,Paid
EXP-003426,E0544,Operations,2026-05-06,Accommodation,103.13,E0901,Paid
EXP-003624,E0559,Operations,2026-05-06,Meals,503.85,E0917,Paid
EXP-005087,E0685,Operations,2026-05-06,Meals,35.16,E0907,Paid
EXP-005689,E0738,Operations,2026-05-06,Travel,493.06,E0903,Paid
EXP-005701,E0739,Operations,2026-05-06,Accommodation,51.91,E0930,Paid
EXP-005740,E0744,Operations,2026-05-06,Accommodation,40.15,E0924,Paid
EXP-005876,E0756,Operations,2026-05-06,Travel,67.25,E0932,Paid
EXP-006292,E0791,Operations,2026-05-06,Accommodation,71.26,E0910,Paid
EXP-006309,E0792,Operations,2026-05-06,Supplies,163.45,E0916,Paid
EXP-006325,E0793,Operations,2026-05-06,Travel,148.55,E0899,Paid
EXP-006968,E0844,Operations,2026-05-06,Supplies,53.87,E0914,Paid
EXP-007014,E0848,Operations,2026-05-06,Meals,113.53,E0910,Paid
EXP-008167,E0940,Sales,2026-05-06,Travel,64.87,E0955,Paid
EXP-008584,E0972,Sales,2026-05-06,Supplies,161.7,E1087,Paid
EXP-008736,E0984,Sales,2026-05-06,Travel,376.52,E1104,Paid
EXP-009055,E1010,Sales,2026-05-06,Accommodation,107.03,E0980,Paid
EXP-009112,E1017,Sales,2026-05-06,Accommodation,344.77,E1065,Paid
EXP-009149,E1019,Sales,2026-05-06,Training,172.22,E0984,Paid
EXP-009426,E1041,Sales,2026-05-06,Travel,1574.32,E0944,Paid
EXP-010329,E1116,Legal,2026-05-06,Meals,205.19,E1110,Paid
EXP-010452,E1143,Facilities,2026-05-06,Accommodation,43.45,E1121,Paid
EXP-000115,E0025,Finance,2026-05-07,Supplies,155.13,E0196,Paid
EXP-000122,E0025,Finance,2026-05-07,Client entertainment,73.01,E0196,Paid
EXP-000268,E0050,Finance,2026-05-07,Accommodation,78.2,E0190,Paid
EXP-000573,E0106,Finance,2026-05-07,Supplies,136.56,E0201,Paid
EXP-001338,E0249,Procurement,2026-05-07,Travel,58.3,E0268,Paid
EXP-001782,E0327,Human Resources,2026-05-07,Travel,141.77,E0377,Paid
EXP-001846,E0338,Human Resources,2026-05-07,Client entertainment,364.4,E0339,Paid
EXP-001963,E0362,Human Resources,2026-05-07,Supplies,61.63,E0340,Paid
EXP-002510,E0461,IT,2026-05-07,Supplies,72.3,E0379,Paid
EXP-002715,E0486,Operations,2026-05-07,Training,167.93,E0912,Paid
EXP-002793,E0493,Operations,2026-05-07,Supplies,96.44,E0932,Paid
EXP-003190,E0525,Operations,2026-05-07,Supplies,10.1,E0908,Paid
EXP-003631,E0559,Operations,2026-05-07,Client entertainment,144.42,E0917,Paid
EXP-004190,E0611,Operations,2026-05-07,Training,51.74,E0908,Paid
EXP-004287,E0617,Operations,2026-05-07,Supplies,129.81,E0933,Paid
EXP-004616,E0643,Operations,2026-05-07,Meals,92.32,E0921,Paid
EXP-005066,E0683,Operations,2026-05-07,Meals,87.16,E0910,Paid
EXP-005345,E0706,Operations,2026-05-07,Accommodation,89.49,E0918,Paid
EXP-006000,E0766,Operations,2026-05-07,Travel,12.83,E0900,Paid
EXP-006372,E0797,Operations,2026-05-07,Training,66.59,E0909,Paid
EXP-006519,E0807,Operations,2026-05-07,Accommodation,455.7,E0907,Paid
EXP-007070,E0852,Operations,2026-05-07,Supplies,67.21,E0914,Paid
EXP-007982,E0925,Operations,2026-05-07,Supplies,1343.97,E0900,Paid
EXP-009943,E1082,Sales,2026-05-07,Supplies,13.44,E1002,Paid
EXP-010016,E1090,Sales,2026-05-07,Accommodation,57.13,E0999,Paid
EXP-000329,E0062,Finance,2026-05-08,Travel,42.23,E0202,Paid
EXP-001173,E0217,Procurement,2026-05-08,Training,47.07,E0275,Paid
EXP-001233,E0229,Procurement,2026-05-08,Accommodation,69.36,E0272,Paid
EXP-001585,E0289,Procurement,2026-05-08,Client entertainment,103.81,E0277,Paid
EXP-001620,E0297,Human Resources,2026-05-08,Accommodation,39.75,E0372,Paid
EXP-002596,E0477,Operations,2026-05-08,Supplies,60.29,E0906,Paid
EXP-002660,E0482,Operations,2026-05-08,Supplies,27.01,E0919,Paid
EXP-002914,E0501,Operations,2026-05-08,Training,159.65,E0903,Paid
EXP-003430,E0544,Operations,2026-05-08,Meals,75.42,E0901,Paid
EXP-003633,E0560,Operations,2026-05-08,Supplies,27.86,E0907,Paid
EXP-004335,E0621,Operations,2026-05-08,Client entertainment,31.89,E0922,Paid
EXP-004403,E0626,Operations,2026-05-08,Meals,148.24,E0910,Paid
EXP-004820,E0663,Operations,2026-05-08,Client entertainment,54.94,E0922,Paid
EXP-005065,E0683,Operations,2026-05-08,Accommodation,10.67,E0910,Paid
EXP-005289,E0702,Operations,2026-05-08,Training,229.54,E0897,Paid
EXP-005317,E0704,Operations,2026-05-08,Client entertainment,50.7,E0924,Paid
EXP-005574,E0728,Operations,2026-05-08,Client entertainment,101.17,E0900,Paid
EXP-005719,E0741,Operations,2026-05-08,Training,29.98,E0918,Paid
EXP-005754,E0745,Operations,2026-05-08,Travel,33.03,E0938,Paid
EXP-005846,E0754,Operations,2026-05-08,Travel,252.34,E0924,Paid
EXP-006037,E0769,Operations,2026-05-08,Training,50.53,E0928,Paid
EXP-006287,E0789,Operations,2026-05-08,Client entertainment,13.85,E0897,Paid
EXP-006399,E0798,Operations,2026-05-08,Meals,162.76,E0932,Paid
EXP-006937,E0841,Operations,2026-05-08,Accommodation,72.47,E0919,Paid
EXP-007247,E0868,Operations,2026-05-08,Client entertainment,90.43,E0906,Paid
EXP-007275,E0870,Operations,2026-05-08,Accommodation,117.6,E0936,Paid
EXP-007567,E0894,Operations,2026-05-08,Accommodation,201.56,E0908,Paid
EXP-007988,E0926,Operations,2026-05-08,Meals,24.99,E0906,Paid
EXP-008846,E0993,Sales,2026-05-08,Training,156.37,E1048,Paid
EXP-009261,E1028,Sales,2026-05-08,Travel,491.68,E1026,Paid
EXP-009773,E1068,Sales,2026-05-08,Client entertainment,135.61,E1071,Paid
EXP-009861,E1077,Sales,2026-05-08,Travel,51.24,E1064,Paid
EXP-010018,E1090,Sales,2026-05-08,Supplies,25.64,E0999,Paid
EXP-010022,E1090,Sales,2026-05-08,Accommodation,35.35,E0999,Paid
EXP-010135,E1098,Sales,2026-05-08,Client entertainment,14.06,E1042,Paid
EXP-010249,E1105,Sales,2026-05-08,Supplies,88.31,E0953,Paid
EXP-010278,E1108,Legal,2026-05-08,Accommodation,66.92,E1110,Paid
EXP-010950,E0641,Operations,2026-05-08,Supplies,150.0,E0912,Paid
EXP-000644,E0118,Finance,2026-05-09,Supplies,66.43,E0210,Paid
EXP-000749,E0138,Finance,2026-05-09,Meals,59.1,E0203,Paid
EXP-000894,E0168,Finance,2026-05-09,Supplies,54.73,E0201,Paid
EXP-000905,E0170,Finance,2026-05-09,Client entertainment,99.27,E0194,Paid
EXP-000922,E0172,Finance,2026-05-09,Supplies,9.91,E0208,Paid
EXP-001039,E0189,Finance,2026-05-09,Travel,548.54,E0198,Paid
EXP-001572,E0287,Procurement,2026-05-09,Supplies,98.11,E0277,Paid
EXP-001727,E0318,Human Resources,2026-05-09,Meals,45.67,E0340,Paid
EXP-003063,E0514,Operations,2026-05-09,Accommodation,737.23,E0907,Paid
EXP-003232,E0527,Operations,2026-05-09,Client entertainment,99.46,E0916,Paid
EXP-003299,E0535,Operations,2026-05-09,Meals,92.79,E0897,Paid
EXP-003674,E0563,Operations,2026-05-09,Meals,92.3,E0916,Paid
EXP-003753,E0568,Operations,2026-05-09,Training,83.24,E0897,Paid
EXP-004159,E0609,Operations,2026-05-09,Client entertainment,51.95,E0913,Paid
EXP-004459,E0629,Operations,2026-05-09,Accommodation,148.18,E0935,Paid
EXP-005019,E0680,Operations,2026-05-09,Meals,154.37,E0919,Paid
EXP-006477,E0803,Operations,2026-05-09,Accommodation,20.87,E0930,Paid
EXP-006812,E0833,Operations,2026-05-09,Training,100.85,E0925,Paid
EXP-006839,E0833,Operations,2026-05-09,Accommodation,20.19,E0925,Paid
EXP-008623,E0975,Sales,2026-05-09,Travel,211.03,E1046,Paid
EXP-008656,E0978,Sales,2026-05-09,Meals,65.34,E1024,Paid
EXP-008730,E0984,Sales,2026-05-09,Meals,32.91,E1104,Paid
EXP-009472,E1044,Sales,2026-05-09,Client entertainment,41.08,E1072,Paid
EXP-009742,E1066,Sales,2026-05-09,Travel,63.36,E1052,Paid
EXP-010219,E1104,Sales,2026-05-09,Travel,51.09,E1056,Paid
EXP-010566,E1164,Facilities,2026-05-09,Meals,289.19,E1121,Paid
EXP-010697,E1186,Facilities,2026-05-09,Client entertainment,101.95,E1121,Paid
EXP-010914,E1043,Sales,2026-05-09,Client entertainment,969.38,E1099,Paid
EXP-000161,E0033,Finance,2026-05-10,Client entertainment,94.87,E0199,Paid
EXP-001535,E0282,Procurement,2026-05-10,Supplies,370.52,E0269,Paid
EXP-001705,E0314,Human Resources,2026-05-10,Client entertainment,25.48,E0342,Paid
EXP-002172,E0399,IT,2026-05-10,Accommodation,81.42,E0379,Paid
EXP-002302,E0422,IT,2026-05-10,Client entertainment,56.75,E0379,Paid
EXP-002326,E0425,IT,2026-05-10,Accommodation,91.46,E0379,Paid
EXP-002659,E0482,Operations,2026-05-10,Accommodation,40.18,E0919,Paid
EXP-002679,E0484,Operations,2026-05-10,Meals,109.73,E0902,Paid
EXP-002788,E0493,Operations,2026-05-10,Travel,309.43,E0932,Paid
EXP-002981,E0507,Operations,2026-05-10,Training,316.41,E0930,Paid
EXP-003484,E0547,Operations,2026-05-10,Supplies,345.45,E0933,Paid
EXP-004141,E0608,Operations,2026-05-10,Meals,217.88,E0929,Paid
EXP-005051,E0682,Operations,2026-05-10,Travel,167.52,E0899,Paid
EXP-005194,E0694,Operations,2026-05-10,Supplies,94.61,E0932,Paid
EXP-005259,E0699,Operations,2026-05-10,Travel,181.47,E0931,Paid
EXP-005591,E0730,Operations,2026-05-10,Accommodation,69.68,E0900,Paid
EXP-005657,E0736,Operations,2026-05-10,Meals,244.72,E0902,Paid
EXP-005767,E0746,Operations,2026-05-10,Supplies,35.11,E0930,Paid
EXP-006253,E0787,Operations,2026-05-10,Travel,124.15,E0915,Paid
EXP-006447,E0801,Operations,2026-05-10,Travel,100.52,E0903,Paid
EXP-006510,E0807,Operations,2026-05-10,Meals,307.02,E0907,Paid
EXP-006531,E0808,Operations,2026-05-10,Training,340.57,E0898,Paid
EXP-006732,E0827,Operations,2026-05-10,Client entertainment,42.07,E0915,Paid
EXP-006825,E0833,Operations,2026-05-10,Training,93.84,E0925,Paid
EXP-006906,E0839,Operations,2026-05-10,Meals,40.64,E0933,Paid
EXP-007109,E0856,Operations,2026-05-10,Training,38.08,E0916,Paid
EXP-008895,E0998,Sales,2026-05-10,Travel,1092.06,E1081,Paid
EXP-009157,E1021,Sales,2026-05-10,Travel,65.67,E1010,Paid
EXP-009393,E1037,Sales,2026-05-10,Training,283.11,E0993,Paid
EXP-000673,E0122,Finance,2026-05-11,Accommodation,24.39,E0210,Paid
EXP-000756,E0139,Finance,2026-05-11,Travel,28.57,E0209,Paid
EXP-001007,E0185,Finance,2026-05-11,Accommodation,40.74,E0205,Paid
EXP-001089,E0195,Finance,2026-05-11,Client entertainment,118.08,E0204,Paid
EXP-001305,E0243,Procurement,2026-05-11,Training,182.79,E0274,Paid
EXP-001415,E0262,Procurement,2026-05-11,Meals,31.41,E0269,Paid
EXP-001665,E0307,Human Resources,2026-05-11,Meals,71.2,E0350,Paid
EXP-001869,E0342,Human Resources,2026-05-11,Training,161.08,E0374,Paid
EXP-002324,E0425,IT,2026-05-11,Client entertainment,146.72,E0379,Paid
EXP-002471,E0456,IT,2026-05-11,Travel,87.87,E0379,Paid
EXP-002571,E0473,IT,2026-05-11,Meals,38.39,E0379,Paid
EXP-002632,E0480,Operations,2026-05-11,Meals,53.98,E0903,Paid
EXP-002800,E0494,Operations,2026-05-11,Supplies,157.23,E0929,Paid
EXP-002866,E0498,Operations,2026-05-11,Supplies,165.81,E0934,Paid
EXP-002923,E0502,Operations,2026-05-11,Supplies,38.63,E0901,Paid
EXP-003035,E0512,Operations,2026-05-11,Accommodation,6.9,E0903,Paid
EXP-003222,E0527,Operations,2026-05-11,Travel,73.48,E0916,Paid
EXP-003451,E0546,Operations,2026-05-11,Client entertainment,96.52,E0933,Paid
EXP-003673,E0563,Operations,2026-05-11,Travel,136.66,E0916,Paid
EXP-003918,E0583,Operations,2026-05-11,Accommodation,138.98,E0907,Paid
EXP-003996,E0590,Operations,2026-05-11,Meals,100.22,E0926,Paid
EXP-004043,E0594,Operations,2026-05-11,Supplies,113.47,E0908,Paid
EXP-004421,E0627,Operations,2026-05-11,Travel,7.7,E0918,Paid
EXP-004438,E0628,Operations,2026-05-11,Accommodation,67.83,E0912,Paid
EXP-004508,E0635,Operations,2026-05-11,Travel,13.89,E0928,Paid
EXP-004668,E0648,Operations,2026-05-11,Supplies,64.8,E0909,Paid
EXP-004744,E0654,Operations,2026-05-11,Travel,233.99,E0930,Paid
EXP-005585,E0730,Operations,2026-05-11,Supplies,51.66,E0900,Paid
EXP-005735,E0742,Operations,2026-05-11,Client entertainment,197.71,E0938,Paid
EXP-006005,E0767,Operations,2026-05-11,Meals,166.64,E0920,Paid
EXP-006164,E0779,Operations,2026-05-11,Supplies,286.24,E0916,Paid
EXP-006795,E0831,Operations,2026-05-11,Supplies,76.33,E0907,Paid
EXP-006856,E0834,Operations,2026-05-11,Client entertainment,75.72,E0933,Paid
EXP-006912,E0840,Operations,2026-05-11,Supplies,540.89,E0907,Paid
EXP-006917,E0840,Operations,2026-05-11,Training,107.02,E0907,Paid
EXP-007209,E0863,Operations,2026-05-11,Travel,97.95,E0929,Paid
EXP-007454,E0885,Operations,2026-05-11,Accommodation,75.92,E0914,Paid
EXP-007605,E0898,Operations,2026-05-11,Supplies,31.02,E0903,Paid
EXP-007694,E0904,Operations,2026-05-11,Meals,17.3,E0915,Paid
EXP-008236,E0945,Sales,2026-05-11,Accommodation,52.25,E1064,Paid
EXP-009356,E1035,Sales,2026-05-11,Meals,20.57,E0967,Paid
EXP-009565,E1053,Sales,2026-05-11,Accommodation,24.64,E0987,Paid
EXP-009776,E1070,Sales,2026-05-11,Supplies,17.74,E1009,Paid
EXP-009832,E1075,Sales,2026-05-11,Meals,192.15,E1072,Paid
EXP-009947,E1082,Sales,2026-05-11,Accommodation,218.29,E1002,Paid
EXP-010073,E1094,Sales,2026-05-11,Accommodation,96.31,E0945,Paid
EXP-010148,E1099,Sales,2026-05-11,Meals,563.0,E1097,Paid
EXP-010196,E1103,Sales,2026-05-11,Travel,111.64,E0975,Paid
EXP-010726,E1190,Facilities,2026-05-11,Accommodation,62.67,E1121,Paid
EXP-000117,E0025,Finance,2026-05-12,Accommodation,68.54,E0196,Paid
EXP-000607,E0111,Finance,2026-05-12,Meals,154.83,E0203,Paid
EXP-001243,E0231,Procurement,2026-05-12,Supplies,63.53,E0273,Paid
EXP-001477,E0273,Procurement,2026-05-12,Training,70.03,E0278,Paid
EXP-001693,E0312,Human Resources,2026-05-12,Travel,66.89,E0378,Paid
EXP-001995,E0366,Human Resources,2026-05-12,Meals,129.39,E0372,Paid
EXP-002099,E0383,IT,2026-05-12,Travel,103.13,E0379,Paid
EXP-002496,E0459,IT,2026-05-12,Training,78.36,E0379,Paid
EXP-002607,E0479,Operations,2026-05-12,Accommodation,201.22,E0925,Paid
EXP-003679,E0563,Operations,2026-05-12,Supplies,70.52,E0916,Paid
EXP-004240,E0614,Operations,2026-05-12,Accommodation,70.88,E0932,Paid
EXP-004298,E0618,Operations,2026-05-12,Accommodation,70.76,E0906,Paid
EXP-004905,E0671,Operations,2026-05-12,Accommodation,11.79,E0910,Paid
EXP-004921,E0672,Operations,2026-05-12,Accommodation,155.04,E0918,Paid
EXP-005546,E0726,Operations,2026-05-12,Meals,61.94,E0906,Paid
EXP-005727,E0742,Operations,2026-05-12,Accommodation,25.59,E0938,Paid
EXP-005988,E0766,Operations,2026-05-12,Supplies,87.89,E0900,Paid
EXP-006062,E0771,Operations,2026-05-12,Travel,28.67,E0933,Paid
EXP-006120,E0776,Operations,2026-05-12,Meals,122.29,E0926,Paid
EXP-006392,E0798,Operations,2026-05-12,Meals,265.24,E0932,Paid
EXP-006414,E0799,Operations,2026-05-12,Meals,39.46,E0914,Paid
EXP-006923,E0841,Operations,2026-05-12,Client entertainment,64.45,E0919,Paid
EXP-007089,E0854,Operations,2026-05-12,Training,133.91,E0919,Paid
EXP-007704,E0906,Operations,2026-05-12,Supplies,24.96,E0937,Paid
EXP-007818,E0913,Operations,2026-05-12,Travel,8.06,E0927,Paid
EXP-007878,E0917,Operations,2026-05-12,Meals,44.9,E0903,Paid
EXP-007917,E0921,Operations,2026-05-12,Supplies,5.57,E0916,Paid
EXP-008721,E0983,Sales,2026-05-12,Training,23.7,E0942,Paid
EXP-009093,E1015,Sales,2026-05-12,Accommodation,64.2,E1034,Paid
EXP-009317,E1033,Sales,2026-05-12,Travel,16.07,E1044,Paid
EXP-009851,E1076,Sales,2026-05-12,Client entertainment,65.53,E1047,Paid
EXP-009955,E1084,Sales,2026-05-12,Travel,57.23,E1041,Paid
EXP-010852,E1033,Sales,2026-05-12,Client entertainment,996.3,E1044,Paid
EXP-000133,E0029,Finance,2026-05-13,Training,177.94,E0210,Paid
EXP-000306,E0057,Finance,2026-05-13,Client entertainment,78.89,E0207,Paid
EXP-000399,E0074,Finance,2026-05-13,Travel,44.65,E0193,Paid
EXP-000688,E0124,Finance,2026-05-13,Supplies,87.95,E0195,Paid
EXP-000952,E0176,Finance,2026-05-13,Accommodation,126.22,E0193,Paid
EXP-001616,E0297,Human Resources,2026-05-13,Meals,5.04,E0372,Paid
EXP-001944,E0356,Human Resources,2026-05-13,Client entertainment,53.86,E0341,Paid
EXP-002329,E0426,IT,2026-05-13,Training,96.16,E0379,Paid
EXP-002541,E0468,IT,2026-05-13,Meals,234.46,E0379,Paid
EXP-002797,E0494,Operations,2026-05-13,Accommodation,139.6,E0929,Paid
EXP-003112,E0519,Operations,2026-05-13,Travel,106.11,E0908,Paid
EXP-003434,E0545,Operations,2026-05-13,Meals,112.54,E0931,Paid
EXP-003758,E0568,Operations,2026-05-13,Travel,96.14,E0897,Paid
EXP-003789,E0573,Operations,2026-05-13,Meals,177.87,E0915,Paid
EXP-003982,E0588,Operations,2026-05-13,Supplies,887.64,E0932,Paid
EXP-004312,E0619,Operations,2026-05-13,Travel,27.48,E0910,Paid
EXP-004625,E0644,Operations,2026-05-13,Training,162.71,E0911,Paid
EXP-004926,E0672,Operations,2026-05-13,Accommodation,241.79,E0918,Paid
EXP-004988,E0678,Operations,2026-05-13,Meals,50.43,E0918,Paid
EXP-005169,E0692,Operations,2026-05-13,Client entertainment,110.87,E0930,Paid
EXP-005468,E0721,Operations,2026-05-13,Supplies,147.4,E0914,Paid
EXP-005600,E0730,Operations,2026-05-13,Travel,162.46,E0900,Paid
EXP-006098,E0773,Operations,2026-05-13,Supplies,58.63,E0936,Paid
EXP-006592,E0813,Operations,2026-05-13,Client entertainment,53.03,E0901,Paid
EXP-006756,E0828,Operations,2026-05-13,Travel,102.46,E0921,Paid
EXP-006895,E0838,Operations,2026-05-13,Training,29.19,E0921,Paid
EXP-007824,E0913,Operations,2026-05-13,Accommodation,101.71,E0927,Paid
EXP-007898,E0919,Operations,2026-05-13,Supplies,31.06,E0898,Paid
EXP-008031,E0928,Operations,2026-05-13,Training,44.29,E0929,Paid
EXP-008551,E0970,Sales,2026-05-13,Meals,35.22,E1021,Paid
EXP-009190,E1023,Sales,2026-05-13,Client entertainment,112.87,E1042,Paid
EXP-009415,E1039,Sales,2026-05-13,Client entertainment,29.98,E0988,Paid
EXP-009595,E1056,Sales,2026-05-13,Travel,200.63,E1074,Paid
EXP-009640,E1060,Sales,2026-05-13,Travel,58.12,E1069,Paid
EXP-009793,E1071,Sales,2026-05-13,Training,52.21,E0953,Paid
EXP-009798,E1072,Sales,2026-05-13,Accommodation,289.03,E0973,Paid
EXP-010181,E1102,Sales,2026-05-13,Client entertainment,84.26,E1067,Paid
EXP-010528,E1158,Facilities,2026-05-13,Travel,123.62,E1121,Paid
EXP-010575,E1166,Facilities,2026-05-13,Client entertainment,111.04,E1121,Paid
EXP-000099,E0020,Finance,2026-05-14,Meals,340.2,E0208,Paid
EXP-000273,E0050,Finance,2026-05-14,Meals,49.26,E0190,Paid
EXP-000612,E0112,Finance,2026-05-14,Training,78.74,E0205,Paid
EXP-001054,E0191,Finance,2026-05-14,Meals,227.21,E0204,Paid
EXP-001178,E0218,Procurement,2026-05-14,Travel,79.34,E0275,Paid
EXP-001226,E0228,Procurement,2026-05-14,Training,117.6,E0271,Paid
EXP-001368,E0254,Procurement,2026-05-14,Client entertainment,205.29,E0267,Paid
EXP-001526,E0281,Procurement,2026-05-14,Supplies,39.34,E0268,Paid
EXP-001943,E0356,Human Resources,2026-05-14,Client entertainment,104.56,E0341,Paid
EXP-002203,E0403,IT,2026-05-14,Meals,64.42,E0379,Paid
EXP-002241,E0409,IT,2026-05-14,Travel,52.2,E0379,Paid
EXP-002305,E0422,IT,2026-05-14,Travel,231.61,E0379,Paid
EXP-002480,E0457,IT,2026-05-14,Supplies,286.09,E0379,Paid
EXP-003120,E0520,Operations,2026-05-14,Meals,56.93,E0907,Paid
EXP-003129,E0520,Operations,2026-05-14,Supplies,41.45,E0907,Paid
EXP-003180,E0524,Operations,2026-05-14,Training,280.14,E0903,Paid
EXP-003195,E0525,Operations,2026-05-14,Supplies,87.17,E0908,Paid
EXP-003333,E0537,Operations,2026-05-14,Client entertainment,74.16,E0914,Paid
EXP-003369,E0539,Operations,2026-05-14,Meals,94.2,E0912,Paid
EXP-003833,E0577,Operations,2026-05-14,Client entertainment,114.05,E0933,Paid
EXP-004518,E0635,Operations,2026-05-14,Meals,125.88,E0928,Paid
EXP-004858,E0668,Operations,2026-05-14,Training,335.07,E0913,Paid
EXP-005599,E0730,Operations,2026-05-14,Client entertainment,20.44,E0900,Paid
EXP-006236,E0786,Operations,2026-05-14,Travel,73.22,E0901,Paid
EXP-006314,E0792,Operations,2026-05-14,Client entertainment,20.65,E0916,Paid
EXP-006928,E0841,Operations,2026-05-14,Travel,104.65,E0919,Paid
EXP-007239,E0867,Operations,2026-05-14,Client entertainment,219.95,E0934,Paid
EXP-007422,E0882,Operations,2026-05-14,Accommodation,20.08,E0935,Paid
EXP-007659,E0902,Operations,2026-05-14,Supplies,94.8,E0001,Paid
EXP-007862,E0916,Operations,2026-05-14,Accommodation,121.41,E0001,Paid
EXP-008455,E0962,Sales,2026-05-14,Training,61.56,E1028,Paid
EXP-009329,E1034,Sales,2026-05-14,Client entertainment,106.94,E0973,Paid
EXP-009937,E1082,Sales,2026-05-14,Client entertainment,54.17,E1002,Paid
EXP-010275,E1107,Legal,2026-05-14,Accommodation,57.14,E1119,Paid
EXP-010579,E1166,Facilities,2026-05-14,Client entertainment,126.4,E1121,Paid
EXP-010859,E1033,Sales,2026-05-14,Client entertainment,944.24,E1044,Paid
EXP-000045,E0010,Finance,2026-05-15,Accommodation,163.64,E0204,Paid
EXP-000434,E0083,Finance,2026-05-15,Supplies,81.94,E0199,Paid
EXP-001006,E0184,Finance,2026-05-15,Travel,132.4,E0205,Paid
EXP-001077,E0194,Finance,2026-05-15,Client entertainment,142.87,E0200,Paid
EXP-001334,E0249,Procurement,2026-05-15,Meals,102.57,E0268,Paid
EXP-001698,E0312,Human Resources,2026-05-15,Meals,87.34,E0378,Paid
EXP-002519,E0463,IT,2026-05-15,Training,69.04,E0379,Paid
EXP-002982,E0507,Operations,2026-05-15,Travel,4.19,E0930,Paid
EXP-003032,E0512,Operations,2026-05-15,Meals,48.63,E0903,Paid
EXP-003712,E0565,Operations,2026-05-15,Travel,78.06,E0917,Paid
EXP-004049,E0594,Operations,2026-05-15,Accommodation,108.62,E0908,Paid
EXP-004063,E0596,Operations,2026-05-15,Training,446.35,E0908,Paid
EXP-004578,E0640,Operations,2026-05-15,Client entertainment,109.85,E0938,Paid
EXP-004650,E0647,Operations,2026-05-15,Client entertainment,54.9,E0934,Paid
EXP-005158,E0691,Operations,2026-05-15,Accommodation,537.98,E0930,Paid
EXP-005432,E0718,Operations,2026-05-15,Training,268.63,E0913,Paid
EXP-005745,E0744,Operations,2026-05-15,Travel,280.26,E0924,Paid
EXP-005779,E0748,Operations,2026-05-15,Supplies,197.14,E0926,Paid
EXP-006835,E0833,Operations,2026-05-15,Meals,459.52,E0925,Paid
EXP-007147,E0859,Operations,2026-05-15,Training,188.23,E0919,Paid
EXP-007265,E0870,Operations,2026-05-15,Training,82.12,E0936,Paid
EXP-007479,E0886,Operations,2026-05-15,Supplies,92.78,E0914,Paid
EXP-008304,E0949,Sales,2026-05-15,Client entertainment,59.3,E0955,Paid
EXP-009023,E1008,Sales,2026-05-15,Meals,96.89,E0986,Paid
EXP-009310,E1032,Sales,2026-05-15,Client entertainment,47.04,E1066,Paid
EXP-009600,E1056,Sales,2026-05-15,Travel,247.09,E1074,Paid
EXP-010151,E1099,Sales,2026-05-15,Training,70.41,E1097,Paid
EXP-010211,E1104,Sales,2026-05-15,Supplies,201.92,E1056,Paid
EXP-010892,E1043,Sales,2026-05-15,Client entertainment,929.75,E1099,Paid
EXP-000530,E0098,Finance,2026-05-16,Training,212.02,E0204,Paid
EXP-000777,E0141,Finance,2026-05-16,Accommodation,467.81,E0192,Paid
EXP-000813,E0154,Finance,2026-05-16,Meals,286.94,E0197,Paid
EXP-001166,E0214,Procurement,2026-05-16,Client entertainment,61.14,E0279,Paid
EXP-001489,E0274,Procurement,2026-05-16,Training,69.02,E0276,Paid
EXP-001680,E0310,Human Resources,2026-05-16,Supplies,29.69,E0345,Paid
EXP-001891,E0348,Human Resources,2026-05-16,Supplies,373.98,E0345,Paid
EXP-002452,E0452,IT,2026-05-16,Meals,61.42,E0379,Paid
EXP-002683,E0484,Operations,2026-05-16,Supplies,49.29,E0902,Paid
EXP-002940,E0504,Operations,2026-05-16,Client entertainment,38.27,E0933,Paid
EXP-003107,E0518,Operations,2026-05-16,Travel,211.37,E0902,Paid
EXP-003154,E0522,Operations,2026-05-16,Client entertainment,21.23,E0916,Paid
EXP-003474,E0547,Operations,2026-05-16,Accommodation,138.04,E0933,Paid
EXP-003912,E0582,Operations,2026-05-16,Travel,60.63,E0898,Paid
EXP-004233,E0613,Operations,2026-05-16,Travel,101.02,E0929,Paid
EXP-004641,E0646,Operations,2026-05-16,Accommodation,72.89,E0923,Paid
EXP-004675,E0649,Operations,2026-05-16,Meals,128.34,E0901,Paid
EXP-004896,E0670,Operations,2026-05-16,Travel,119.08,E0913,Paid
EXP-005420,E0718,Operations,2026-05-16,Supplies,199.29,E0913,Paid
EXP-005579,E0729,Operations,2026-05-16,Client entertainment,149.87,E0906,Paid
EXP-005730,E0742,Operations,2026-05-16,Meals,143.57,E0938,Paid
EXP-005753,E0745,Operations,2026-05-16,Travel,191.61,E0938,Paid
EXP-005863,E0754,Operations,2026-05-16,Travel,60.39,E0924,Paid
EXP-005987,E0766,Operations,2026-05-16,Meals,150.54,E0900,Paid
EXP-006078,E0772,Operations,2026-05-16,Training,53.76,E0910,Paid
EXP-007309,E0874,Operations,2026-05-16,Supplies,133.9,E0908,Paid
EXP-008136,E0937,Operations,2026-05-16,Training,23.72,E0910,Paid
EXP-008587,E0972,Sales,2026-05-16,Client entertainment,80.07,E1087,Paid
EXP-008681,E0980,Sales,2026-05-16,Supplies,114.49,E1093,Paid
EXP-008925,E0999,Sales,2026-05-16,Travel,87.82,E0992,Paid
EXP-009598,E1056,Sales,2026-05-16,Accommodation,12.82,E1074,Paid
EXP-009906,E1079,Sales,2026-05-16,Supplies,13.13,E0958,Paid
EXP-010372,E1123,Facilities,2026-05-16,Accommodation,237.56,E1121,Paid
EXP-010485,E1151,Facilities,2026-05-16,Supplies,130.69,E1121,Paid
EXP-000881,E0166,Finance,2026-05-17,Client entertainment,145.08,E0196,Paid
EXP-001026,E0188,Finance,2026-05-17,Training,209.77,E0196,Paid
EXP-001157,E0213,Procurement,2026-05-17,Travel,149.34,E0273,Paid
EXP-001213,E0225,Procurement,2026-05-17,Supplies,129.43,E0271,Paid
EXP-001371,E0254,Procurement,2026-05-17,Travel,147.24,E0267,Paid
EXP-001957,E0360,Human Resources,2026-05-17,Accommodation,39.93,E0348,Paid
EXP-002037,E0373,Human Resources,2026-05-17,Travel,21.45,E0378,Paid
EXP-002498,E0459,IT,2026-05-17,Training,27.34,E0379,Paid
EXP-002865,E0498,Operations,2026-05-17,Accommodation,96.22,E0934,Paid
EXP-003101,E0518,Operations,2026-05-17,Client entertainment,171.3,E0902,Paid
EXP-003351,E0538,Operations,2026-05-17,Accommodation,300.6,E0919,Paid
EXP-003935,E0585,Operations,2026-05-17,Supplies,21.57,E0902,Paid
EXP-005141,E0690,Operations,2026-05-17,Training,125.44,E0918,Paid
EXP-005313,E0704,Operations,2026-05-17,Meals,97.86,E0924,Paid
EXP-005347,E0708,Operations,2026-05-17,Accommodation,91.2,E0907,Paid
EXP-005605,E0732,Operations,2026-05-17,Client entertainment,61.31,E0923,Paid
EXP-005784,E0748,Operations,2026-05-17,Training,81.87,E0926,Paid
EXP-006484,E0805,Operations,2026-05-17,Client entertainment,118.71,E0900,Paid
EXP-006778,E0830,Operations,2026-05-17,Supplies,218.66,E0917,Paid
EXP-006809,E0832,Operations,2026-05-17,Supplies,38.75,E0904,Paid
EXP-007000,E0846,Operations,2026-05-17,Meals,191.82,E0938,Paid
EXP-007199,E0862,Operations,2026-05-17,Accommodation,65.13,E0924,Paid
EXP-007569,E0894,Operations,2026-05-17,Client entertainment,191.57,E0908,Paid
EXP-007579,E0894,Operations,2026-05-17,Client entertainment,734.01,E0908,Paid
EXP-007977,E0925,Operations,2026-05-17,Supplies,501.38,E0900,Paid
EXP-008069,E0931,Operations,2026-05-17,Supplies,135.94,E0929,Paid
EXP-008192,E0942,Sales,2026-05-17,Meals,148.19,E1075,Paid
EXP-008198,E0943,Sales,2026-05-17,Accommodation,154.02,E0972,Paid
EXP-008595,E0973,Sales,2026-05-17,Training,36.79,E0986,Paid
EXP-008723,E0983,Sales,2026-05-17,Travel,38.83,E0942,Paid
EXP-008996,E1006,Sales,2026-05-17,Travel,30.05,E0948,Paid
EXP-009085,E1013,Sales,2026-05-17,Training,78.18,E1032,Paid
EXP-009233,E1025,Sales,2026-05-17,Accommodation,127.22,E0983,Paid
EXP-000035,E0008,Finance,2026-05-18,Accommodation,282.51,E0194,Paid
EXP-000725,E0134,Finance,2026-05-18,Training,100.1,E0206,Paid
EXP-001028,E0188,Finance,2026-05-18,Accommodation,238.41,E0188,Paid
EXP-001606,E0293,Procurement,2026-05-18,Training,48.89,E0275,Paid
EXP-001666,E0308,Human Resources,2026-05-18,Travel,208.56,E0342,Paid
EXP-001915,E0352,Human Resources,2026-05-18,Supplies,199.67,E0346,Paid
EXP-002279,E0416,IT,2026-05-18,Training,48.96,E0379,Paid
EXP-002469,E0455,IT,2026-05-18,Training,102.08,E0379,Paid
EXP-002995,E0509,Operations,2026-05-18,Meals,63.5,E0911,Paid
EXP-003341,E0538,Operations,2026-05-18,Client entertainment,213.56,E0919,Paid
EXP-003728,E0566,Operations,2026-05-18,Client entertainment,583.32,E0935,Paid
EXP-004048,E0594,Operations,2026-05-18,Meals,47.35,E0908,Paid
EXP-004143,E0608,Operations,2026-05-18,Training,29.31,E0929,Paid
EXP-004401,E0626,Operations,2026-05-18,Supplies,63.57,E0910,Paid
EXP-004639,E0646,Operations,2026-05-18,Meals,97.84,E0923,Paid
EXP-006573,E0812,Operations,2026-05-18,Meals,79.07,E0908,Paid
EXP-006887,E0838,Operations,2026-05-18,Travel,53.78,E0921,Paid
EXP-006961,E0843,Operations,2026-05-18,Training,102.33,E0897,Paid
EXP-007005,E0846,Operations,2026-05-18,Accommodation,130.61,E0938,Paid
EXP-007182,E0861,Operations,2026-05-18,Client entertainment,86.86,E0908,Paid
EXP-007398,E0881,Operations,2026-05-18,Meals,81.89,E0910,Paid
EXP-007568,E0894,Operations,2026-05-18,Training,38.59,E0908,Paid
EXP-008105,E0934,Operations,2026-05-18,Accommodation,132.25,E0916,Paid
EXP-008394,E0958,Sales,2026-05-18,Travel,54.14,E1057,Paid
EXP-008716,E0982,Sales,2026-05-18,Accommodation,194.78,E0956,Paid
EXP-008808,E0989,Sales,2026-05-18,Training,136.96,E0977,Paid
EXP-009326,E1033,Sales,2026-05-18,Client entertainment,19.85,E1044,Paid
EXP-009434,E1042,Sales,2026-05-18,Accommodation,66.51,E0965,Paid
EXP-009554,E1053,Sales,2026-05-18,Supplies,119.7,E0987,Paid
EXP-009802,E1072,Sales,2026-05-18,Meals,271.51,E0973,Paid
EXP-009873,E1077,Sales,2026-05-18,Supplies,138.58,E1064,Paid
EXP-009992,E1087,Sales,2026-05-18,Travel,117.73,E0942,Paid
EXP-010186,E1102,Sales,2026-05-18,Meals,259.5,E1067,Paid
EXP-010359,E1121,Facilities,2026-05-18,Training,14.17,E0001,Paid
EXP-010505,E1153,Facilities,2026-05-18,Supplies,74.92,E1121,Paid
EXP-010507,E1154,Facilities,2026-05-18,Travel,409.54,E1121,Paid
EXP-010639,E1176,Facilities,2026-05-18,Accommodation,371.46,E1121,Paid
EXP-000393,E0073,Finance,2026-05-19,Accommodation,320.52,E0193,Paid
EXP-000752,E0138,Finance,2026-05-19,Client entertainment,187.51,E0203,Paid
EXP-002313,E0423,IT,2026-05-19,Travel,16.61,E0379,Paid
EXP-002853,E0497,Operations,2026-05-19,Training,28.83,E0909,Paid
EXP-002880,E0499,Operations,2026-05-19,Accommodation,202.37,E0900,Paid
EXP-002899,E0500,Operations,2026-05-19,Accommodation,67.25,E0919,Paid
EXP-003131,E0520,Operations,2026-05-19,Supplies,73.68,E0907,Paid
EXP-004455,E0629,Operations,2026-05-19,Client entertainment,174.39,E0935,Paid
EXP-004586,E0641,Operations,2026-05-19,Supplies,21.06,E0912,Paid
EXP-005311,E0703,Operations,2026-05-19,Travel,104.71,E0900,Paid
EXP-006157,E0778,Operations,2026-05-19,Travel,77.36,E0906,Paid
EXP-006714,E0825,Operations,2026-05-19,Accommodation,95.69,E0905,Paid
EXP-007079,E0853,Operations,2026-05-19,Accommodation,98.83,E0930,Paid
EXP-007237,E0867,Operations,2026-05-19,Training,32.3,E0934,Paid
EXP-007729,E0907,Operations,2026-05-19,Training,21.3,E0938,Paid
EXP-007873,E0917,Operations,2026-05-19,Training,161.97,E0903,Paid
EXP-008071,E0931,Operations,2026-05-19,Supplies,91.86,E0929,Paid
EXP-009394,E1037,Sales,2026-05-19,Travel,113.23,E0993,Paid
EXP-010013,E1090,Sales,2026-05-19,Supplies,194.21,E0999,Paid
EXP-010043,E1091,Sales,2026-05-19,Supplies,182.46,E1063,Paid
EXP-010411,E1131,Facilities,2026-05-19,Training,326.38,E1121,Paid
EXP-010449,E1143,Facilities,2026-05-19,Training,210.31,E1121,Paid
EXP-010599,E1172,Facilities,2026-05-19,Meals,350.65,E1121,Paid
EXP-010602,E1172,Facilities,2026-05-19,Travel,63.55,E1121,Paid
EXP-010645,E1176,Facilities,2026-05-19,Travel,105.41,E1121,Paid
EXP-000713,E0132,Finance,2026-05-20,Travel,377.33,E0190,Paid
EXP-001286,E0240,Procurement,2026-05-20,Client entertainment,212.72,E0272,Paid
EXP-001319,E0246,Procurement,2026-05-20,Meals,110.11,E0267,Paid
EXP-001414,E0262,Procurement,2026-05-20,Training,49.86,E0269,Paid
EXP-001849,E0338,Human Resources,2026-05-20,Meals,35.98,E0339,Paid
EXP-002167,E0397,IT,2026-05-20,Supplies,249.34,E0379,Paid
EXP-002409,E0443,IT,2026-05-20,Meals,59.69,E0379,Paid
EXP-002705,E0486,Operations,2026-05-20,Supplies,97.22,E0912,Paid
EXP-002882,E0499,Operations,2026-05-20,Supplies,73.91,E0900,Paid
EXP-002967,E0506,Operations,2026-05-20,Training,53.03,E0899,Paid
EXP-003226,E0527,Operations,2026-05-20,Client entertainment,19.2,E0916,Paid
EXP-003259,E0529,Operations,2026-05-20,Travel,459.63,E0913,Paid
EXP-003510,E0549,Operations,2026-05-20,Accommodation,136.35,E0923,Paid
EXP-003779,E0571,Operations,2026-05-20,Client entertainment,180.85,E0906,Paid
EXP-004046,E0594,Operations,2026-05-20,Training,94.58,E0908,Paid
EXP-004301,E0619,Operations,2026-05-20,Accommodation,109.36,E0910,Paid
EXP-004700,E0651,Operations,2026-05-20,Client entertainment,51.71,E0917,Paid
EXP-004968,E0675,Operations,2026-05-20,Meals,128.56,E0938,Paid
EXP-005172,E0692,Operations,2026-05-20,Travel,44.36,E0930,Paid
EXP-005413,E0717,Operations,2026-05-20,Client entertainment,50.37,E0917,Paid
EXP-005528,E0725,Operations,2026-05-20,Supplies,74.91,E0917,Paid
EXP-005636,E0734,Operations,2026-05-20,Client entertainment,66.28,E0921,Paid
EXP-005673,E0737,Operations,2026-05-20,Training,145.54,E0915,Paid
EXP-006066,E0771,Operations,2026-05-20,Client entertainment,104.16,E0933,Paid
EXP-006209,E0784,Operations,2026-05-20,Training,79.05,E0916,Paid
EXP-006623,E0817,Operations,2026-05-20,Client entertainment,178.07,E0908,Paid
EXP-008159,E0940,Sales,2026-05-20,Training,20.4,E0955,Paid
EXP-008405,E0958,Sales,2026-05-20,Supplies,116.91,E1057,Paid
EXP-008500,E0966,Sales,2026-05-20,Travel,984.85,E1012,Paid
EXP-009651,E1060,Sales,2026-05-20,Accommodation,32.2,E1069,Paid
EXP-009764,E1068,Sales,2026-05-20,Travel,87.03,E1071,Paid
EXP-010378,E1124,Facilities,2026-05-20,Training,60.32,E1121,Paid
EXP-010518,E1155,Facilities,2026-05-20,Supplies,58.33,E1121,Paid
EXP-010848,E0965,Sales,2026-05-20,Client entertainment,924.11,E0976,Paid
EXP-010907,E1043,Sales,2026-05-20,Client entertainment,969.21,E1099,Paid
EXP-010930,E1043,Sales,2026-05-20,Client entertainment,958.23,E1099,Paid
EXP-000087,E0018,Finance,2026-05-21,Meals,23.69,E0210,Paid
EXP-000136,E0030,Finance,2026-05-21,Travel,54.53,E0210,Paid
EXP-000998,E0183,Finance,2026-05-21,Supplies,491.81,E0198,Paid
EXP-001372,E0254,Procurement,2026-05-21,Travel,255.2,E0267,Paid
EXP-001640,E0301,Human Resources,2026-05-21,Travel,269.79,E0343,Paid
EXP-001667,E0308,Human Resources,2026-05-21,Supplies,139.59,E0342,Paid
EXP-001673,E0309,Human Resources,2026-05-21,Training,24.42,E0338,Paid
EXP-001770,E0325,Human Resources,2026-05-21,Training,188.58,E0344,Paid
EXP-001784,E0327,Human Resources,2026-05-21,Travel,93.53,E0377,Paid
EXP-002009,E0369,Human Resources,2026-05-21,Supplies,347.09,E0340,Paid
EXP-002913,E0501,Operations,2026-05-21,Training,173.59,E0903,Paid
EXP-003644,E0560,Operations,2026-05-21,Client entertainment,44.66,E0907,Paid
EXP-004566,E0639,Operations,2026-05-21,Accommodation,117.3,E0921,Paid
EXP-004633,E0644,Operations,2026-05-21,Training,97.66,E0911,Paid
EXP-004992,E0678,Operations,2026-05-21,Accommodation,352.75,E0918,Paid
EXP-005206,E0696,Operations,2026-05-21,Training,44.43,E0925,Paid
EXP-005238,E0698,Operations,2026-05-21,Meals,113.09,E0910,Paid
EXP-005339,E0706,Operations,2026-05-21,Meals,13.48,E0918,Paid
EXP-006077,E0772,Operations,2026-05-21,Training,380.62,E0910,Paid
EXP-006657,E0819,Operations,2026-05-21,Client entertainment,65.55,E0929,Paid
EXP-006980,E0845,Operations,2026-05-21,Meals,301.57,E0916,Paid
EXP-007055,E0851,Operations,2026-05-21,Meals,60.17,E0932,Paid
EXP-007279,E0871,Operations,2026-05-21,Accommodation,158.5,E0899,Paid
EXP-007546,E0891,Operations,2026-05-21,Supplies,287.65,E0912,Paid
EXP-008001,E0926,Operations,2026-05-21,Travel,178.51,E0906,Paid
EXP-008639,E0977,Sales,2026-05-21,Training,111.8,E0995,Paid
EXP-009267,E1029,Sales,2026-05-21,Client entertainment,150.99,E1099,Paid
EXP-009638,E1059,Sales,2026-05-21,Client entertainment,170.04,E1011,Paid
EXP-009900,E1079,Sales,2026-05-21,Client entertainment,101.02,E0958,Paid
EXP-010692,E1186,Facilities,2026-05-21,Meals,120.61,E1121,Paid
EXP-010866,E1033,Sales,2026-05-21,Client entertainment,968.61,E1044,Paid
EXP-010910,E1043,Sales,2026-05-21,Client entertainment,976.24,E1099,Paid
EXP-010966,E0641,Operations,2026-05-21,Supplies,250.0,E0912,Paid
EXP-000284,E0052,Finance,2026-05-22,Travel,134.96,E0190,Paid
EXP-001246,E0231,Procurement,2026-05-22,Training,263.3,E0273,Paid
EXP-002146,E0393,IT,2026-05-22,Client entertainment,161.51,E0379,Paid
EXP-002261,E0414,IT,2026-05-22,Accommodation,32.47,E0379,Paid
EXP-002303,E0422,IT,2026-05-22,Travel,236.26,E0379,Paid
EXP-002757,E0489,Operations,2026-05-22,Accommodation,318.81,E0930,Paid
EXP-002994,E0509,Operations,2026-05-22,Travel,315.53,E0911,Paid
EXP-003304,E0535,Operations,2026-05-22,Supplies,52.62,E0897,Paid
EXP-004345,E0623,Operations,2026-05-22,Meals,107.35,E0909,Paid
EXP-004513,E0635,Operations,2026-05-22,Meals,188.91,E0928,Paid
EXP-005348,E0708,Operations,2026-05-22,Travel,169.9,E0907,Paid
EXP-005592,E0730,Operations,2026-05-22,Meals,91.58,E0900,Paid
EXP-005993,E0766,Operations,2026-05-22,Training,43.79,E0900,Paid
EXP-007365,E0878,Operations,2026-05-22,Client entertainment,101.84,E0923,Paid
EXP-007667,E0903,Operations,2026-05-22,Accommodation,64.67,E0931,Paid
EXP-007812,E0913,Operations,2026-05-22,Travel,102.0,E0927,Paid
EXP-008076,E0932,Operations,2026-05-22,Accommodation,757.93,E0930,Paid
EXP-008325,E0953,Sales,2026-05-22,Client entertainment,61.43,E0987,Paid
EXP-008400,E0958,Sales,2026-05-22,Meals,209.45,E1057,Paid
EXP-008971,E1004,Sales,2026-05-22,Client entertainment,70.74,E0946,Paid
EXP-009218,E1024,Sales,2026-05-22,Training,41.58,E1074,Paid
EXP-009314,E1032,Sales,2026-05-22,Travel,213.97,E1066,Paid
EXP-009511,E1048,Sales,2026-05-22,Training,307.58,E1026,Paid
EXP-010400,E1128,Facilities,2026-05-22,Supplies,57.02,E1121,Paid
EXP-010410,E1131,Facilities,2026-05-22,Meals,486.54,E1121,Paid
EXP-010550,E1160,Facilities,2026-05-22,Training,362.08,E1121,Paid
EXP-010567,E1164,Facilities,2026-05-22,Accommodation,141.17,E1121,Paid
EXP-010837,E0965,Sales,2026-05-22,Client entertainment,997.23,E0976,Paid
EXP-000016,E0005,Finance,2026-05-23,Client entertainment,114.3,E0190,Paid
EXP-000286,E0053,Finance,2026-05-23,Training,171.66,E0201,Paid
EXP-001011,E0186,Finance,2026-05-23,Client entertainment,80.51,E0196,Paid
EXP-003251,E0529,Operations,2026-05-23,Meals,140.48,E0913,Paid
EXP-003282,E0533,Operations,2026-05-23,Training,74.29,E0918,Paid
EXP-003648,E0560,Operations,2026-05-23,Client entertainment,58.09,E0907,Paid
EXP-003934,E0585,Operations,2026-05-23,Supplies,75.57,E0902,Paid
EXP-006076,E0772,Operations,2026-05-23,Supplies,234.15,E0910,Paid
EXP-006147,E0778,Operations,2026-05-23,Travel,216.25,E0906,Paid
EXP-006277,E0789,Operations,2026-05-23,Training,23.4,E0897,Paid
EXP-006356,E0796,Operations,2026-05-23,Client entertainment,29.38,E0937,Paid
EXP-006469,E0802,Operations,2026-05-23,Accommodation,120.95,E0923,Paid
EXP-006960,E0843,Operations,2026-05-23,Supplies,64.82,E0897,Paid
EXP-007189,E0862,Operations,2026-05-23,Client entertainment,115.26,E0924,Paid
EXP-008055,E0930,Operations,2026-05-23,Travel,149.27,E0899,Paid
EXP-008087,E0933,Operations,2026-05-23,Accommodation,131.7,E0899,Paid
EXP-009181,E1022,Sales,2026-05-23,Client entertainment,44.71,E0970,Paid
EXP-009297,E1031,Sales,2026-05-23,Supplies,181.18,E0961,Paid
EXP-009306,E1032,Sales,2026-05-23,Training,223.76,E1066,Paid
EXP-009331,E1034,Sales,2026-05-23,Training,104.56,E0973,Paid
EXP-010260,E1106,Sales,2026-05-23,Travel,89.48,E1040,Paid
EXP-010320,E1115,Legal,2026-05-23,Supplies,96.94,E1113,Paid
EXP-010414,E1133,Facilities,2026-05-23,Client entertainment,102.29,E1121,Paid
EXP-000078,E0017,Finance,2026-05-24,Meals,110.17,E0191,Paid
EXP-001023,E0187,Finance,2026-05-24,Client entertainment,371.17,E0198,Paid
EXP-001244,E0231,Procurement,2026-05-24,Supplies,114.93,E0273,Paid
EXP-001442,E0267,Procurement,2026-05-24,Training,178.18,E0270,Paid
EXP-001757,E0323,Human Resources,2026-05-24,Accommodation,576.74,E0340,Paid
EXP-002244,E0410,IT,2026-05-24,Meals,38.45,E0379,Paid
EXP-002859,E0497,Operations,2026-05-24,Client entertainment,52.03,E0909,Paid
EXP-003145,E0521,Operations,2026-05-24,Accommodation,28.91,E0917,Paid
EXP-003546,E0553,Operations,2026-05-24,Supplies,67.12,E0919,Paid
EXP-003636,E0560,Operations,2026-05-24,Accommodation,22.95,E0907,Paid
EXP-004017,E0591,Operations,2026-05-24,Travel,114.77,E0908,Paid
EXP-005932,E0761,Operations,2026-05-24,Client entertainment,109.04,E0907,Paid
EXP-006153,E0778,Operations,2026-05-24,Accommodation,44.05,E0906,Paid
EXP-006740,E0827,Operations,2026-05-24,Training,79.2,E0915,Paid
EXP-006859,E0834,Operations,2026-05-24,Client entertainment,175.39,E0933,Paid
EXP-007174,E0861,Operations,2026-05-24,Travel,353.22,E0908,Paid
EXP-007191,E0862,Operations,2026-05-24,Travel,55.78,E0924,Paid
EXP-007536,E0891,Operations,2026-05-24,Meals,57.38,E0912,Paid
EXP-007626,E0899,Operations,2026-05-24,Accommodation,33.09,E0903,Paid
EXP-008452,E0962,Sales,2026-05-24,Travel,109.07,E1028,Paid
EXP-009427,E1041,Sales,2026-05-24,Travel,126.14,E0944,Paid
EXP-009630,E1059,Sales,2026-05-24,Travel,116.62,E1011,Paid
EXP-009769,E1068,Sales,2026-05-24,Training,158.02,E1071,Paid
EXP-010256,E1106,Sales,2026-05-24,Meals,44.8,E1040,Paid
EXP-010694,E1186,Facilities,2026-05-24,Meals,324.77,E1121,Paid
EXP-010881,E1033,Sales,2026-05-24,Client entertainment,915.35,E1044,Paid
EXP-000865,E0163,Finance,2026-05-25,Training,245.57,E0192,Paid
EXP-001491,E0274,Procurement,2026-05-25,Travel,121.03,E0276,Paid
EXP-001797,E0330,Human Resources,2026-05-25,Meals,306.62,E0347,Paid
EXP-002222,E0406,IT,2026-05-25,Travel,313.37,E0379,Paid
EXP-002570,E0473,IT,2026-05-25,Supplies,113.48,E0379,Paid
EXP-003286,E0534,Operations,2026-05-25,Travel,72.44,E0925,Paid
EXP-003810,E0574,Operations,2026-05-25,Travel,119.16,E0927,Paid
EXP-003825,E0575,Operations,2026-05-25,Accommodation,68.77,E0904,Paid
EXP-004523,E0637,Operations,2026-05-25,Supplies,58.0,E0933,Paid
EXP-005151,E0690,Operations,2026-05-25,Training,44.93,E0918,Paid
EXP-005497,E0722,Operations,2026-05-25,Travel,72.84,E0936,Paid
EXP-005714,E0741,Operations,2026-05-25,Travel,245.51,E0918,Paid
EXP-006034,E0769,Operations,2026-05-25,Supplies,280.79,E0928,Paid
EXP-006259,E0787,Operations,2026-05-25,Training,275.73,E0915,Paid
EXP-006365,E0797,Operations,2026-05-25,Client entertainment,57.45,E0909,Paid
EXP-006782,E0830,Operations,2026-05-25,Travel,99.13,E0917,Paid
EXP-006837,E0833,Operations,2026-05-25,Client entertainment,405.5,E0925,Paid
EXP-007693,E0904,Operations,2026-05-25,Supplies,170.74,E0915,Paid
EXP-008007,E0927,Operations,2026-05-25,Supplies,66.14,E0907,Paid
EXP-008246,E0946,Sales,2026-05-25,Training,146.45,E0992,Paid
EXP-008537,E0969,Sales,2026-05-25,Meals,41.99,E1033,Paid
EXP-008810,E0991,Sales,2026-05-25,Training,47.17,E0958,Paid
EXP-009187,E1022,Sales,2026-05-25,Training,266.69,E0970,Paid
EXP-009201,E1023,Sales,2026-05-25,Training,70.15,E1042,Paid
EXP-009364,E1036,Sales,2026-05-25,Meals,548.57,E1092,Paid
EXP-009783,E1070,Sales,2026-05-25,Accommodation,43.3,E1009,Paid
EXP-010108,E1096,Sales,2026-05-25,Client entertainment,31.76,E0968,Paid
EXP-010558,E1163,Facilities,2026-05-25,Client entertainment,63.5,E1121,Paid
EXP-010675,E1182,Facilities,2026-05-25,Accommodation,40.52,E1121,Paid
EXP-010894,E1043,Sales,2026-05-25,Client entertainment,976.45,E1099,Paid
EXP-000694,E0125,Finance,2026-05-26,Travel,87.5,E0196,Paid
EXP-002021,E0371,Human Resources,2026-05-26,Meals,44.47,E0350,Paid
EXP-002629,E0480,Operations,2026-05-26,Accommodation,231.01,E0903,Paid
EXP-002883,E0499,Operations,2026-05-26,Travel,765.49,E0900,Paid
EXP-002892,E0499,Operations,2026-05-26,Supplies,90.22,E0900,Paid
EXP-003477,E0547,Operations,2026-05-26,Supplies,39.89,E0933,Paid
EXP-003787,E0573,Operations,2026-05-26,Training,577.28,E0915,Paid
EXP-004112,E0602,Operations,2026-05-26,Accommodation,10.75,E0919,Paid
EXP-004666,E0648,Operations,2026-05-26,Client entertainment,22.98,E0909,Paid
EXP-004890,E0670,Operations,2026-05-26,Meals,273.39,E0913,Paid
EXP-005417,E0717,Operations,2026-05-26,Client entertainment,138.63,E0917,Paid
EXP-005823,E0751,Operations,2026-05-26,Training,669.86,E0912,Paid
EXP-006644,E0818,Operations,2026-05-26,Meals,16.4,E0931,Paid
EXP-007020,E0848,Operations,2026-05-26,Accommodation,27.87,E0910,Paid
EXP-007106,E0855,Operations,2026-05-26,Training,250.64,E0925,Paid
EXP-007311,E0874,Operations,2026-05-26,Supplies,234.0,E0908,Paid
EXP-007338,E0877,Operations,2026-05-26,Travel,39.42,E0909,Paid
EXP-007445,E0884,Operations,2026-05-26,Client entertainment,30.75,E0901,Paid
EXP-007623,E0899,Operations,2026-05-26,Accommodation,104.98,E0903,Paid
EXP-007624,E0899,Operations,2026-05-26,Travel,172.7,E0903,Paid
EXP-007974,E0924,Operations,2026-05-26,Supplies,352.2,E0914,Paid
EXP-008562,E0970,Sales,2026-05-26,Accommodation,317.85,E1021,Paid
EXP-008993,E1006,Sales,2026-05-26,Client entertainment,138.35,E0948,Paid
EXP-009183,E1022,Sales,2026-05-26,Meals,364.37,E0970,Paid
EXP-009625,E1058,Sales,2026-05-26,Meals,279.82,E1060,Paid
EXP-009912,E1080,Sales,2026-05-26,Travel,83.9,E1048,Paid
EXP-010208,E1104,Sales,2026-05-26,Accommodation,455.22,E1056,Paid
EXP-010245,E1105,Sales,2026-05-26,Client entertainment,96.05,E0953,Paid
EXP-010947,E0641,Operations,2026-05-26,Supplies,150.0,E0912,Paid
EXP-000450,E0085,Finance,2026-05-27,Training,19.0,E0206,Paid
EXP-000991,E0182,Finance,2026-05-27,Client entertainment,44.07,E0198,Paid
EXP-001369,E0254,Procurement,2026-05-27,Accommodation,30.59,E0267,Paid
EXP-002270,E0416,IT,2026-05-27,Travel,79.02,E0379,Paid
EXP-002963,E0505,Operations,2026-05-27,Client entertainment,69.09,E0912,Paid
EXP-003762,E0568,Operations,2026-05-27,Accommodation,99.55,E0897,Paid
EXP-004056,E0595,Operations,2026-05-27,Training,138.75,E0935,Paid
EXP-004177,E0610,Operations,2026-05-27,Supplies,169.07,E0907,Paid
EXP-006434,E0801,Operations,2026-05-27,Client entertainment,147.68,E0903,Paid
EXP-006631,E0817,Operations,2026-05-27,Meals,179.07,E0908,Paid
EXP-006637,E0818,Operations,2026-05-27,Client entertainment,223.27,E0931,Paid
EXP-007345,E0877,Operations,2026-05-27,Travel,151.14,E0909,Paid
EXP-007402,E0881,Operations,2026-05-27,Meals,18.25,E0910,Paid
EXP-007597,E0897,Operations,2026-05-27,Accommodation,47.45,E0935,Paid
EXP-008596,E0973,Sales,2026-05-27,Travel,716.21,E0986,Paid
EXP-008666,E0979,Sales,2026-05-27,Supplies,167.06,E0960,Paid
EXP-009294,E1031,Sales,2026-05-27,Meals,163.04,E0961,Paid
EXP-009535,E1051,Sales,2026-05-27,Travel,935.55,E1084,Paid
EXP-010023,E1090,Sales,2026-05-27,Meals,231.8,E0999,Paid
EXP-010415,E1133,Facilities,2026-05-27,Travel,75.13,E1121,Paid
EXP-010470,E1147,Facilities,2026-05-27,Accommodation,312.64,E1121,Paid
EXP-010658,E1178,Facilities,2026-05-27,Accommodation,351.55,E1121,Paid
EXP-010833,E0965,Sales,2026-05-27,Client entertainment,926.67,E0976,Paid
EXP-000232,E0043,Finance,2026-05-28,Supplies,144.24,E0207,Paid
EXP-000779,E0142,Finance,2026-05-28,Accommodation,11.66,E0198,Paid
EXP-000780,E0142,Finance,2026-05-28,Client entertainment,211.9,E0198,Paid
EXP-000824,E0156,Finance,2026-05-28,Training,110.16,E0207,Paid
EXP-000902,E0170,Finance,2026-05-28,Meals,161.88,E0194,Paid
EXP-001052,E0191,Finance,2026-05-28,Supplies,24.38,E0204,Paid
EXP-001249,E0234,Procurement,2026-05-28,Travel,43.31,E0268,Paid
EXP-002358,E0433,IT,2026-05-28,Training,48.02,E0379,Paid
EXP-003034,E0512,Operations,2026-05-28,Supplies,54.33,E0903,Paid
EXP-003339,E0537,Operations,2026-05-28,Accommodation,60.87,E0914,Paid
EXP-003797,E0573,Operations,2026-05-28,Client entertainment,11.55,E0915,Paid
EXP-003821,E0575,Operations,2026-05-28,Client entertainment,223.77,E0904,Paid
EXP-004279,E0617,Operations,2026-05-28,Accommodation,108.79,E0933,Paid
EXP-005189,E0693,Operations,2026-05-28,Meals,50.13,E0938,Paid
EXP-006240,E0786,Operations,2026-05-28,Accommodation,118.87,E0901,Paid
EXP-008366,E0956,Sales,2026-05-28,Meals,218.71,E1104,Paid
EXP-008387,E0957,Sales,2026-05-28,Travel,112.54,E1032,Paid
EXP-008743,E0984,Sales,2026-05-28,Meals,274.17,E1104,Paid
EXP-009401,E1038,Sales,2026-05-28,Client entertainment,116.34,E1055,Paid
EXP-010101,E1096,Sales,2026-05-28,Meals,296.98,E0968,Paid
EXP-010140,E1098,Sales,2026-05-28,Client entertainment,121.62,E1042,Paid
EXP-010143,E1099,Sales,2026-05-28,Supplies,396.33,E1097,Paid
EXP-010153,E1100,Sales,2026-05-28,Accommodation,28.29,E1058,Paid
EXP-010261,E1106,Sales,2026-05-28,Client entertainment,49.81,E1040,Paid
EXP-010316,E1113,Legal,2026-05-28,Client entertainment,57.47,E1120,Paid
EXP-010547,E1160,Facilities,2026-05-28,Accommodation,159.92,E1121,Paid
EXP-010613,E1173,Facilities,2026-05-28,Accommodation,32.01,E1121,Paid
EXP-000080,E0017,Finance,2026-05-29,Client entertainment,80.12,E0191,Paid
EXP-000521,E0096,Finance,2026-05-29,Travel,239.93,E0190,Paid
EXP-000770,E0141,Finance,2026-05-29,Meals,87.36,E0192,Paid
EXP-001252,E0234,Procurement,2026-05-29,Accommodation,63.14,E0268,Paid
EXP-001568,E0287,Procurement,2026-05-29,Supplies,115.03,E0277,Paid
EXP-002360,E0433,IT,2026-05-29,Training,134.25,E0379,Paid
EXP-003164,E0523,Operations,2026-05-29,Client entertainment,254.58,E0920,Paid
EXP-003602,E0558,Operations,2026-05-29,Supplies,102.61,E0906,Paid
EXP-003813,E0574,Operations,2026-05-29,Training,87.84,E0927,Paid
EXP-003947,E0586,Operations,2026-05-29,Supplies,10.64,E0898,Paid
EXP-004351,E0623,Operations,2026-05-29,Travel,10.37,E0909,Paid
EXP-004951,E0674,Operations,2026-05-29,Travel,306.77,E0928,Paid
EXP-005107,E0687,Operations,2026-05-29,Supplies,39.13,E0900,Paid
EXP-007131,E0858,Operations,2026-05-29,Meals,15.1,E0917,Paid
EXP-007644,E0900,Operations,2026-05-29,Supplies,306.78,E0935,Paid
EXP-007821,E0913,Operations,2026-05-29,Travel,74.81,E0927,Paid
EXP-008780,E0987,Sales,2026-05-29,Meals,66.13,E1001,Paid
EXP-009576,E1055,Sales,2026-05-29,Accommodation,363.97,E1098,Paid
EXP-010298,E1110,Legal,2026-05-29,Accommodation,152.42,E1117,Paid
EXP-000957,E0177,Finance,2026-05-30,Accommodation,91.57,E0197,Paid
EXP-001118,E0204,Finance,2026-05-30,Training,217.76,E0196,Paid
EXP-001399,E0259,Procurement,2026-05-30,Accommodation,106.02,E0277,Paid
EXP-002137,E0391,IT,2026-05-30,Accommodation,159.14,E0379,Paid
EXP-002310,E0423,IT,2026-05-30,Travel,23.2,E0379,Paid
EXP-002587,E0476,IT,2026-05-30,Training,149.84,E0379,Paid
EXP-003015,E0510,Operations,2026-05-30,Meals,43.93,E0920,Paid
EXP-003028,E0511,Operations,2026-05-30,Travel,84.19,E0898,Paid
EXP-003942,E0586,Operations,2026-05-30,Accommodation,49.74,E0898,Paid
EXP-004071,E0596,Operations,2026-05-30,Meals,262.9,E0908,Paid
EXP-004082,E0597,Operations,2026-05-30,Supplies,93.67,E0910,Paid
EXP-004832,E0664,Operations,2026-05-30,Meals,508.14,E0932,Paid
EXP-005894,E0757,Operations,2026-05-30,Meals,181.71,E0898,Paid
EXP-005899,E0759,Operations,2026-05-30,Training,116.47,E0904,Paid
EXP-006081,E0772,Operations,2026-05-30,Training,84.15,E0910,Paid
EXP-006130,E0776,Operations,2026-05-30,Accommodation,124.78,E0926,Paid
EXP-006359,E0796,Operations,2026-05-30,Travel,172.8,E0937,Paid
EXP-006487,E0805,Operations,2026-05-30,Travel,95.87,E0900,Paid
EXP-007198,E0862,Operations,2026-05-30,Meals,241.28,E0924,Paid
EXP-007385,E0880,Operations,2026-05-30,Client entertainment,21.01,E0914,Paid
EXP-007975,E0924,Operations,2026-05-30,Supplies,190.05,E0914,Paid
EXP-008095,E0934,Operations,2026-05-30,Accommodation,76.15,E0916,Paid
EXP-008331,E0953,Sales,2026-05-30,Accommodation,278.92,E0987,Paid
EXP-008520,E0968,Sales,2026-05-30,Training,35.82,E1017,Paid
EXP-009368,E1036,Sales,2026-05-30,Supplies,26.69,E1092,Paid
EXP-009864,E1077,Sales,2026-05-30,Travel,120.77,E1064,Paid
EXP-000034,E0008,Finance,2026-05-31,Meals,113.07,E0194,Paid
EXP-000307,E0057,Finance,2026-05-31,Travel,150.35,E0207,Paid
EXP-000445,E0084,Finance,2026-05-31,Accommodation,73.76,E0207,Paid
EXP-000827,E0156,Finance,2026-05-31,Travel,90.74,E0207,Paid
EXP-000913,E0171,Finance,2026-05-31,Accommodation,39.78,E0207,Paid
EXP-002622,E0480,Operations,2026-05-31,Travel,128.3,E0903,Paid
EXP-003095,E0518,Operations,2026-05-31,Travel,26.72,E0902,Paid
EXP-003133,E0520,Operations,2026-05-31,Meals,71.68,E0907,Paid
EXP-003230,E0527,Operations,2026-05-31,Travel,72.06,E0916,Paid
EXP-004001,E0590,Operations,2026-05-31,Training,172.61,E0926,Paid
EXP-004096,E0599,Operations,2026-05-31,Client entertainment,45.19,E0909,Paid
EXP-004764,E0656,Operations,2026-05-31,Meals,74.29,E0920,Paid
EXP-005594,E0730,Operations,2026-05-31,Meals,72.61,E0900,Paid
EXP-005903,E0759,Operations,2026-05-31,Training,102.82,E0904,Paid
EXP-006032,E0769,Operations,2026-05-31,Travel,45.0,E0928,Paid
EXP-006049,E0770,Operations,2026-05-31,Client entertainment,124.0,E0912,Paid
EXP-007434,E0883,Operations,2026-05-31,Supplies,94.78,E0898,Paid
EXP-007555,E0892,Operations,2026-05-31,Supplies,77.62,E0899,Paid
EXP-007640,E0900,Operations,2026-05-31,Travel,203.86,E0935,Paid
EXP-007843,E0915,Operations,2026-05-31,Supplies,147.88,E0911,Paid
EXP-007989,E0926,Operations,2026-05-31,Training,244.93,E0906,Paid
EXP-008050,E0930,Operations,2026-05-31,Travel,164.19,E0899,Paid
EXP-008317,E0951,Sales,2026-05-31,Client entertainment,198.72,E0984,Paid
EXP-008974,E1004,Sales,2026-05-31,Training,57.1,E0946,Paid
EXP-008988,E1005,Sales,2026-05-31,Accommodation,130.08,E1068,Paid
EXP-009041,E1009,Sales,2026-05-31,Travel,132.1,E1040,Paid
EXP-009398,E1038,Sales,2026-05-31,Training,85.72,E1055,Paid
EXP-009984,E1086,Sales,2026-05-31,Accommodation,349.65,E0959,Paid
EXP-010215,E1104,Sales,2026-05-31,Travel,295.63,E1056,Paid
EXP-010864,E1033,Sales,2026-05-31,Client entertainment,965.81,E1044,Paid
EXP-000005,E0001,Finance,2026-06-01,Travel,348.96,E0209,Paid
EXP-000137,E0030,Finance,2026-06-01,Supplies,95.58,E0210,Paid
EXP-000155,E0032,Finance,2026-06-01,Travel,20.56,E0194,Paid
EXP-000320,E0060,Finance,2026-06-01,Supplies,174.81,E0190,Paid
EXP-000398,E0074,Finance,2026-06-01,Training,118.15,E0193,Paid
EXP-000502,E0093,Finance,2026-06-01,Accommodation,131.71,E0202,Paid
EXP-001001,E0183,Finance,2026-06-01,Accommodation,167.29,E0198,Paid
EXP-001241,E0231,Procurement,2026-06-01,Supplies,96.53,E0273,Paid
EXP-001308,E0244,Procurement,2026-06-01,Client entertainment,27.17,E0268,Paid
EXP-002271,E0416,IT,2026-06-01,Accommodation,133.59,E0379,Paid
EXP-002450,E0450,IT,2026-06-01,Supplies,42.97,E0379,Paid
EXP-002584,E0476,IT,2026-06-01,Training,64.87,E0379,Paid
EXP-002658,E0482,Operations,2026-06-01,Client entertainment,295.1,E0919,Paid
EXP-002741,E0488,Operations,2026-06-01,Client entertainment,273.77,E0901,Paid
EXP-003343,E0538,Operations,2026-06-01,Supplies,255.39,E0919,Paid
EXP-003580,E0556,Operations,2026-06-01,Client entertainment,22.05,E0909,Paid
EXP-004367,E0624,Operations,2026-06-01,Accommodation,95.53,E0913,Paid
EXP-004991,E0678,Operations,2026-06-01,Meals,203.45,E0918,Paid
EXP-005008,E0679,Operations,2026-06-01,Supplies,274.55,E0914,Paid
EXP-005167,E0691,Operations,2026-06-01,Accommodation,97.07,E0930,Paid
EXP-005268,E0700,Operations,2026-06-01,Client entertainment,230.29,E0902,Paid
EXP-005741,E0744,Operations,2026-06-01,Accommodation,133.56,E0924,Paid
EXP-005849,E0754,Operations,2026-06-01,Client entertainment,64.32,E0924,Paid
EXP-006387,E0798,Operations,2026-06-01,Client entertainment,99.98,E0932,Paid
EXP-006507,E0807,Operations,2026-06-01,Training,205.15,E0907,Paid
EXP-006551,E0810,Operations,2026-06-01,Accommodation,84.07,E0937,Paid
EXP-006608,E0816,Operations,2026-06-01,Meals,109.26,E0917,Paid
EXP-007172,E0861,Operations,2026-06-01,Accommodation,132.73,E0908,Paid
EXP-008510,E0966,Sales,2026-06-01,Travel,158.99,E1012,Paid
EXP-008605,E0974,Sales,2026-06-01,Supplies,358.0,E1088,Paid
EXP-009308,E1032,Sales,2026-06-01,Accommodation,70.66,E1066,Paid
EXP-009670,E1061,Sales,2026-06-01,Client entertainment,437.37,E1035,Paid
EXP-009840,E1076,Sales,2026-06-01,Meals,175.95,E1047,Paid
EXP-009898,E1079,Sales,2026-06-01,Travel,174.11,E0958,Paid
EXP-010605,E1172,Facilities,2026-06-01,Meals,56.75,E1121,Paid
EXP-000458,E0086,Finance,2026-06-02,Meals,139.87,E0199,Paid
EXP-000796,E0145,Finance,2026-06-02,Accommodation,120.78,E0193,Paid
EXP-000874,E0164,Finance,2026-06-02,Accommodation,46.63,E0190,Paid
EXP-001051,E0191,Finance,2026-06-02,Meals,1052.14,E0204,Paid
EXP-001060,E0192,Finance,2026-06-02,Training,107.33,E0205,Paid
EXP-001170,E0217,Procurement,2026-06-02,Accommodation,34.39,E0275,Paid
EXP-001184,E0220,Procurement,2026-06-02,Accommodation,423.12,E0268,Paid
EXP-001794,E0330,Human Resources,2026-06-02,Training,69.73,E0347,Paid
EXP-002750,E0488,Operations,2026-06-02,Training,41.7,E0901,Paid
EXP-003070,E0515,Operations,2026-06-02,Travel,87.08,E0912,Paid
EXP-003158,E0522,Operations,2026-06-02,Training,184.87,E0916,Paid
EXP-003303,E0535,Operations,2026-06-02,Travel,69.66,E0897,Paid
EXP-003441,E0545,Operations,2026-06-02,Accommodation,124.48,E0931,Paid
EXP-004146,E0608,Operations,2026-06-02,Client entertainment,67.11,E0929,Paid
EXP-004258,E0615,Operations,2026-06-02,Training,746.4,E0937,Paid
EXP-004735,E0654,Operations,2026-06-02,Supplies,168.95,E0930,Paid
EXP-005523,E0724,Operations,2026-06-02,Training,40.48,E0925,Paid
EXP-005744,E0744,Operations,2026-06-02,Training,279.59,E0924,Paid
EXP-006547,E0810,Operations,2026-06-02,Supplies,38.55,E0937,Paid
EXP-007133,E0858,Operations,2026-06-02,Accommodation,108.49,E0917,Paid
EXP-007449,E0884,Operations,2026-06-02,Supplies,99.17,E0901,Paid
EXP-007734,E0907,Operations,2026-06-02,Travel,80.0,E0938,Paid
EXP-008182,E0941,Sales,2026-06-02,Training,280.39,E1024,Paid
EXP-008531,E0969,Sales,2026-06-02,Meals,48.04,E1033,Paid
EXP-009200,E1023,Sales,2026-06-02,Training,240.36,E1042,Paid
EXP-009346,E1035,Sales,2026-06-02,Training,217.66,E0967,Paid
EXP-009610,E1057,Sales,2026-06-02,Travel,21.82,E0958,Paid
EXP-010390,E1126,Facilities,2026-06-02,Training,59.93,E1121,Paid
EXP-000011,E0004,Finance,2026-06-03,Meals,295.2,E0197,Paid
EXP-000334,E0063,Finance,2026-06-03,Supplies,179.77,E0199,Paid
EXP-000823,E0155,Finance,2026-06-03,Supplies,435.29,E0198,Paid
EXP-000893,E0168,Finance,2026-06-03,Training,220.2,E0201,Paid
EXP-000970,E0179,Finance,2026-06-03,Supplies,238.15,E0199,Paid
EXP-001581,E0289,Procurement,2026-06-03,Accommodation,13.38,E0277,Paid
EXP-001601,E0292,Procurement,2026-06-03,Training,84.99,E0268,Paid
EXP-002152,E0393,IT,2026-06-03,Supplies,146.01,E0379,Paid
EXP-002477,E0456,IT,2026-06-03,Supplies,334.0,E0379,Paid
EXP-003224,E0527,Operations,2026-06-03,Accommodation,533.92,E0916,Paid
EXP-003552,E0554,Operations,2026-06-03,Training,118.18,E0918,Paid
EXP-004358,E0623,Operations,2026-06-03,Accommodation,21.99,E0909,Paid
EXP-004710,E0651,Operations,2026-06-03,Travel,55.28,E0917,Paid
EXP-005708,E0739,Operations,2026-06-03,Training,14.67,E0930,Paid
EXP-006802,E0832,Operations,2026-06-03,Client entertainment,354.51,E0904,Paid
EXP-007266,E0870,Operations,2026-06-03,Supplies,508.27,E0936,Paid
EXP-007384,E0880,Operations,2026-06-03,Client entertainment,528.75,E0914,Paid
EXP-008423,E0960,Sales,2026-06-03,Training,154.44,E1093,Paid
EXP-008820,E0991,Sales,2026-06-03,Accommodation,200.35,E0958,Paid
EXP-008999,E1006,Sales,2026-06-03,Meals,62.28,E0948,Paid
EXP-009204,E1023,Sales,2026-06-03,Training,110.53,E1042,Paid
EXP-009285,E1031,Sales,2026-06-03,Training,159.99,E0961,Paid
EXP-009888,E1079,Sales,2026-06-03,Training,50.97,E0958,Paid
EXP-009938,E1082,Sales,2026-06-03,Training,58.13,E1002,Paid
EXP-010021,E1090,Sales,2026-06-03,Training,196.62,E0999,Paid
EXP-010281,E1108,Legal,2026-06-03,Client entertainment,147.74,E1110,Paid
EXP-010368,E1123,Facilities,2026-06-03,Training,200.85,E1121,Paid
EXP-010539,E1158,Facilities,2026-06-03,Training,233.15,E1121,Paid
EXP-010869,E1033,Sales,2026-06-03,Client entertainment,914.91,E1044,Paid
EXP-000109,E0024,Finance,2026-06-04,Meals,33.91,E0201,Paid
EXP-000177,E0035,Finance,2026-06-04,Training,542.33,E0190,Paid
EXP-000511,E0094,Finance,2026-06-04,Supplies,78.3,E0202,Paid
EXP-000641,E0117,Finance,2026-06-04,Meals,109.29,E0190,Paid
EXP-000802,E0150,Finance,2026-06-04,Travel,245.83,E0192,Paid
EXP-001137,E0211,Procurement,2026-06-04,Training,82.07,E0280,Paid
EXP-001287,E0240,Procurement,2026-06-04,Accommodation,111.26,E0272,Paid
EXP-001591,E0290,Procurement,2026-06-04,Training,83.4,E0272,Paid
EXP-001738,E0320,Human Resources,2026-06-04,Travel,166.81,E0378,Paid
EXP-001755,E0323,Human Resources,2026-06-04,Supplies,529.99,E0340,Paid
EXP-002359,E0433,IT,2026-06-04,Meals,84.29,E0379,Paid
EXP-002457,E0453,IT,2026-06-04,Client entertainment,31.7,E0379,Paid
EXP-002473,E0456,IT,2026-06-04,Meals,68.03,E0379,Paid
EXP-003097,E0518,Operations,2026-06-04,Meals,85.24,E0902,Paid
EXP-003720,E0566,Operations,2026-06-04,Training,115.43,E0935,Paid
EXP-003931,E0583,Operations,2026-06-04,Training,14.23,E0907,Paid
EXP-004599,E0642,Operations,2026-06-04,Training,27.31,E0901,Paid
EXP-004726,E0653,Operations,2026-06-04,Travel,160.78,E0936,Paid
EXP-004867,E0668,Operations,2026-06-04,Meals,42.06,E0913,Paid
EXP-005498,E0722,Operations,2026-06-04,Client entertainment,34.87,E0936,Paid
EXP-005891,E0757,Operations,2026-06-04,Accommodation,139.1,E0898,Paid
EXP-005892,E0757,Operations,2026-06-04,Client entertainment,63.36,E0898,Paid
EXP-006141,E0777,Operations,2026-06-04,Supplies,129.62,E0907,Paid
EXP-006621,E0817,Operations,2026-06-04,Supplies,611.18,E0908,Paid
EXP-006927,E0841,Operations,2026-06-04,Training,34.05,E0919,Paid
EXP-007204,E0863,Operations,2026-06-04,Accommodation,19.62,E0929,Paid
EXP-007317,E0874,Operations,2026-06-04,Travel,104.06,E0908,Paid
EXP-007337,E0877,Operations,2026-06-04,Training,70.7,E0909,Paid
EXP-007795,E0912,Operations,2026-06-04,Client entertainment,116.54,E0900,Paid
EXP-008046,E0930,Operations,2026-06-04,Training,71.2,E0899,Paid
EXP-008216,E0944,Sales,2026-06-04,Training,121.75,E0957,Paid
EXP-008642,E0977,Sales,2026-06-04,Travel,19.14,E0995,Paid
EXP-008728,E0983,Sales,2026-06-04,Meals,98.92,E0942,Paid
EXP-008966,E1004,Sales,2026-06-04,Travel,52.54,E0946,Paid
EXP-009068,E1011,Sales,2026-06-04,Meals,343.57,E1102,Paid
EXP-009226,E1024,Sales,2026-06-04,Supplies,115.34,E1074,Paid
EXP-009239,E1027,Sales,2026-06-04,Supplies,21.36,E0988,Paid
EXP-009443,E1042,Sales,2026-06-04,Training,48.54,E0965,Paid
EXP-009543,E1052,Sales,2026-06-04,Travel,100.32,E0987,Paid
EXP-009720,E1065,Sales,2026-06-04,Supplies,87.72,E1029,Paid
EXP-010625,E1174,Facilities,2026-06-04,Training,44.68,E1121,Paid
EXP-000200,E0039,Finance,2026-06-05,Accommodation,35.39,E0190,Paid
EXP-001303,E0243,Procurement,2026-06-05,Travel,128.96,E0274,Paid
EXP-001945,E0357,Human Resources,2026-06-05,Accommodation,214.58,E0375,Paid
EXP-002212,E0405,IT,2026-06-05,Supplies,81.88,E0379,Paid
EXP-002586,E0476,IT,2026-06-05,Supplies,43.66,E0379,Paid
EXP-003119,E0519,Operations,2026-06-05,Supplies,147.27,E0908,Paid
EXP-003400,E0543,Operations,2026-06-05,Meals,36.96,E0914,Paid
EXP-004081,E0597,Operations,2026-06-05,Training,76.39,E0910,Paid
EXP-004693,E0650,Operations,2026-06-05,Meals,644.15,E0925,Paid
EXP-004751,E0656,Operations,2026-06-05,Client entertainment,106.53,E0920,Paid
EXP-005084,E0685,Operations,2026-06-05,Supplies,30.62,E0907,Paid
EXP-005378,E0712,Operations,2026-06-05,Training,178.49,E0925,Paid
EXP-005538,E0725,Operations,2026-06-05,Accommodation,211.47,E0917,Paid
EXP-005593,E0730,Operations,2026-06-05,Supplies,299.61,E0900,Paid
EXP-005934,E0761,Operations,2026-06-05,Training,108.69,E0907,Paid
EXP-006052,E0770,Operations,2026-06-05,Training,51.96,E0912,Paid
EXP-006200,E0783,Operations,2026-06-05,Travel,330.26,E0918,Paid
EXP-006281,E0789,Operations,2026-06-05,Training,98.31,E0897,Paid
EXP-006388,E0798,Operations,2026-06-05,Supplies,26.56,E0932,Paid
EXP-006566,E0811,Operations,2026-06-05,Accommodation,289.39,E0926,Paid
EXP-006783,E0830,Operations,2026-06-05,Supplies,137.74,E0917,Paid
EXP-006847,E0834,Operations,2026-06-05,Client entertainment,100.13,E0933,Paid
EXP-007539,E0891,Operations,2026-06-05,Meals,53.99,E0912,Paid
EXP-007709,E0906,Operations,2026-06-05,Client entertainment,74.1,E0937,Paid
EXP-008000,E0926,Operations,2026-06-05,Accommodation,38.93,E0906,Paid
EXP-008383,E0957,Sales,2026-06-05,Supplies,122.51,E1032,Paid
EXP-008875,E0994,Sales,2026-06-05,Travel,86.05,E0970,Paid
EXP-008913,E0999,Sales,2026-06-05,Training,37.5,E0992,Paid
EXP-008943,E1001,Sales,2026-06-05,Accommodation,373.68,E0992,Paid
EXP-010137,E1098,Sales,2026-06-05,Meals,62.15,E1042,Paid
EXP-010178,E1102,Sales,2026-06-05,Client entertainment,37.38,E1067,Paid
EXP-010189,E1102,Sales,2026-06-05,Client entertainment,30.75,E1067,Paid
EXP-000191,E0038,Finance,2026-06-06,Training,14.84,E0208,Paid
EXP-000220,E0041,Finance,2026-06-06,Client entertainment,341.41,E0205,Paid
EXP-000360,E0067,Finance,2026-06-06,Accommodation,26.32,E0204,Paid
EXP-000592,E0109,Finance,2026-06-06,Travel,62.36,E0197,Paid
EXP-000618,E0113,Finance,2026-06-06,Client entertainment,103.01,E0191,Paid
EXP-000871,E0164,Finance,2026-06-06,Client entertainment,381.59,E0190,Paid
EXP-001134,E0208,Finance,2026-06-06,Supplies,44.78,E0203,Paid
EXP-001150,E0213,Procurement,2026-06-06,Meals,246.83,E0273,Paid
EXP-001297,E0242,Procurement,2026-06-06,Client entertainment,470.83,E0267,Paid
EXP-001373,E0255,Procurement,2026-06-06,Travel,290.29,E0269,Paid
EXP-001444,E0268,Procurement,2026-06-06,Supplies,129.88,E0275,Paid
EXP-001631,E0300,Human Resources,2026-06-06,Client entertainment,85.9,E0344,Paid
EXP-001658,E0305,Human Resources,2026-06-06,Meals,33.49,E0348,Paid
EXP-001859,E0340,Human Resources,2026-06-06,Meals,72.42,E0337,Paid
EXP-002023,E0371,Human Resources,2026-06-06,Meals,97.74,E0350,Paid
EXP-002107,E0386,IT,2026-06-06,Accommodation,145.57,E0379,Paid
EXP-002145,E0393,IT,2026-06-06,Travel,93.76,E0379,Paid
EXP-002242,E0410,IT,2026-06-06,Travel,234.21,E0379,Paid
EXP-002461,E0453,IT,2026-06-06,Client entertainment,18.46,E0379,Paid
EXP-002664,E0482,Operations,2026-06-06,Training,634.62,E0919,Paid
EXP-003122,E0520,Operations,2026-06-06,Training,64.73,E0907,Paid
EXP-003151,E0522,Operations,2026-06-06,Accommodation,34.2,E0916,Paid
EXP-003268,E0530,Operations,2026-06-06,Client entertainment,30.73,E0919,Paid
EXP-004042,E0594,Operations,2026-06-06,Training,300.29,E0908,Paid
EXP-004052,E0594,Operations,2026-06-06,Supplies,254.78,E0908,Paid
EXP-004259,E0615,Operations,2026-06-06,Client entertainment,178.74,E0937,Paid
EXP-004353,E0623,Operations,2026-06-06,Meals,51.57,E0909,Paid
EXP-005469,E0721,Operations,2026-06-06,Travel,79.62,E0914,Paid
EXP-005573,E0728,Operations,2026-06-06,Travel,32.73,E0900,Paid
EXP-006364,E0797,Operations,2026-06-06,Meals,79.84,E0909,Paid
EXP-006723,E0826,Operations,2026-06-06,Travel,50.0,E0934,Paid
EXP-007342,E0877,Operations,2026-06-06,Training,11.18,E0909,Paid
EXP-008299,E0949,Sales,2026-06-06,Meals,186.63,E0955,Paid
EXP-008333,E0953,Sales,2026-06-06,Training,143.31,E0987,Paid
EXP-008548,E0970,Sales,2026-06-06,Client entertainment,270.1,E1021,Paid
EXP-008676,E0980,Sales,2026-06-06,Client entertainment,98.68,E1093,Paid
EXP-008695,E0981,Sales,2026-06-06,Accommodation,28.56,E0992,Paid
EXP-008912,E0999,Sales,2026-06-06,Training,276.09,E0992,Paid
EXP-009018,E1008,Sales,2026-06-06,Training,32.11,E0986,Paid
EXP-009340,E1035,Sales,2026-06-06,Accommodation,136.35,E0967,Paid
EXP-009903,E1079,Sales,2026-06-06,Accommodation,118.58,E0958,Paid
EXP-010472,E1147,Facilities,2026-06-06,Travel,65.99,E1121,Paid
EXP-010587,E1166,Facilities,2026-06-06,Travel,327.73,E1121,Paid
EXP-000072,E0016,Finance,2026-06-07,Meals,257.21,E0199,Paid
EXP-000269,E0050,Finance,2026-06-07,Training,69.76,E0190,Paid
EXP-000565,E0105,Finance,2026-06-07,Training,178.0,E0199,Paid
EXP-000662,E0120,Finance,2026-06-07,Accommodation,140.14,E0203,Paid
EXP-000742,E0137,Finance,2026-06-07,Meals,13.18,E0205,Paid
EXP-000808,E0150,Finance,2026-06-07,Accommodation,81.72,E0192,Paid
EXP-001332,E0249,Procurement,2026-06-07,Meals,31.62,E0268,Paid
EXP-001435,E0266,Procurement,2026-06-07,Client entertainment,445.9,E0274,Paid
EXP-001472,E0272,Procurement,2026-06-07,Meals,74.27,E0280,Paid
EXP-001775,E0326,Human Resources,2026-06-07,Accommodation,622.81,E0339,Paid
EXP-002123,E0390,IT,2026-06-07,Supplies,83.52,E0379,Paid
EXP-002126,E0390,IT,2026-06-07,Supplies,63.51,E0379,Paid
EXP-002652,E0481,Operations,2026-06-07,Training,159.36,E0927,Paid
EXP-002780,E0492,Operations,2026-06-07,Meals,122.17,E0900,Paid
EXP-003298,E0535,Operations,2026-06-07,Meals,25.79,E0897,Paid
EXP-003408,E0543,Operations,2026-06-07,Accommodation,52.01,E0914,Paid
EXP-003707,E0565,Operations,2026-06-07,Client entertainment,98.08,E0917,Paid
EXP-003820,E0575,Operations,2026-06-07,Supplies,195.93,E0904,Paid
EXP-004677,E0649,Operations,2026-06-07,Supplies,48.87,E0901,Paid
EXP-005096,E0686,Operations,2026-06-07,Meals,149.54,E0909,Paid
EXP-005582,E0729,Operations,2026-06-07,Accommodation,159.38,E0906,Paid
EXP-005686,E0738,Operations,2026-06-07,Supplies,293.37,E0903,Paid
EXP-005911,E0760,Operations,2026-06-07,Training,246.57,E0899,Paid
EXP-005919,E0760,Operations,2026-06-07,Accommodation,197.28,E0899,Paid
EXP-006692,E0824,Operations,2026-06-07,Meals,250.31,E0930,Paid
EXP-007216,E0863,Operations,2026-06-07,Accommodation,65.24,E0929,Paid
EXP-007383,E0880,Operations,2026-06-07,Accommodation,73.17,E0914,Paid
EXP-009247,E1027,Sales,2026-06-07,Accommodation,132.49,E0988,Paid
EXP-009636,E1059,Sales,2026-06-07,Travel,108.73,E1011,Paid
EXP-009658,E1061,Sales,2026-06-07,Client entertainment,146.94,E1035,Paid
EXP-010065,E1094,Sales,2026-06-07,Meals,74.8,E0945,Paid
EXP-010770,E1199,Facilities,2026-06-07,Meals,289.28,E1121,Paid
EXP-000241,E0044,Finance,2026-06-08,Client entertainment,46.07,E0194,Paid
EXP-000798,E0146,Finance,2026-06-08,Travel,112.72,E0192,Paid
EXP-000890,E0167,Finance,2026-06-08,Accommodation,63.38,E0190,Paid
EXP-001211,E0225,Procurement,2026-06-08,Supplies,47.96,E0271,Paid
EXP-001674,E0309,Human Resources,2026-06-08,Accommodation,91.19,E0338,Paid
EXP-002252,E0411,IT,2026-06-08,Supplies,62.2,E0379,Paid
EXP-003331,E0537,Operations,2026-06-08,Accommodation,524.04,E0914,Paid
EXP-004003,E0591,Operations,2026-06-08,Accommodation,298.05,E0908,Paid
EXP-004133,E0605,Operations,2026-06-08,Travel,60.66,E0927,Paid
EXP-004427,E0628,Operations,2026-06-08,Supplies,90.74,E0912,Paid
EXP-004567,E0639,Operations,2026-06-08,Training,24.93,E0921,Paid
EXP-004801,E0661,Operations,2026-06-08,Supplies,42.42,E0916,Paid
EXP-006489,E0805,Operations,2026-06-08,Meals,67.86,E0900,Paid
EXP-006583,E0813,Operations,2026-06-08,Travel,46.94,E0901,Paid
EXP-006593,E0813,Operations,2026-06-08,Accommodation,270.11,E0901,Paid
EXP-006603,E0814,Operations,2026-06-08,Training,69.37,E0920,Paid
EXP-006673,E0820,Operations,2026-06-08,Client entertainment,50.87,E0926,Paid
EXP-007078,E0853,Operations,2026-06-08,Accommodation,25.71,E0930,Paid
EXP-007083,E0853,Operations,2026-06-08,Supplies,613.89,E0930,Paid
EXP-007315,E0874,Operations,2026-06-08,Training,109.33,E0908,Paid
EXP-007426,E0883,Operations,2026-06-08,Client entertainment,423.3,E0898,Paid
EXP-007471,E0886,Operations,2026-06-08,Meals,36.18,E0914,Paid
EXP-007742,E0908,Operations,2026-06-08,Client entertainment,118.74,E0914,Paid
EXP-007831,E0914,Operations,2026-06-08,Travel,132.35,E0001,Paid
EXP-007956,E0923,Operations,2026-06-08,Accommodation,119.67,E0914,Paid
EXP-008273,E0947,Sales,2026-06-08,Travel,94.16,E1033,Paid
EXP-008701,E0982,Sales,2026-06-08,Training,161.21,E0956,Paid
EXP-009083,E1011,Sales,2026-06-08,Travel,286.3,E1102,Paid
EXP-009307,E1032,Sales,2026-06-08,Supplies,297.47,E1066,Paid
EXP-009339,E1034,Sales,2026-06-08,Accommodation,79.34,E0973,Paid
EXP-010646,E1176,Facilities,2026-06-08,Client entertainment,86.49,E1121,Paid
EXP-000223,E0042,Finance,2026-06-09,Training,110.48,E0193,Paid
EXP-000711,E0131,Finance,2026-06-09,Meals,60.59,E0200,Paid
EXP-000715,E0132,Finance,2026-06-09,Supplies,112.31,E0190,Paid
EXP-001345,E0250,Procurement,2026-06-09,Training,868.39,E0279,Paid
EXP-001611,E0294,Procurement,2026-06-09,Training,232.42,E0277,Paid
EXP-003215,E0526,Operations,2026-06-09,Client entertainment,70.05,E0914,Paid
EXP-003217,E0526,Operations,2026-06-09,Meals,66.3,E0914,Paid
EXP-003455,E0546,Operations,2026-06-09,Supplies,136.88,E0933,Paid
EXP-003549,E0554,Operations,2026-06-09,Accommodation,76.66,E0918,Paid
EXP-003809,E0574,Operations,2026-06-09,Meals,138.73,E0927,Paid
EXP-003939,E0585,Operations,2026-06-09,Meals,99.02,E0902,Paid
EXP-004099,E0599,Operations,2026-06-09,Supplies,19.02,E0909,Paid
EXP-006110,E0775,Operations,2026-06-09,Client entertainment,45.34,E0907,Paid
EXP-006562,E0811,Operations,2026-06-09,Training,54.83,E0926,Paid
EXP-006630,E0817,Operations,2026-06-09,Travel,354.08,E0908,Paid
EXP-008530,E0969,Sales,2026-06-09,Accommodation,58.38,E1033,Paid
EXP-008697,E0981,Sales,2026-06-09,Accommodation,241.27,E0992,Paid
EXP-008933,E1000,Sales,2026-06-09,Client entertainment,86.12,E0989,Paid
EXP-008995,E1006,Sales,2026-06-09,Travel,208.82,E0948,Paid
EXP-009097,E1016,Sales,2026-06-09,Accommodation,229.21,E1070,Paid
EXP-009444,E1042,Sales,2026-06-09,Travel,163.59,E0965,Paid
EXP-010352,E1120,Legal,2026-06-09,Client entertainment,141.75,E1111,Paid
EXP-010412,E1131,Facilities,2026-06-09,Training,83.15,E1121,Paid
EXP-010600,E1172,Facilities,2026-06-09,Client entertainment,93.7,E1121,Paid
EXP-010865,E1033,Sales,2026-06-09,Client entertainment,966.59,E1044,Paid
EXP-010880,E1033,Sales,2026-06-09,Client entertainment,926.3,E1044,Paid
EXP-001177,E0218,Procurement,2026-06-10,Client entertainment,7.77,E0275,Paid
EXP-001685,E0311,Human Resources,2026-06-10,Training,52.09,E0377,Paid
EXP-001828,E0335,Human Resources,2026-06-10,Training,219.32,E0374,Paid
EXP-001916,E0352,Human Resources,2026-06-10,Travel,69.03,E0346,Paid
EXP-002182,E0401,IT,2026-06-10,Training,213.11,E0379,Paid
EXP-002460,E0453,IT,2026-06-10,Travel,89.82,E0379,Paid
EXP-002568,E0472,IT,2026-06-10,Meals,41.65,E0379,Paid
EXP-003111,E0519,Operations,2026-06-10,Supplies,608.35,E0908,Paid
EXP-003113,E0519,Operations,2026-06-10,Accommodation,46.58,E0908,Paid
EXP-004498,E0635,Operations,2026-06-10,Travel,84.5,E0928,Paid
EXP-004540,E0638,Operations,2026-06-10,Accommodation,126.95,E0916,Paid
EXP-004635,E0646,Operations,2026-06-10,Meals,47.56,E0923,Paid
EXP-004828,E0664,Operations,2026-06-10,Meals,78.24,E0932,Paid
EXP-005875,E0756,Operations,2026-06-10,Meals,114.45,E0932,Paid
EXP-005916,E0760,Operations,2026-06-10,Client entertainment,182.56,E0899,Paid
EXP-007696,E0904,Operations,2026-06-10,Supplies,100.85,E0915,Paid
EXP-007842,E0915,Operations,2026-06-10,Meals,73.05,E0911,Paid
EXP-007948,E0923,Operations,2026-06-10,Client entertainment,60.77,E0914,Paid
EXP-007951,E0923,Operations,2026-06-10,Client entertainment,177.35,E0914,Paid
EXP-008259,E0946,Sales,2026-06-10,Supplies,24.62,E0992,Paid
EXP-008440,E0961,Sales,2026-06-10,Travel,245.23,E1097,Paid
EXP-009192,E1023,Sales,2026-06-10,Meals,110.35,E1042,Paid
EXP-009505,E1048,Sales,2026-06-10,Client entertainment,80.66,E1026,Paid
EXP-009693,E1063,Sales,2026-06-10,Travel,260.41,E1050,Paid
EXP-009942,E1082,Sales,2026-06-10,Travel,79.05,E1002,Paid
EXP-009968,E1085,Sales,2026-06-10,Meals,32.25,E0939,Paid
EXP-010345,E1119,Legal,2026-06-10,Travel,105.45,E1117,Paid
EXP-000032,E0008,Finance,2026-06-11,Travel,151.82,E0194,Paid
EXP-000100,E0020,Finance,2026-06-11,Travel,75.93,E0208,Paid
EXP-000239,E0044,Finance,2026-06-11,Client entertainment,91.87,E0194,Paid
EXP-000250,E0045,Finance,2026-06-11,Accommodation,37.86,E0203,Paid
EXP-001579,E0289,Procurement,2026-06-11,Training,152.81,E0277,Paid
EXP-001699,E0313,Human Resources,2026-06-11,Meals,716.88,E0376,Paid
EXP-002140,E0392,IT,2026-06-11,Travel,106.86,E0379,Paid
EXP-002712,E0486,Operations,2026-06-11,Client entertainment,61.0,E0912,Paid
EXP-002736,E0487,Operations,2026-06-11,Supplies,84.58,E0937,Paid
EXP-003511,E0549,Operations,2026-06-11,Meals,111.12,E0923,Paid
EXP-004097,E0599,Operations,2026-06-11,Training,442.62,E0909,Paid
EXP-004161,E0609,Operations,2026-06-11,Client entertainment,298.4,E0913,Paid
EXP-004468,E0631,Operations,2026-06-11,Client entertainment,46.01,E0917,Paid
EXP-005273,E0700,Operations,2026-06-11,Meals,562.66,E0902,Paid
EXP-005360,E0711,Operations,2026-06-11,Training,139.71,E0916,Paid
EXP-005711,E0741,Operations,2026-06-11,Meals,67.07,E0918,Paid
EXP-005857,E0754,Operations,2026-06-11,Client entertainment,102.94,E0924,Paid
EXP-005884,E0757,Operations,2026-06-11,Accommodation,305.55,E0898,Paid
EXP-005910,E0760,Operations,2026-06-11,Travel,148.82,E0899,Paid
EXP-005933,E0761,Operations,2026-06-11,Supplies,321.76,E0907,Paid
EXP-006170,E0779,Operations,2026-06-11,Travel,187.1,E0916,Paid
EXP-006265,E0788,Operations,2026-06-11,Travel,124.43,E0925,Paid
EXP-006457,E0802,Operations,2026-06-11,Supplies,248.62,E0923,Paid
EXP-006561,E0811,Operations,2026-06-11,Meals,138.97,E0926,Paid
EXP-006671,E0820,Operations,2026-06-11,Accommodation,88.93,E0926,Paid
EXP-007328,E0876,Operations,2026-06-11,Training,93.83,E0911,Paid
EXP-007467,E0885,Operations,2026-06-11,Supplies,156.39,E0914,Paid
EXP-007962,E0924,Operations,2026-06-11,Training,136.42,E0914,Paid
EXP-008543,E0969,Sales,2026-06-11,Training,15.09,E1033,Paid
EXP-008610,E0974,Sales,2026-06-11,Client entertainment,149.37,E1088,Paid
EXP-008630,E0976,Sales,2026-06-11,Accommodation,63.63,E1026,Paid
EXP-009502,E1047,Sales,2026-06-11,Travel,276.35,E1071,Paid
EXP-009677,E1062,Sales,2026-06-11,Accommodation,206.37,E0998,Paid
EXP-009683,E1062,Sales,2026-06-11,Client entertainment,412.51,E0998,Paid
EXP-009750,E1067,Sales,2026-06-11,Travel,96.07,E0955,Paid
EXP-009881,E1078,Sales,2026-06-11,Supplies,120.33,E1102,Paid
EXP-010115,E1097,Sales,2026-06-11,Meals,82.4,E1030,Paid
EXP-010786,E1201,Facilities,2026-06-11,Meals,156.86,E1121,Paid
EXP-000277,E0050,Finance,2026-06-12,Client entertainment,132.49,E0190,Paid
EXP-000569,E0105,Finance,2026-06-12,Travel,89.15,E0199,Paid
EXP-000620,E0113,Finance,2026-06-12,Client entertainment,429.56,E0191,Paid
EXP-000972,E0180,Finance,2026-06-12,Training,115.22,E0208,Paid
EXP-001530,E0282,Procurement,2026-06-12,Travel,28.09,E0269,Paid
EXP-002561,E0471,IT,2026-06-12,Travel,214.36,E0379,Paid
EXP-002946,E0504,Operations,2026-06-12,Meals,56.27,E0933,Paid
EXP-003198,E0525,Operations,2026-06-12,Travel,268.4,E0908,Paid
EXP-003537,E0552,Operations,2026-06-12,Client entertainment,182.85,E0911,Paid
EXP-004916,E0672,Operations,2026-06-12,Travel,65.32,E0918,Paid
EXP-004934,E0673,Operations,2026-06-12,Meals,123.49,E0909,Paid
EXP-004978,E0677,Operations,2026-06-12,Meals,76.25,E0914,Paid
EXP-005102,E0686,Operations,2026-06-12,Supplies,117.82,E0909,Paid
EXP-005361,E0711,Operations,2026-06-12,Supplies,28.68,E0916,Paid
EXP-005474,E0721,Operations,2026-06-12,Supplies,35.36,E0914,Paid
EXP-005989,E0766,Operations,2026-06-12,Client entertainment,15.91,E0900,Paid
EXP-006210,E0785,Operations,2026-06-12,Supplies,103.22,E0924,Paid
EXP-006544,E0809,Operations,2026-06-12,Training,109.37,E0920,Paid
EXP-007468,E0885,Operations,2026-06-12,Training,69.06,E0914,Paid
EXP-007827,E0913,Operations,2026-06-12,Client entertainment,507.36,E0927,Paid
EXP-008581,E0972,Sales,2026-06-12,Accommodation,27.7,E1087,Paid
EXP-009061,E1010,Sales,2026-06-12,Training,41.46,E0980,Paid
EXP-009475,E1044,Sales,2026-06-12,Supplies,128.07,E1072,Paid
EXP-009627,E1058,Sales,2026-06-12,Travel,45.48,E1060,Paid
EXP-009635,E1059,Sales,2026-06-12,Training,10.74,E1011,Paid
EXP-009874,E1077,Sales,2026-06-12,Accommodation,290.61,E1064,Paid
EXP-010840,E0965,Sales,2026-06-12,Client entertainment,962.27,E0976,Paid
EXP-010896,E1043,Sales,2026-06-12,Client entertainment,914.73,E1099,Paid
EXP-000014,E0005,Finance,2026-06-13,Meals,40.92,E0190,Paid
EXP-000015,E0005,Finance,2026-06-13,Accommodation,204.47,E0190,Paid
EXP-000635,E0116,Finance,2026-06-13,Accommodation,55.69,E0209,Paid
EXP-000657,E0119,Finance,2026-06-13,Meals,79.44,E0210,Paid
EXP-000899,E0169,Finance,2026-06-13,Training,311.06,E0199,Paid
EXP-001360,E0252,Procurement,2026-06-13,Training,267.13,E0280,Paid
EXP-001630,E0300,Human Resources,2026-06-13,Accommodation,128.34,E0344,Paid
EXP-001720,E0317,Human Resources,2026-06-13,Travel,374.24,E0346,Paid
EXP-001733,E0319,Human Resources,2026-06-13,Travel,117.71,E0338,Paid
EXP-003093,E0517,Operations,2026-06-13,Supplies,657.09,E0905,Paid
EXP-003532,E0552,Operations,2026-06-13,Supplies,107.35,E0911,Paid
EXP-003964,E0587,Operations,2026-06-13,Meals,304.6,E0906,Paid
EXP-003986,E0588,Operations,2026-06-13,Meals,209.69,E0932,Paid
EXP-004583,E0641,Operations,2026-06-13,Accommodation,119.79,E0912,Paid
EXP-005048,E0682,Operations,2026-06-13,Supplies,58.38,E0899,Paid
EXP-005054,E0683,Operations,2026-06-13,Accommodation,827.3,E0910,Paid
EXP-005142,E0690,Operations,2026-06-13,Accommodation,593.74,E0918,Paid
EXP-005222,E0697,Operations,2026-06-13,Travel,39.65,E0934,Paid
EXP-006329,E0793,Operations,2026-06-13,Meals,173.0,E0899,Paid
EXP-006754,E0828,Operations,2026-06-13,Supplies,325.43,E0921,Paid
EXP-006872,E0837,Operations,2026-06-13,Travel,21.4,E0936,Paid
EXP-007323,E0876,Operations,2026-06-13,Meals,36.71,E0911,Paid
EXP-007557,E0892,Operations,2026-06-13,Travel,44.3,E0899,Paid
EXP-007810,E0912,Operations,2026-06-13,Meals,32.86,E0900,Paid
EXP-008161,E0940,Sales,2026-06-13,Travel,95.0,E0955,Paid
EXP-009109,E1017,Sales,2026-06-13,Accommodation,42.32,E1065,Paid
EXP-009241,E1027,Sales,2026-06-13,Client entertainment,119.76,E0988,Paid
EXP-009857,E1077,Sales,2026-06-13,Client entertainment,297.03,E1064,Paid
EXP-010512,E1155,Facilities,2026-06-13,Travel,35.47,E1121,Paid
EXP-000047,E0011,Finance,2026-06-14,Training,247.48,E0197,Paid
EXP-000382,E0070,Finance,2026-06-14,Accommodation,60.0,E0196,Paid
EXP-000516,E0095,Finance,2026-06-14,Accommodation,291.55,E0208,Paid
EXP-000677,E0123,Finance,2026-06-14,Meals,423.52,E0190,Paid
EXP-000910,E0171,Finance,2026-06-14,Travel,56.52,E0207,Paid
EXP-001423,E0264,Procurement,2026-06-14,Accommodation,81.63,E0275,Paid
EXP-002058,E0377,Human Resources,2026-06-14,Client entertainment,135.73,E0344,Paid
EXP-002531,E0466,IT,2026-06-14,Meals,114.02,E0379,Paid
EXP-002820,E0495,Operations,2026-06-14,Training,66.95,E0900,Paid
EXP-003086,E0517,Operations,2026-06-14,Training,245.16,E0905,Paid
EXP-003139,E0521,Operations,2026-06-14,Client entertainment,30.19,E0917,Paid
EXP-003469,E0547,Operations,2026-06-14,Supplies,137.21,E0933,Paid
EXP-004032,E0594,Operations,2026-06-14,Client entertainment,248.78,E0908,Paid
EXP-004068,E0596,Operations,2026-06-14,Meals,143.31,E0908,Paid
EXP-004127,E0605,Operations,2026-06-14,Training,78.46,E0927,Paid
EXP-004901,E0670,Operations,2026-06-14,Supplies,42.55,E0913,Paid
EXP-005049,E0682,Operations,2026-06-14,Meals,362.48,E0899,Paid
EXP-005819,E0751,Operations,2026-06-14,Travel,93.06,E0912,Paid
EXP-006442,E0801,Operations,2026-06-14,Training,74.15,E0903,Paid
EXP-007086,E0854,Operations,2026-06-14,Client entertainment,172.66,E0919,Paid
EXP-007264,E0870,Operations,2026-06-14,Accommodation,246.31,E0936,Paid
EXP-007502,E0888,Operations,2026-06-14,Training,149.28,E0905,Paid
EXP-008478,E0964,Sales,2026-06-14,Client entertainment,173.03,E1105,Paid
EXP-009309,E1032,Sales,2026-06-14,Travel,105.73,E1066,Paid
EXP-009347,E1035,Sales,2026-06-14,Training,197.43,E0967,Paid
EXP-009361,E1036,Sales,2026-06-14,Accommodation,57.99,E1092,Paid
EXP-009974,E1085,Sales,2026-06-14,Training,94.17,E0939,Paid
EXP-010583,E1166,Facilities,2026-06-14,Training,34.64,E1121,Paid
EXP-010618,E1174,Facilities,2026-06-14,Supplies,81.29,E1121,Paid
EXP-010737,E1192,Facilities,2026-06-14,Supplies,35.75,E1121,Paid
EXP-001149,E0212,Procurement,2026-06-15,Accommodation,1264.6,E0269,Paid
EXP-001626,E0298,Human Resources,2026-06-15,Training,221.65,E0375,Paid
EXP-001679,E0310,Human Resources,2026-06-15,Accommodation,53.76,E0345,Paid
EXP-002200,E0403,IT,2026-06-15,Client entertainment,89.04,E0379,Paid
EXP-002779,E0492,Operations,2026-06-15,Travel,215.43,E0900,Paid
EXP-003171,E0523,Operations,2026-06-15,Supplies,183.29,E0920,Paid
EXP-003724,E0566,Operations,2026-06-15,Training,35.63,E0935,Paid
EXP-004283,E0617,Operations,2026-06-15,Client entertainment,82.85,E0933,Paid
EXP-004295,E0618,Operations,2026-06-15,Meals,49.44,E0906,Paid
EXP-004825,E0663,Operations,2026-06-15,Training,105.69,E0922,Paid
EXP-005090,E0685,Operations,2026-06-15,Training,128.28,E0907,Paid
EXP-005091,E0685,Operations,2026-06-15,Training,117.36,E0907,Paid
EXP-005188,E0693,Operations,2026-06-15,Supplies,81.01,E0938,Paid
EXP-005279,E0700,Operations,2026-06-15,Supplies,187.02,E0902,Paid
EXP-005507,E0723,Operations,2026-06-15,Travel,237.52,E0919,Paid
EXP-005905,E0759,Operations,2026-06-15,Accommodation,36.58,E0904,Paid
EXP-005945,E0762,Operations,2026-06-15,Meals,124.1,E0912,Paid
EXP-006117,E0775,Operations,2026-06-15,Travel,100.8,E0907,Paid
EXP-006791,E0831,Operations,2026-06-15,Supplies,36.76,E0907,Paid
EXP-007334,E0876,Operations,2026-06-15,Travel,146.09,E0911,Paid
EXP-007894,E0919,Operations,2026-06-15,Client entertainment,103.52,E0898,Paid
EXP-008078,E0932,Operations,2026-06-15,Accommodation,60.96,E0930,Paid
EXP-008693,E0981,Sales,2026-06-15,Supplies,117.53,E0992,Paid
EXP-008712,E0982,Sales,2026-06-15,Travel,199.52,E0956,Paid
EXP-008833,E0992,Sales,2026-06-15,Accommodation,81.17,E1060,Paid
EXP-008963,E1004,Sales,2026-06-15,Meals,57.19,E0946,Paid
EXP-009121,E1017,Sales,2026-06-15,Training,91.81,E1065,Paid
EXP-009896,E1079,Sales,2026-06-15,Training,342.22,E0958,Paid
EXP-010468,E1147,Facilities,2026-06-15,Supplies,86.94,E1121,Paid
EXP-010477,E1150,Facilities,2026-06-15,Meals,11.77,E1121,Paid
EXP-010526,E1157,Facilities,2026-06-15,Training,206.07,E1121,Paid
EXP-010923,E1043,Sales,2026-06-15,Client entertainment,942.06,E1099,Paid
EXP-000052,E0014,Finance,2026-06-16,Client entertainment,40.33,E0199,Paid
EXP-000261,E0048,Finance,2026-06-16,Meals,449.7,E0196,Paid
EXP-002235,E0408,IT,2026-06-16,Training,21.22,E0379,Paid
EXP-002602,E0477,Operations,2026-06-16,Client entertainment,176.24,E0906,Paid
EXP-003769,E0569,Operations,2026-06-16,Accommodation,218.36,E0914,Paid
EXP-003781,E0571,Operations,2026-06-16,Meals,175.56,E0906,Paid
EXP-004308,E0619,Operations,2026-06-16,Training,224.84,E0910,Paid
EXP-004958,E0674,Operations,2026-06-16,Supplies,40.5,E0928,Paid
EXP-005388,E0715,Operations,2026-06-16,Meals,194.81,E0922,Paid
EXP-005416,E0717,Operations,2026-06-16,Training,203.51,E0917,Paid
EXP-005525,E0724,Operations,2026-06-16,Supplies,48.74,E0925,Paid
EXP-005834,E0753,Operations,2026-06-16,Meals,230.44,E0932,Paid
EXP-007356,E0878,Operations,2026-06-16,Travel,132.86,E0923,Paid
EXP-007452,E0884,Operations,2026-06-16,Meals,384.13,E0901,Paid
EXP-007545,E0891,Operations,2026-06-16,Training,117.88,E0912,Paid
EXP-008292,E0948,Sales,2026-06-16,Travel,83.78,E0976,Paid
EXP-008308,E0949,Sales,2026-06-16,Accommodation,85.41,E0955,Paid
EXP-008323,E0953,Sales,2026-06-16,Supplies,111.21,E0987,Paid
EXP-008428,E0961,Sales,2026-06-16,Client entertainment,553.31,E1097,Paid
EXP-009071,E1011,Sales,2026-06-16,Supplies,86.39,E1102,Paid
EXP-009072,E1011,Sales,2026-06-16,Accommodation,99.51,E1102,Paid
EXP-009198,E1023,Sales,2026-06-16,Supplies,82.45,E1042,Paid
EXP-009590,E1056,Sales,2026-06-16,Supplies,177.95,E1074,Paid
EXP-009782,E1070,Sales,2026-06-16,Supplies,51.36,E1009,Paid
EXP-009979,E1086,Sales,2026-06-16,Accommodation,262.43,E0959,Paid
EXP-010286,E1109,Legal,2026-06-16,Training,28.17,E1120,Paid
EXP-010332,E1116,Legal,2026-06-16,Training,53.38,E1110,Paid
EXP-010619,E1174,Facilities,2026-06-16,Client entertainment,53.81,E1121,Paid
EXP-000075,E0017,Finance,2026-06-17,Client entertainment,255.12,E0191,Paid
EXP-000418,E0078,Finance,2026-06-17,Training,9.35,E0205,Paid
EXP-000498,E0093,Finance,2026-06-17,Supplies,28.19,E0202,Paid
EXP-001013,E0186,Finance,2026-06-17,Accommodation,162.25,E0196,Paid
EXP-001240,E0230,Procurement,2026-06-17,Training,137.52,E0274,Paid
EXP-001288,E0241,Procurement,2026-06-17,Travel,39.28,E0278,Paid
EXP-001575,E0288,Procurement,2026-06-17,Meals,243.14,E0280,Paid
EXP-001595,E0291,Procurement,2026-06-17,Travel,66.45,E0269,Paid
EXP-001657,E0305,Human Resources,2026-06-17,Training,195.27,E0348,Paid
EXP-002036,E0373,Human Resources,2026-06-17,Accommodation,74.93,E0378,Paid
EXP-003519,E0550,Operations,2026-06-17,Travel,33.13,E0912,Paid
EXP-003548,E0553,Operations,2026-06-17,Accommodation,230.74,E0919,Paid
EXP-003616,E0558,Operations,2026-06-17,Training,267.57,E0906,Paid
EXP-003694,E0564,Operations,2026-06-17,Meals,106.99,E0913,Paid
EXP-003829,E0575,Operations,2026-06-17,Client entertainment,37.86,E0904,Paid
EXP-004087,E0597,Operations,2026-06-17,Meals,35.12,E0910,Paid
EXP-004124,E0603,Operations,2026-06-17,Supplies,32.15,E0904,Paid
EXP-004955,E0674,Operations,2026-06-17,Travel,92.57,E0928,Paid
EXP-005733,E0742,Operations,2026-06-17,Supplies,53.05,E0938,Paid
EXP-005986,E0765,Operations,2026-06-17,Supplies,38.52,E0912,Paid
EXP-006252,E0787,Operations,2026-06-17,Training,230.73,E0915,Paid
EXP-006395,E0798,Operations,2026-06-17,Supplies,22.0,E0932,Paid
EXP-006936,E0841,Operations,2026-06-17,Client entertainment,92.07,E0919,Paid
EXP-007015,E0848,Operations,2026-06-17,Supplies,50.99,E0910,Paid
EXP-007124,E0857,Operations,2026-06-17,Supplies,62.1,E0937,Paid
EXP-007491,E0887,Operations,2026-06-17,Accommodation,229.93,E0926,Paid
EXP-007968,E0924,Operations,2026-06-17,Travel,562.17,E0914,Paid
EXP-008241,E0946,Sales,2026-06-17,Accommodation,61.48,E0992,Paid
EXP-008341,E0954,Sales,2026-06-17,Travel,218.88,E1085,Paid
EXP-008766,E0986,Sales,2026-06-17,Accommodation,40.45,E1055,Paid
EXP-008867,E0994,Sales,2026-06-17,Travel,63.41,E0970,Paid
EXP-008914,E0999,Sales,2026-06-17,Travel,30.0,E0992,Paid
EXP-009100,E1016,Sales,2026-06-17,Accommodation,144.28,E1070,Paid
EXP-009913,E1080,Sales,2026-06-17,Training,76.95,E1048,Paid
EXP-010722,E1190,Facilities,2026-06-17,Training,392.64,E1121,Paid
EXP-010746,E1195,Facilities,2026-06-17,Client entertainment,197.69,E1121,Paid
EXP-001394,E0258,Procurement,2026-06-18,Meals,14.42,E0270,Paid
EXP-001877,E0345,Human Resources,2026-06-18,Travel,167.94,E0342,Paid
EXP-002431,E0447,IT,2026-06-18,Training,414.29,E0379,Paid
EXP-004037,E0594,Operations,2026-06-18,Meals,547.2,E0908,Paid
EXP-004225,E0613,Operations,2026-06-18,Travel,60.23,E0929,Paid
EXP-004620,E0643,Operations,2026-06-18,Meals,62.42,E0921,Paid
EXP-005470,E0721,Operations,2026-06-18,Training,149.76,E0914,Paid
EXP-005506,E0723,Operations,2026-06-18,Meals,170.72,E0919,Paid
EXP-005681,E0738,Operations,2026-06-18,Training,70.68,E0903,Paid
EXP-005981,E0765,Operations,2026-06-18,Client entertainment,5.61,E0912,Paid
EXP-006428,E0800,Operations,2026-06-18,Supplies,82.74,E0910,Paid
EXP-006606,E0814,Operations,2026-06-18,Training,355.07,E0920,Paid
EXP-006744,E0827,Operations,2026-06-18,Meals,92.33,E0915,Paid
EXP-006851,E0834,Operations,2026-06-18,Training,54.21,E0933,Paid
EXP-007589,E0895,Operations,2026-06-18,Meals,42.91,E0900,Paid
EXP-007637,E0900,Operations,2026-06-18,Meals,196.11,E0935,Paid
EXP-007814,E0913,Operations,2026-06-18,Accommodation,94.19,E0927,Paid
EXP-008372,E0956,Sales,2026-06-18,Accommodation,322.39,E1104,Paid
EXP-008669,E0979,Sales,2026-06-18,Accommodation,41.27,E0960,Paid
EXP-008814,E0991,Sales,2026-06-18,Client entertainment,72.95,E0958,Paid
EXP-009507,E1048,Sales,2026-06-18,Training,84.55,E1026,Paid
EXP-009780,E1070,Sales,2026-06-18,Client entertainment,70.6,E1009,Paid
EXP-010248,E1105,Sales,2026-06-18,Training,57.58,E0953,Paid
EXP-010263,E1106,Sales,2026-06-18,Accommodation,132.69,E1040,Paid
EXP-010642,E1176,Facilities,2026-06-18,Travel,276.43,E1121,Paid
EXP-010711,E1188,Facilities,2026-06-18,Meals,188.07,E1121,Paid
EXP-000622,E0113,Finance,2026-06-19,Client entertainment,398.43,E0191,Paid
EXP-001348,E0251,Procurement,2026-06-19,Accommodation,81.38,E0277,Paid
EXP-001712,E0315,Human Resources,2026-06-19,Accommodation,137.83,E0343,Paid
EXP-001743,E0322,Human Resources,2026-06-19,Meals,36.56,E0347,Paid
EXP-001908,E0351,Human Resources,2026-06-19,Training,108.1,E0346,Paid
EXP-001931,E0354,Human Resources,2026-06-19,Training,154.53,E0337,Paid
EXP-002044,E0375,Human Resources,2026-06-19,Accommodation,37.32,E0378,Paid
EXP-002157,E0394,IT,2026-06-19,Accommodation,81.05,E0379,Paid
EXP-002391,E0440,IT,2026-06-19,Supplies,68.25,E0379,Paid
EXP-002462,E0453,IT,2026-06-19,Travel,70.59,E0379,Paid
EXP-002717,E0486,Operations,2026-06-19,Supplies,313.77,E0912,Paid
EXP-002842,E0496,Operations,2026-06-19,Meals,32.87,E0899,Paid
EXP-003025,E0511,Operations,2026-06-19,Supplies,40.47,E0898,Paid
EXP-003161,E0522,Operations,2026-06-19,Client entertainment,203.21,E0916,Paid
EXP-003598,E0557,Operations,2026-06-19,Supplies,98.2,E0897,Paid
EXP-003971,E0587,Operations,2026-06-19,Client entertainment,108.86,E0906,Paid
EXP-004030,E0593,Operations,2026-06-19,Meals,31.47,E0938,Paid
EXP-004517,E0635,Operations,2026-06-19,Client entertainment,496.46,E0928,Paid
EXP-004856,E0665,Operations,2026-06-19,Supplies,44.2,E0922,Paid
EXP-005100,E0686,Operations,2026-06-19,Travel,131.99,E0909,Paid
EXP-005200,E0694,Operations,2026-06-19,Meals,289.61,E0932,Paid
EXP-005351,E0708,Operations,2026-06-19,Supplies,830.12,E0907,Paid
EXP-006045,E0769,Operations,2026-06-19,Meals,265.46,E0928,Paid
EXP-006900,E0839,Operations,2026-06-19,Travel,96.45,E0933,Paid
EXP-007302,E0873,Operations,2026-06-19,Meals,78.24,E0914,Paid
EXP-007572,E0894,Operations,2026-06-19,Meals,22.35,E0908,Paid
EXP-008232,E0945,Sales,2026-06-19,Accommodation,210.37,E1064,Paid
EXP-008353,E0955,Sales,2026-06-19,Travel,85.21,E1069,Paid
EXP-008422,E0960,Sales,2026-06-19,Meals,67.84,E0960,Paid
EXP-009142,E1019,Sales,2026-06-19,Client entertainment,199.41,E0984,Paid
EXP-009205,E1023,Sales,2026-06-19,Training,298.99,E1042,Paid
EXP-009710,E1064,Sales,2026-06-19,Supplies,102.08,E1053,Paid
EXP-009858,E1077,Sales,2026-06-19,Training,214.68,E1064,Paid
EXP-010494,E1152,Facilities,2026-06-19,Accommodation,88.73,E1121,Paid
EXP-010620,E1174,Facilities,2026-06-19,Travel,100.42,E1121,Paid
EXP-010695,E1186,Facilities,2026-06-19,Meals,17.16,E1121,Paid
EXP-010903,E1043,Sales,2026-06-19,Client entertainment,982.82,E1099,Paid
EXP-000310,E0058,Finance,2026-06-20,Client entertainment,144.29,E0207,Paid
EXP-000658,E0120,Finance,2026-06-20,Travel,232.95,E0203,Paid
EXP-001484,E0274,Procurement,2026-06-20,Training,122.5,E0276,Paid
EXP-002542,E0468,IT,2026-06-20,Accommodation,257.54,E0379,Paid
EXP-003271,E0530,Operations,2026-06-20,Meals,1489.12,E0919,Paid
EXP-004320,E0620,Operations,2026-06-20,Meals,110.47,E0921,Paid
EXP-004522,E0637,Operations,2026-06-20,Training,56.72,E0933,Paid
EXP-004732,E0653,Operations,2026-06-20,Client entertainment,316.95,E0936,Paid
EXP-004997,E0678,Operations,2026-06-20,Client entertainment,260.06,E0918,Paid
EXP-005230,E0697,Operations,2026-06-20,Training,52.48,E0934,Paid
EXP-005485,E0721,Operations,2026-06-20,Client entertainment,99.1,E0914,Paid
EXP-005639,E0734,Operations,2026-06-20,Meals,80.75,E0921,Paid
EXP-005684,E0738,Operations,2026-06-20,Accommodation,54.39,E0903,Paid
EXP-005851,E0754,Operations,2026-06-20,Supplies,17.89,E0924,Paid
EXP-006073,E0771,Operations,2026-06-20,Supplies,215.76,E0933,Paid
EXP-006548,E0810,Operations,2026-06-20,Client entertainment,40.9,E0937,Paid
EXP-006964,E0843,Operations,2026-06-20,Meals,79.57,E0897,Paid
EXP-007178,E0861,Operations,2026-06-20,Training,267.03,E0908,Paid
EXP-007322,E0876,Operations,2026-06-20,Meals,81.27,E0911,Paid
EXP-007573,E0894,Operations,2026-06-20,Meals,38.24,E0908,Paid
EXP-007784,E0911,Operations,2026-06-20,Supplies,176.47,E0922,Paid
EXP-007852,E0915,Operations,2026-06-20,Travel,44.57,E0911,Paid
EXP-007889,E0919,Operations,2026-06-20,Travel,87.93,E0898,Paid
EXP-008140,E0939,Sales,2026-06-20,Travel,166.44,E1055,Paid
EXP-008390,E0957,Sales,2026-06-20,Training,66.39,E1032,Paid
EXP-008844,E0993,Sales,2026-06-20,Travel,211.86,E1048,Paid
EXP-009050,E1009,Sales,2026-06-20,Accommodation,49.98,E1040,Paid
EXP-009129,E1018,Sales,2026-06-20,Client entertainment,8.79,E1019,Paid
EXP-009245,E1027,Sales,2026-06-20,Travel,55.42,E0988,Paid
EXP-009842,E1076,Sales,2026-06-20,Travel,110.52,E1047,Paid
EXP-009865,E1077,Sales,2026-06-20,Supplies,273.99,E1064,Paid
EXP-009995,E1087,Sales,2026-06-20,Supplies,61.77,E0942,Paid
EXP-000256,E0047,Finance,2026-06-21,Meals,127.43,E0195,Paid
EXP-001668,E0308,Human Resources,2026-06-21,Supplies,110.56,E0342,Paid
EXP-001702,E0313,Human Resources,2026-06-21,Supplies,16.03,E0376,Paid
EXP-001806,E0331,Human Resources,2026-06-21,Travel,64.8,E0377,Paid
EXP-002050,E0376,Human Resources,2026-06-21,Travel,20.78,E0378,Paid
EXP-002051,E0376,Human Resources,2026-06-21,Client entertainment,22.16,E0378,Paid
EXP-002436,E0447,IT,2026-06-21,Training,171.56,E0379,Paid
EXP-002468,E0455,IT,2026-06-21,Client entertainment,162.27,E0379,Paid
EXP-003284,E0534,Operations,2026-06-21,Travel,106.6,E0925,Paid
EXP-003357,E0539,Operations,2026-06-21,Supplies,43.26,E0912,Paid
EXP-003383,E0541,Operations,2026-06-21,Training,389.63,E0930,Paid
EXP-003540,E0552,Operations,2026-06-21,Meals,59.59,E0911,Paid
EXP-003570,E0555,Operations,2026-06-21,Accommodation,167.98,E0934,Paid
EXP-004033,E0594,Operations,2026-06-21,Accommodation,50.6,E0908,Paid
EXP-004144,E0608,Operations,2026-06-21,Travel,64.44,E0929,Paid
EXP-004369,E0624,Operations,2026-06-21,Training,108.82,E0913,Paid
EXP-004759,E0656,Operations,2026-06-21,Accommodation,93.86,E0920,Paid
EXP-005742,E0744,Operations,2026-06-21,Travel,216.8,E0924,Paid
EXP-006535,E0808,Operations,2026-06-21,Travel,124.62,E0898,Paid
EXP-007688,E0904,Operations,2026-06-21,Meals,232.67,E0915,Paid
EXP-007702,E0904,Operations,2026-06-21,Training,49.31,E0915,Paid
EXP-007723,E0907,Operations,2026-06-21,Training,54.2,E0938,Paid
EXP-007778,E0911,Operations,2026-06-21,Travel,55.62,E0922,Paid
EXP-008222,E0944,Sales,2026-06-21,Meals,193.61,E0957,Paid
EXP-008361,E0955,Sales,2026-06-21,Accommodation,309.96,E1069,Paid
EXP-009144,E1019,Sales,2026-06-21,Travel,150.44,E0984,Paid
EXP-009185,E1022,Sales,2026-06-21,Supplies,78.73,E0970,Paid
EXP-009250,E1028,Sales,2026-06-21,Supplies,131.67,E1026,Paid
EXP-009474,E1044,Sales,2026-06-21,Supplies,231.48,E1072,Paid
EXP-009689,E1063,Sales,2026-06-21,Training,176.91,E1050,Paid
EXP-009814,E1074,Sales,2026-06-21,Travel,61.23,E1064,Paid
EXP-009827,E1075,Sales,2026-06-21,Accommodation,97.74,E1072,Paid
EXP-010321,E1115,Legal,2026-06-21,Supplies,434.61,E1113,Paid
EXP-010389,E1126,Facilities,2026-06-21,Meals,38.85,E1121,Paid
EXP-010919,E1043,Sales,2026-06-21,Client entertainment,902.56,E1099,Paid
EXP-000645,E0118,Finance,2026-06-22,Supplies,177.91,E0210,Paid
EXP-000888,E0167,Finance,2026-06-22,Supplies,50.09,E0190,Paid
EXP-000897,E0169,Finance,2026-06-22,Supplies,53.15,E0199,Paid
EXP-001187,E0220,Procurement,2026-06-22,Meals,139.83,E0268,Paid
EXP-001481,E0273,Procurement,2026-06-22,Supplies,32.93,E0278,Paid
EXP-001837,E0337,Human Resources,2026-06-22,Travel,163.7,E0340,Paid
EXP-002084,E0381,IT,2026-06-22,Client entertainment,94.59,E0379,Paid
EXP-002364,E0434,IT,2026-06-22,Supplies,210.12,E0379,Paid
EXP-002651,E0481,Operations,2026-06-22,Meals,141.43,E0927,Paid
EXP-003280,E0533,Operations,2026-06-22,Travel,347.14,E0918,Paid
EXP-004547,E0638,Operations,2026-06-22,Accommodation,376.83,E0916,Paid
EXP-005529,E0725,Operations,2026-06-22,Accommodation,35.49,E0917,Paid
EXP-005559,E0727,Operations,2026-06-22,Training,26.21,E0906,Paid
EXP-005651,E0736,Operations,2026-06-22,Accommodation,313.51,E0902,Paid
EXP-006245,E0786,Operations,2026-06-22,Client entertainment,64.35,E0901,Paid
EXP-006275,E0789,Operations,2026-06-22,Supplies,458.42,E0897,Paid
EXP-007747,E0908,Operations,2026-06-22,Meals,95.53,E0914,Paid
EXP-007860,E0916,Operations,2026-06-22,Supplies,61.5,E0001,Paid
EXP-008058,E0930,Operations,2026-06-22,Travel,222.68,E0899,Paid
EXP-008359,E0955,Sales,2026-06-22,Travel,248.67,E1069,Paid
EXP-008525,E0968,Sales,2026-06-22,Client entertainment,287.48,E1017,Paid
EXP-009216,E1024,Sales,2026-06-22,Training,302.32,E1074,Paid
EXP-009369,E1036,Sales,2026-06-22,Training,1065.56,E1092,Paid
EXP-009489,E1047,Sales,2026-06-22,Accommodation,159.14,E1071,Paid
EXP-009950,E1084,Sales,2026-06-22,Travel,200.03,E1041,Paid
EXP-010129,E1098,Sales,2026-06-22,Accommodation,36.43,E1042,Paid
EXP-010202,E1103,Sales,2026-06-22,Supplies,256.26,E0975,Paid
EXP-010749,E1195,Facilities,2026-06-22,Supplies,133.13,E1121,Paid
EXP-000472,E0088,Finance,2026-06-23,Supplies,68.87,E0191,Paid
EXP-000532,E0099,Finance,2026-06-23,Supplies,849.09,E0191,Paid
EXP-001278,E0239,Procurement,2026-06-23,Training,56.34,E0277,Paid
EXP-001653,E0305,Human Resources,2026-06-23,Travel,459.4,E0348,Paid
EXP-002948,E0504,Operations,2026-06-23,Training,130.75,E0933,Paid
EXP-003092,E0517,Operations,2026-06-23,Supplies,166.43,E0905,Paid
EXP-003135,E0520,Operations,2026-06-23,Supplies,136.49,E0907,Paid
EXP-003136,E0520,Operations,2026-06-23,Meals,150.23,E0907,Paid
EXP-003182,E0524,Operations,2026-06-23,Meals,110.87,E0903,Paid
EXP-003218,E0526,Operations,2026-06-23,Client entertainment,130.52,E0914,Paid
EXP-003651,E0561,Operations,2026-06-23,Training,96.47,E0914,Paid
EXP-004013,E0591,Operations,2026-06-23,Training,48.51,E0908,Paid
EXP-004352,E0623,Operations,2026-06-23,Meals,107.0,E0909,Paid
EXP-004484,E0633,Operations,2026-06-23,Accommodation,36.61,E0901,Paid
EXP-004950,E0674,Operations,2026-06-23,Supplies,28.02,E0928,Paid
EXP-005190,E0693,Operations,2026-06-23,Client entertainment,83.73,E0938,Paid
EXP-005571,E0728,Operations,2026-06-23,Meals,51.62,E0900,Paid
EXP-005751,E0745,Operations,2026-06-23,Client entertainment,54.86,E0938,Paid
EXP-005852,E0754,Operations,2026-06-23,Meals,74.88,E0924,Paid
EXP-007034,E0850,Operations,2026-06-23,Travel,94.61,E0918,Paid
EXP-007120,E0857,Operations,2026-06-23,Accommodation,110.54,E0937,Paid
EXP-007185,E0862,Operations,2026-06-23,Client entertainment,32.25,E0924,Paid
EXP-007635,E0900,Operations,2026-06-23,Travel,129.04,E0935,Paid
EXP-007773,E0910,Operations,2026-06-23,Client entertainment,85.95,E0917,Paid
EXP-008586,E0972,Sales,2026-06-23,Accommodation,65.66,E1087,Paid
EXP-008837,E0992,Sales,2026-06-23,Travel,88.68,E1060,Paid
EXP-009397,E1038,Sales,2026-06-23,Accommodation,127.69,E1055,Paid
EXP-009795,E1071,Sales,2026-06-23,Training,152.8,E0953,Paid
EXP-010169,E1101,Sales,2026-06-23,Meals,83.95,E1039,Paid
EXP-010233,E1105,Sales,2026-06-23,Client entertainment,119.07,E0953,Paid
EXP-010287,E1109,Legal,2026-06-23,Training,81.47,E1120,Paid
EXP-010439,E1141,Facilities,2026-06-23,Accommodation,54.45,E1121,Paid
EXP-010817,E0965,Sales,2026-06-23,Client entertainment,915.12,E0976,Paid
EXP-000106,E0022,Finance,2026-06-24,Client entertainment,149.76,E0197,Paid
EXP-000180,E0035,Finance,2026-06-24,Supplies,60.0,E0190,Paid
EXP-000351,E0066,Finance,2026-06-24,Training,53.47,E0194,Paid
EXP-000387,E0072,Finance,2026-06-24,Travel,78.07,E0198,Paid
EXP-000487,E0090,Finance,2026-06-24,Supplies,64.41,E0208,Paid
EXP-000844,E0159,Finance,2026-06-24,Travel,127.0,E0202,Paid
EXP-000987,E0181,Finance,2026-06-24,Client entertainment,129.83,E0198,Paid
EXP-001085,E0195,Finance,2026-06-24,Meals,84.54,E0204,Paid
EXP-001086,E0195,Finance,2026-06-24,Travel,324.01,E0204,Paid
EXP-001758,E0323,Human Resources,2026-06-24,Supplies,42.89,E0340,Paid
EXP-002194,E0402,IT,2026-06-24,Travel,207.82,E0379,Paid
EXP-002304,E0422,IT,2026-06-24,Supplies,211.29,E0379,Paid
EXP-002479,E0457,IT,2026-06-24,Client entertainment,208.56,E0379,Paid
EXP-002618,E0480,Operations,2026-06-24,Supplies,40.01,E0903,Paid
EXP-002834,E0495,Operations,2026-06-24,Supplies,44.09,E0900,Paid
EXP-003595,E0557,Operations,2026-06-24,Client entertainment,230.31,E0897,Paid
EXP-003643,E0560,Operations,2026-06-24,Meals,52.2,E0907,Paid
EXP-003962,E0587,Operations,2026-06-24,Client entertainment,39.84,E0906,Paid
EXP-004317,E0620,Operations,2026-06-24,Accommodation,529.45,E0921,Paid
EXP-004497,E0635,Operations,2026-06-24,Meals,97.96,E0928,Paid
EXP-004707,E0651,Operations,2026-06-24,Travel,53.29,E0917,Paid
EXP-005534,E0725,Operations,2026-06-24,Supplies,89.06,E0917,Paid
EXP-006308,E0792,Operations,2026-06-24,Supplies,247.33,E0916,Paid
EXP-006446,E0801,Operations,2026-06-24,Client entertainment,42.67,E0903,Paid
EXP-006636,E0818,Operations,2026-06-24,Travel,132.61,E0931,Paid
EXP-007381,E0880,Operations,2026-06-24,Travel,247.59,E0914,Paid
EXP-007551,E0892,Operations,2026-06-24,Client entertainment,178.34,E0899,Paid
EXP-007998,E0926,Operations,2026-06-24,Meals,74.88,E0906,Paid
EXP-008102,E0934,Operations,2026-06-24,Meals,82.27,E0916,Paid
EXP-008369,E0956,Sales,2026-06-24,Meals,93.36,E1104,Paid
EXP-009137,E1019,Sales,2026-06-24,Travel,268.35,E0984,Paid
EXP-009162,E1021,Sales,2026-06-24,Client entertainment,187.7,E1010,Paid
EXP-009824,E1075,Sales,2026-06-24,Travel,25.57,E1072,Paid
EXP-010046,E1092,Sales,2026-06-24,Client entertainment,77.64,E1057,Paid
EXP-010188,E1102,Sales,2026-06-24,Meals,72.97,E1067,Paid
EXP-010190,E1102,Sales,2026-06-24,Training,52.72,E1067,Paid
EXP-010279,E1108,Legal,2026-06-24,Travel,74.19,E1110,Paid
EXP-010457,E1144,Facilities,2026-06-24,Accommodation,156.85,E1121,Paid
EXP-010779,E1200,Facilities,2026-06-24,Meals,13.33,E1121,Paid
EXP-010968,E0641,Operations,2026-06-24,Supplies,200.0,E0912,Paid
EXP-000152,E0032,Finance,2026-06-25,Accommodation,46.52,E0194,Paid
EXP-000431,E0081,Finance,2026-06-25,Meals,145.75,E0209,Paid
EXP-000700,E0126,Finance,2026-06-25,Client entertainment,107.05,E0205,Paid
EXP-001279,E0239,Procurement,2026-06-25,Accommodation,228.18,E0277,Paid
EXP-002093,E0383,IT,2026-06-25,Meals,123.48,E0379,Paid
EXP-002733,E0487,Operations,2026-06-25,Client entertainment,35.71,E0937,Paid
EXP-003227,E0527,Operations,2026-06-25,Client entertainment,277.71,E0916,Paid
EXP-003413,E0543,Operations,2026-06-25,Training,88.19,E0914,Paid
EXP-003678,E0563,Operations,2026-06-25,Travel,21.58,E0916,Paid
EXP-004411,E0626,Operations,2026-06-25,Travel,120.05,E0910,Paid
EXP-004782,E0659,Operations,2026-06-25,Training,19.94,E0928,Paid
EXP-005156,E0691,Operations,2026-06-25,Client entertainment,170.16,E0930,Paid
EXP-005481,E0721,Operations,2026-06-25,Meals,91.45,E0914,Paid
EXP-005626,E0734,Operations,2026-06-25,Meals,67.97,E0921,Paid
EXP-006042,E0769,Operations,2026-06-25,Meals,108.32,E0928,Paid
EXP-006115,E0775,Operations,2026-06-25,Travel,68.8,E0907,Paid
EXP-006203,E0784,Operations,2026-06-25,Training,89.11,E0916,Paid
EXP-006853,E0834,Operations,2026-06-25,Training,64.66,E0933,Paid
EXP-007524,E0890,Operations,2026-06-25,Training,82.35,E0901,Paid
EXP-007712,E0906,Operations,2026-06-25,Training,46.33,E0937,Paid
EXP-007768,E0910,Operations,2026-06-25,Supplies,143.66,E0917,Paid
EXP-008178,E0941,Sales,2026-06-25,Accommodation,97.58,E1024,Paid
EXP-008249,E0946,Sales,2026-06-25,Travel,39.45,E0992,Paid
EXP-008708,E0982,Sales,2026-06-25,Supplies,176.18,E0956,Paid
EXP-009034,E1009,Sales,2026-06-25,Client entertainment,112.85,E1040,Paid
EXP-009304,E1032,Sales,2026-06-25,Meals,280.61,E1066,Paid
EXP-009852,E1076,Sales,2026-06-25,Meals,274.66,E1047,Paid
EXP-010889,E1033,Sales,2026-06-25,Client entertainment,951.47,E1044,Paid
EXP-000083,E0018,Finance,2026-06-26,Supplies,228.45,E0210,Paid
EXP-000142,E0031,Finance,2026-06-26,Meals,174.56,E0201,Paid
EXP-000242,E0044,Finance,2026-06-26,Accommodation,191.58,E0194,Paid
EXP-001439,E0267,Procurement,2026-06-26,Supplies,164.83,E0270,Paid
EXP-002073,E0380,IT,2026-06-26,Travel,103.81,E0379,Paid
EXP-003463,E0546,Operations,2026-06-26,Supplies,48.25,E0933,Paid
EXP-003702,E0565,Operations,2026-06-26,Meals,27.39,E0917,Paid
EXP-004198,E0612,Operations,2026-06-26,Supplies,33.63,E0922,Paid
EXP-004704,E0651,Operations,2026-06-26,Travel,64.85,E0917,Paid
EXP-004806,E0661,Operations,2026-06-26,Travel,35.76,E0916,Paid
EXP-005946,E0762,Operations,2026-06-26,Training,224.84,E0912,Paid
EXP-006250,E0787,Operations,2026-06-26,Client entertainment,76.04,E0915,Paid
EXP-006404,E0799,Operations,2026-06-26,Travel,57.55,E0914,Paid
EXP-006959,E0843,Operations,2026-06-26,Travel,63.09,E0897,Paid
EXP-007440,E0883,Operations,2026-06-26,Meals,150.23,E0898,Paid
EXP-007927,E0922,Operations,2026-06-26,Travel,76.21,E0936,Paid
EXP-008284,E0948,Sales,2026-06-26,Client entertainment,118.14,E0976,Paid
EXP-008354,E0955,Sales,2026-06-26,Accommodation,21.87,E1069,Paid
EXP-008618,E0975,Sales,2026-06-26,Meals,141.3,E1046,Paid
EXP-009030,E1008,Sales,2026-06-26,Client entertainment,56.56,E0986,Paid
EXP-009603,E1057,Sales,2026-06-26,Training,49.44,E0958,Paid
EXP-009799,E1072,Sales,2026-06-26,Client entertainment,59.38,E0973,Paid
EXP-009836,E1075,Sales,2026-06-26,Travel,231.06,E1072,Paid
EXP-010408,E1131,Facilities,2026-06-26,Accommodation,177.33,E1121,Paid
EXP-010533,E1158,Facilities,2026-06-26,Meals,137.74,E1121,Paid
EXP-010560,E1164,Facilities,2026-06-26,Supplies,104.15,E1121,Paid
EXP-010830,E0965,Sales,2026-06-26,Client entertainment,978.52,E0976,Paid
EXP-000443,E0084,Finance,2026-06-27,Travel,82.11,E0207,Paid
EXP-001183,E0220,Procurement,2026-06-27,Training,599.06,E0268,Paid
EXP-001548,E0285,Procurement,2026-06-27,Client entertainment,185.19,E0277,Paid
EXP-001736,E0320,Human Resources,2026-06-27,Supplies,209.91,E0378,Paid
EXP-001763,E0324,Human Resources,2026-06-27,Meals,160.48,E0377,Paid
EXP-002006,E0369,Human Resources,2026-06-27,Travel,156.14,E0340,Paid
EXP-003496,E0548,Operations,2026-06-27,Supplies,38.37,E0909,Paid
EXP-003516,E0549,Operations,2026-06-27,Accommodation,162.24,E0923,Paid
EXP-003605,E0558,Operations,2026-06-27,Supplies,42.2,E0906,Paid
EXP-004218,E0613,Operations,2026-06-27,Travel,44.08,E0929,Paid
EXP-004651,E0647,Operations,2026-06-27,Client entertainment,136.35,E0934,Paid
EXP-004804,E0661,Operations,2026-06-27,Client entertainment,244.79,E0916,Paid
EXP-005429,E0718,Operations,2026-06-27,Accommodation,61.0,E0913,Paid
EXP-005716,E0741,Operations,2026-06-27,Supplies,107.24,E0918,Paid
EXP-006021,E0768,Operations,2026-06-27,Client entertainment,80.71,E0912,Paid
EXP-006779,E0830,Operations,2026-06-27,Accommodation,39.75,E0917,Paid
EXP-006901,E0839,Operations,2026-06-27,Accommodation,170.05,E0933,Paid
EXP-006970,E0844,Operations,2026-06-27,Supplies,414.34,E0914,Paid
EXP-007023,E0849,Operations,2026-06-27,Training,179.27,E0932,Paid
EXP-007576,E0894,Operations,2026-06-27,Training,42.02,E0908,Paid
EXP-008014,E0927,Operations,2026-06-27,Client entertainment,43.87,E0907,Paid
EXP-008817,E0991,Sales,2026-06-27,Supplies,73.54,E0958,Paid
EXP-009092,E1015,Sales,2026-06-27,Training,37.27,E1034,Paid
EXP-009256,E1028,Sales,2026-06-27,Meals,31.36,E1026,Paid
EXP-009652,E1060,Sales,2026-06-27,Travel,104.69,E1069,Paid
EXP-000108,E0024,Finance,2026-06-28,Client entertainment,168.0,E0201,Paid
EXP-000213,E0040,Finance,2026-06-28,Client entertainment,309.34,E0200,Paid
EXP-001325,E0248,Procurement,2026-06-28,Training,234.78,E0270,Paid
EXP-001714,E0315,Human Resources,2026-06-28,Meals,17.94,E0343,Paid
EXP-004162,E0609,Operations,2026-06-28,Client entertainment,168.71,E0913,Paid
EXP-004878,E0669,Operations,2026-06-28,Accommodation,73.35,E0900,Paid
EXP-004995,E0678,Operations,2026-06-28,Client entertainment,104.9,E0918,Paid
EXP-005092,E0685,Operations,2026-06-28,Training,294.49,E0907,Paid
EXP-005459,E0720,Operations,2026-06-28,Meals,68.62,E0920,Paid
EXP-006496,E0805,Operations,2026-06-28,Travel,391.8,E0900,Paid
EXP-006824,E0833,Operations,2026-06-28,Accommodation,149.54,E0925,Paid
EXP-007063,E0852,Operations,2026-06-28,Client entertainment,172.62,E0914,Paid
EXP-007280,E0871,Operations,2026-06-28,Accommodation,71.52,E0899,Paid
EXP-007363,E0878,Operations,2026-06-28,Training,310.18,E0923,Paid
EXP-007378,E0880,Operations,2026-06-28,Training,68.81,E0914,Paid
EXP-007679,E0903,Operations,2026-06-28,Training,15.97,E0931,Paid
EXP-007710,E0906,Operations,2026-06-28,Client entertainment,179.97,E0937,Paid
EXP-007896,E0919,Operations,2026-06-28,Client entertainment,43.93,E0898,Paid
EXP-007960,E0923,Operations,2026-06-28,Meals,56.75,E0914,Paid
EXP-008130,E0937,Operations,2026-06-28,Accommodation,125.69,E0910,Paid
EXP-008141,E0939,Sales,2026-06-28,Supplies,88.15,E1055,Paid
EXP-008171,E0941,Sales,2026-06-28,Accommodation,78.82,E1024,Paid
EXP-008215,E0943,Sales,2026-06-28,Meals,28.63,E0972,Paid
EXP-008853,E0993,Sales,2026-06-28,Client entertainment,79.1,E1048,Paid
EXP-008919,E0999,Sales,2026-06-28,Training,31.75,E0992,Paid
EXP-009172,E1021,Sales,2026-06-28,Travel,73.2,E1010,Paid
EXP-009706,E1064,Sales,2026-06-28,Training,169.94,E1053,Paid
EXP-010459,E1146,Facilities,2026-06-28,Supplies,38.26,E1121,Paid
EXP-000599,E0110,Finance,2026-06-29,Supplies,95.94,E0202,Paid
EXP-000761,E0139,Finance,2026-06-29,Accommodation,40.6,E0209,Paid
EXP-000943,E0175,Finance,2026-06-29,Supplies,30.65,E0195,Paid
EXP-001294,E0242,Procurement,2026-06-29,Supplies,14.72,E0267,Paid
EXP-001483,E0274,Procurement,2026-06-29,Meals,49.72,E0276,Paid
EXP-001501,E0276,Procurement,2026-06-29,Meals,18.93,E0001,Paid
EXP-001830,E0335,Human Resources,2026-06-29,Accommodation,126.47,E0374,Paid
EXP-002393,E0441,IT,2026-06-29,Supplies,1165.76,E0379,Paid
EXP-002689,E0485,Operations,2026-06-29,Accommodation,478.69,E0903,Paid
EXP-002966,E0506,Operations,2026-06-29,Training,36.44,E0899,Paid
EXP-003547,E0553,Operations,2026-06-29,Accommodation,140.06,E0919,Paid
EXP-003558,E0554,Operations,2026-06-29,Training,97.39,E0918,Paid
EXP-003774,E0571,Operations,2026-06-29,Training,13.06,E0906,Paid
EXP-004232,E0613,Operations,2026-06-29,Client entertainment,153.4,E0929,Paid
EXP-004303,E0619,Operations,2026-06-29,Training,174.5,E0910,Paid
EXP-005307,E0703,Operations,2026-06-29,Meals,186.71,E0900,Paid
EXP-005335,E0706,Operations,2026-06-29,Meals,93.66,E0918,Paid
EXP-005587,E0730,Operations,2026-06-29,Training,47.33,E0900,Paid
EXP-005709,E0739,Operations,2026-06-29,Meals,1369.68,E0930,Paid
EXP-006139,E0777,Operations,2026-06-29,Travel,53.15,E0907,Paid
EXP-006726,E0826,Operations,2026-06-29,Training,64.87,E0934,Paid
EXP-007469,E0886,Operations,2026-06-29,Supplies,113.44,E0914,Paid
EXP-008080,E0932,Operations,2026-06-29,Travel,443.85,E0930,Paid
EXP-008492,E0965,Sales,2026-06-29,Supplies,86.54,E0976,Paid
EXP-009707,E1064,Sales,2026-06-29,Supplies,87.84,E1053,Paid
EXP-009948,E1082,Sales,2026-06-29,Accommodation,368.81,E1002,Paid
EXP-010419,E1136,Facilities,2026-06-29,Accommodation,103.17,E1121,Paid
EXP-010845,E0965,Sales,2026-06-29,Client entertainment,988.03,E0976,Paid
EXP-010932,E1064,Sales,2026-06-29,Supplies,87.84,E1053,Paid
EXP-000736,E0136,Finance,2026-06-30,Client entertainment,71.17,E0201,Paid
EXP-000815,E0154,Finance,2026-06-30,Client entertainment,1153.29,E0197,Paid
EXP-001416,E0262,Procurement,2026-06-30,Client entertainment,19.97,E0269,Paid
EXP-001937,E0355,Human Resources,2026-06-30,Training,87.57,E0347,Paid
EXP-003322,E0536,Operations,2026-06-30,Client entertainment,102.41,E0910,Paid
EXP-003970,E0587,Operations,2026-06-30,Accommodation,362.13,E0906,Paid
EXP-004387,E0625,Operations,2026-06-30,Supplies,61.44,E0926,Paid
EXP-004555,E0639,Operations,2026-06-30,Supplies,27.79,E0921,Paid
EXP-005002,E0679,Operations,2026-06-30,Meals,37.61,E0914,Paid
EXP-005099,E0686,Operations,2026-06-30,Supplies,311.87,E0909,Paid
EXP-005153,E0690,Operations,2026-06-30,Supplies,24.07,E0918,Paid
EXP-005625,E0733,Operations,2026-06-30,Client entertainment,41.23,E0919,Paid
EXP-006497,E0805,Operations,2026-06-30,Meals,62.76,E0900,Paid
EXP-006833,E0833,Operations,2026-06-30,Meals,486.29,E0925,Paid
EXP-007066,E0852,Operations,2026-06-30,Supplies,65.46,E0914,Paid
EXP-007791,E0912,Operations,2026-06-30,Training,62.0,E0900,Paid
EXP-007813,E0913,Operations,2026-06-30,Accommodation,73.73,E0927,Paid
EXP-008344,E0954,Sales,2026-06-30,Meals,118.43,E1085,Paid
EXP-008430,E0961,Sales,2026-06-30,Supplies,88.31,E1097,Paid
EXP-008505,E0966,Sales,2026-06-30,Training,50.4,E1012,Paid
EXP-009029,E1008,Sales,2026-06-30,Client entertainment,86.99,E0986,Paid
EXP-009396,E1038,Sales,2026-06-30,Travel,92.57,E1055,Paid
EXP-009609,E1057,Sales,2026-06-30,Supplies,142.18,E0958,Paid
EXP-009697,E1064,Sales,2026-06-30,Supplies,48.78,E1053,Paid
EXP-009987,E1086,Sales,2026-06-30,Meals,133.71,E0959,Paid
EXP-010147,E1099,Sales,2026-06-30,Accommodation,132.36,E1097,Paid
EXP-010687,E1185,Facilities,2026-06-30,Accommodation,190.84,E1121,Paid
